{"_wandb":{"runtime":19},"_timestamp":1.742211273263468e+09,"train_loss":0.027472774292210365,"epoch":9,"sample_images":{"path":"media/images/sample_images_0_57b003a7d23e5882d9ff.png","format":"png","width":1200,"height":600,"_type":"image-file","sha256":"57b003a7d23e5882d9ff9f9a6bb1d526260d55d6a1b1981a717e6d9dd04adab5","size":15278},"_step":12,"val_loss":0.07946317252679906,"train_accuracy":99.19444444444444,"val_accuracy":97.85000000000001,"learning_curves":{"format":"png","width":1500,"height":500,"_type":"image-file","sha256":"0e5bbdef41d58c52e0574b069a21129d35f0b2bdeef7770e78f98f74143a5ee1","size":53181,"path":"media/images/learning_curves_12_0e5bbdef41d58c52e057.png"},"_runtime":19.404792,"test_accuracy":97.67,"test_loss":0.0796638259633787}