{"learning_curves":{"width":1500,"height":500,"_type":"image-file","sha256":"5898df5ed43bfd0ced755a387537f8647e6012171d0f5b7ab0d6ed8581f85d30","size":60208,"path":"media/images/learning_curves_12_5898df5ed43bfd0ced75.png","format":"png"},"val_loss":0.2766033316995496,"_timestamp":1.742139784958546e+09,"train_loss":0.27784405348470065,"_wandb":{"runtime":21},"_step":12,"epoch":9,"test_accuracy":92.17999999999999,"val_accuracy":92.56666666666666,"train_accuracy":92.38148148148149,"test_loss":0.2825293454917585,"sample_images":{"_type":"image-file","sha256":"57b003a7d23e5882d9ff9f9a6bb1d526260d55d6a1b1981a717e6d9dd04adab5","size":15278,"path":"media/images/sample_images_0_57b003a7d23e5882d9ff.png","format":"png","width":1200,"height":600},"_runtime":21.4495758}