{"val_loss":1.2039099367940138,"learning_curves":{"height":500,"_type":"image-file","sha256":"b2ca0ed8a681512b4edd31607d026f7e92f73b64067f26aecce9193d575fc85d","size":62921,"path":"media/images/learning_curves_12_b2ca0ed8a681512b4edd.png","format":"png","width":1500},"epoch":9,"test_loss":1.2023441818804577,"_timestamp":1.7422137496847987e+09,"train_accuracy":59.78703703703704,"_runtime":22.4830177,"sample_images":{"height":600,"_type":"image-file","sha256":"57b003a7d23e5882d9ff9f9a6bb1d526260d55d6a1b1981a717e6d9dd04adab5","size":15278,"path":"media/images/sample_images_0_57b003a7d23e5882d9ff.png","format":"png","width":1200},"val_accuracy":59.916666666666664,"train_loss":1.2422517989798512,"_step":12,"test_accuracy":60.919999999999995,"_wandb":{"runtime":22}}