{"train_accuracy":89.32222222222222,"val_loss":0.3838175855238755,"learning_curves":{"_type":"image-file","sha256":"0377da5cd085dd568b935e2c1ca94eb19a3b267154e8237ada7a9826d86a6a8f","size":46717,"path":"media/images/learning_curves_7_0377da5cd085dd568b93.png","format":"png","width":1500,"height":500},"test_accuracy":88.92,"val_accuracy":89.16666666666667,"train_loss":0.43619690599867117,"_runtime":11.1556619,"test_loss":0.4005230256737261,"sample_images":{"format":"png","width":1200,"height":600,"_type":"image-file","sha256":"57b003a7d23e5882d9ff9f9a6bb1d526260d55d6a1b1981a717e6d9dd04adab5","size":15278,"path":"media/images/sample_images_0_57b003a7d23e5882d9ff.png"},"_wandb":{"runtime":11},"epoch":4,"_step":7,"_timestamp":1.742189558481962e+09}