{"train_accuracy":91.79444444444445,"_wandb":{"runtime":29},"test_accuracy":90.52,"_runtime":29.3449797,"learning_curves":{"_type":"image-file","sha256":"e282f42de36a44e6af12c401fb9007bdf2e0cd54e4a981c8ed1d78c58b2088b8","size":67231,"path":"media/images/learning_curves_17_e282f42de36a44e6af12.png","format":"png","width":1500,"height":500},"test_loss":0.33493900278360483,"_step":17,"val_loss":0.33230973293728194,"train_loss":0.2984919735064323,"_timestamp":1.7415886308557956e+09,"sample_images":{"_type":"image-file","sha256":"57b003a7d23e5882d9ff9f9a6bb1d526260d55d6a1b1981a717e6d9dd04adab5","size":15278,"path":"media/images/sample_images_0_57b003a7d23e5882d9ff.png","format":"png","width":1200,"height":600},"val_accuracy":90.16666666666666,"epoch":14}