{"train_loss":0.08072594204771542,"train_accuracy":98.51851851851852,"val_accuracy":97.1,"test_loss":0.11588528437021621,"_runtime":16.4841404,"sample_images":{"width":1200,"height":600,"_type":"image-file","sha256":"57b003a7d23e5882d9ff9f9a6bb1d526260d55d6a1b1981a717e6d9dd04adab5","size":15278,"path":"media/images/sample_images_0_57b003a7d23e5882d9ff.png","format":"png"},"_timestamp":1.7422116278138115e+09,"_wandb":{"runtime":16},"_step":17,"val_loss":0.10252691407199596,"learning_curves":{"sha256":"a246f2cc24ab7bef31ed0eddcc6ccdcf10a72d62696bb316b4b2c260813e38b5","size":48948,"path":"media/images/learning_curves_17_a246f2cc24ab7bef31ed.png","format":"png","width":1500,"height":500,"_type":"image-file"},"test_accuracy":96.89999999999999,"epoch":14}