{"_step":12,"_timestamp":1.7422125652573879e+09,"learning_curves":{"sha256":"2b4ca82e9118b944868b718e52bbd3db6b990e33b57fce5c2c29f66a25a69f53","size":46601,"path":"media/images/learning_curves_12_2b4ca82e9118b944868b.png","format":"png","width":1500,"height":500,"_type":"image-file"},"val_loss":0.0933867554434071,"train_accuracy":99,"sample_images":{"width":1200,"height":600,"_type":"image-file","sha256":"57b003a7d23e5882d9ff9f9a6bb1d526260d55d6a1b1981a717e6d9dd04adab5","size":15278,"path":"media/images/sample_images_0_57b003a7d23e5882d9ff.png","format":"png"},"train_loss":0.03599754461768642,"_wandb":{"runtime":20},"val_accuracy":97.46666666666667,"test_loss":0.1058295809858394,"epoch":9,"_runtime":20.4243788,"test_accuracy":97.18}