{"val_loss":0.35173619986299914,"learning_curves":{"width":1500,"height":500,"_type":"image-file","sha256":"ece40fdb9a44120214f60b98ac3ca5e78b5aa1ddfc9efb7ed222b77727e7ac28","size":49231,"path":"media/images/learning_curves_17_ece40fdb9a44120214f6.png","format":"png"},"val_accuracy":87.64999999999999,"epoch":14,"train_loss":0.4294151302448373,"_wandb":{"runtime":114},"sample_images":{"path":"media/images/sample_images_0_77ee7a6052947e5d44d9.png","format":"png","width":1200,"height":600,"_type":"image-file","sha256":"77ee7a6052947e5d44d9fa2d7ba2735f1b3e51413e8c4eee21f851f552664b7b","size":31364},"test_loss":0.3862858107364973,"_step":17,"_timestamp":1.7421423764173477e+09,"test_accuracy":85.86,"_runtime":114.0058222,"train_accuracy":87.73703703703704}