{"_step":12,"epoch":9,"train_accuracy":97.48333333333333,"_wandb":{"runtime":77},"sample_images":{"path":"media/images/sample_images_0_57b003a7d23e5882d9ff.png","format":"png","width":1200,"height":600,"_type":"image-file","sha256":"57b003a7d23e5882d9ff9f9a6bb1d526260d55d6a1b1981a717e6d9dd04adab5","size":15278},"_timestamp":1.7415896511814115e+09,"val_accuracy":97.21666666666667,"val_loss":0.09610981287009018,"learning_curves":{"width":1500,"height":500,"_type":"image-file","sha256":"37a438eb2324113894a10ca8d1713fc2e9da337a320afc691a7c5d28bd5d207b","size":56157,"path":"media/images/learning_curves_12_37a438eb2324113894a1.png","format":"png"},"train_loss":0.17934895786333607,"test_loss":0.08860914039463455,"test_accuracy":97.02,"_runtime":77.4548357}