{"_timestamp":1.7421873037565901e+09,"_runtime":25.331883,"_wandb":{"runtime":25},"_step":17,"epoch":14,"train_accuracy":97.09074074074074,"sample_images":{"_type":"image-file","sha256":"57b003a7d23e5882d9ff9f9a6bb1d526260d55d6a1b1981a717e6d9dd04adab5","size":15278,"path":"media/images/sample_images_0_57b003a7d23e5882d9ff.png","format":"png","width":1200,"height":600},"test_accuracy":95.92,"learning_curves":{"_type":"image-file","sha256":"e79033cdcccdf204600e418d22120abd8b89395a70de62b68d67bd2f4e41e7a8","size":51598,"path":"media/images/learning_curves_17_e79033cdcccdf204600e.png","format":"png","width":1500,"height":500},"val_accuracy":96.45,"train_loss":0.1000907243158542,"val_loss":0.120851967398895,"test_loss":0.1329819064726408}