{"val_accuracy":83.8,"_timestamp":1.7415924522014885e+09,"test_accuracy":82.95,"learning_curves":{"sha256":"be5638825d0488ec9fe21871d206585ca3773458e0414c235f0c93d1cea27cdb","size":79724,"path":"media/images/learning_curves_17_be5638825d0488ec9fe2.png","format":"png","width":1500,"height":500,"_type":"image-file"},"_step":17,"sample_images":{"width":1200,"height":600,"_type":"image-file","sha256":"77ee7a6052947e5d44d9fa2d7ba2735f1b3e51413e8c4eee21f851f552664b7b","size":31364,"path":"media/images/sample_images_0_77ee7a6052947e5d44d9.png","format":"png"},"test_loss":0.49419571232926857,"_wandb":{"runtime":12},"val_loss":0.4591052726815101,"epoch":14,"train_accuracy":83.72592592592592,"train_loss":0.5087711153717894,"_runtime":12.7021134}