{"test_loss":2.3053353125967853,"learning_curves":{"path":"media/images/learning_curves_7_4d26630453e56a8259b0.png","format":"png","width":1500,"height":500,"_type":"image-file","sha256":"4d26630453e56a8259b09551bd77c1d69675e5228a40faf04ef8cb3681769d19","size":57387},"epoch":4,"_step":7,"val_loss":2.306857236084796,"train_accuracy":10.448148148148148,"val_accuracy":9.816666666666666,"test_accuracy":10.100000000000001,"_wandb":{"runtime":5},"sample_images":{"_type":"image-file","sha256":"57b003a7d23e5882d9ff9f9a6bb1d526260d55d6a1b1981a717e6d9dd04adab5","size":15278,"path":"media/images/sample_images_0_57b003a7d23e5882d9ff.png","format":"png","width":1200,"height":600},"_runtime":5.8153376,"_timestamp":1.7421859524792366e+09,"train_loss":2.307586531687747}