{"_wandb":{"runtime":23},"_timestamp":1.742140508405432e+09,"train_accuracy":90.8537037037037,"val_accuracy":90.06666666666666,"train_loss":0.31793999353965346,"sample_images":{"size":15278,"path":"media/images/sample_images_0_57b003a7d23e5882d9ff.png","format":"png","width":1200,"height":600,"_type":"image-file","sha256":"57b003a7d23e5882d9ff9f9a6bb1d526260d55d6a1b1981a717e6d9dd04adab5"},"val_loss":0.35970602401867235,"test_loss":0.3590514552257146,"_runtime":23.411081,"epoch":14,"_step":17,"test_accuracy":90.18,"learning_curves":{"sha256":"b50b822ac935aa9ae5849c32ee2f886dbfbf6e5edd19ebc48bac36aab8379dc6","size":72701,"path":"media/images/learning_curves_17_b50b822ac935aa9ae584.png","format":"png","width":1500,"height":500,"_type":"image-file"}}