{"_runtime":21.5998691,"epoch":9,"test_accuracy":94.39,"_step":12,"test_loss":0.2003286461628186,"_wandb":{"runtime":21},"val_loss":0.20047136829726528,"sample_images":{"width":1200,"height":600,"_type":"image-file","sha256":"57b003a7d23e5882d9ff9f9a6bb1d526260d55d6a1b1981a717e6d9dd04adab5","size":15278,"path":"media/images/sample_images_0_57b003a7d23e5882d9ff.png","format":"png"},"_timestamp":1.742212449130906e+09,"learning_curves":{"size":65529,"path":"media/images/learning_curves_12_23d7d2e6843d56f81c3c.png","format":"png","width":1500,"height":500,"_type":"image-file","sha256":"23d7d2e6843d56f81c3c22317c252ced80063acf9b6bf6d5772aeee3214da2f7"},"train_loss":0.16596414889137703,"train_accuracy":95.50925925925927,"val_accuracy":94.18333333333334}