{"_step":7,"train_accuracy":20.53148148148148,"train_loss":2.1225696381579398,"val_accuracy":22.133333333333333,"epoch":4,"test_loss":2.0974629392434276,"sample_images":{"path":"media/images/sample_images_0_77ee7a6052947e5d44d9.png","format":"png","width":1200,"height":600,"_type":"image-file","sha256":"77ee7a6052947e5d44d9fa2d7ba2735f1b3e51413e8c4eee21f851f552664b7b","size":31364},"learning_curves":{"width":1500,"height":500,"_type":"image-file","sha256":"8c11e8eb5cac14f1c36d39667f1511578cca50fa1390f809736c918890314373","size":64038,"path":"media/images/learning_curves_7_8c11e8eb5cac14f1c36d.png","format":"png"},"test_accuracy":22.33,"_wandb":{"runtime":5},"_runtime":5.0795407,"_timestamp":1.742137957838562e+09,"val_loss":2.099007687329938}