{"epoch":14,"test_accuracy":91.74,"_step":17,"train_accuracy":91.84814814814814,"_wandb":{"runtime":12},"_timestamp":1.7421888803715703e+09,"sample_images":{"path":"media/images/sample_images_0_57b003a7d23e5882d9ff.png","format":"png","width":1200,"height":600,"_type":"image-file","sha256":"57b003a7d23e5882d9ff9f9a6bb1d526260d55d6a1b1981a717e6d9dd04adab5","size":15278},"val_loss":0.2948980300425583,"learning_curves":{"width":1500,"height":500,"_type":"image-file","sha256":"8b76b32e479182343b05c15ed744d1173db8393c3d8283b4d51756aad07db6ef","size":68906,"path":"media/images/learning_curves_17_8b76b32e479182343b05.png","format":"png"},"train_loss":0.30113595115252434,"test_loss":0.2929509714021739,"_runtime":12.1670704,"val_accuracy":91.61666666666667}