{"_timestamp":1.7422154302768998e+09,"val_accuracy":97.39999999999999,"test_loss":0.08621335807931023,"train_accuracy":98.29629629629629,"learning_curves":{"size":51847,"path":"media/images/learning_curves_17_85881f9c01320506be42.png","format":"png","width":1500,"height":500,"_type":"image-file","sha256":"85881f9c01320506be425bb57bd546644ff663b65294c1716de9503bb1af4327"},"epoch":14,"_runtime":34.3895648,"sample_images":{"_type":"image-file","sha256":"57b003a7d23e5882d9ff9f9a6bb1d526260d55d6a1b1981a717e6d9dd04adab5","size":15278,"path":"media/images/sample_images_0_57b003a7d23e5882d9ff.png","format":"png","width":1200,"height":600},"test_accuracy":97.39999999999999,"_wandb":{"runtime":34},"_step":17,"val_loss":0.08820356790571432,"train_loss":0.059844377070236744}