{"learning_curves":{"_type":"image-file","sha256":"f68b66d765c2748280d98b457b919cdddc816422ef0f0f3c505babdbc1c3b01e","size":55292,"path":"media/images/learning_curves_17_f68b66d765c2748280d9.png","format":"png","width":1500,"height":500},"train_loss":0.2832026119112224,"val_loss":0.26239401214586516,"test_accuracy":92.47,"train_accuracy":92.67407407407407,"sample_images":{"sha256":"57b003a7d23e5882d9ff9f9a6bb1d526260d55d6a1b1981a717e6d9dd04adab5","size":15278,"path":"media/images/sample_images_0_57b003a7d23e5882d9ff.png","format":"png","width":1200,"height":600,"_type":"image-file"},"_runtime":42.4121188,"val_accuracy":92.55,"epoch":14,"_timestamp":1.7422155269771109e+09,"_step":17,"test_loss":0.2722577033395703,"_wandb":{"runtime":42}}