{"train_accuracy":99.38148148148149,"val_accuracy":97.06666666666666,"test_loss":0.13752166765030158,"sample_images":{"_type":"image-file","sha256":"57b003a7d23e5882d9ff9f9a6bb1d526260d55d6a1b1981a717e6d9dd04adab5","size":15278,"path":"media/images/sample_images_0_57b003a7d23e5882d9ff.png","format":"png","width":1200,"height":600},"epoch":14,"val_loss":0.12322907209104142,"test_accuracy":96.89,"_timestamp":1.7421886335723672e+09,"learning_curves":{"path":"media/images/learning_curves_17_cdab1c6d40b6b7227ea2.png","format":"png","width":1500,"height":500,"_type":"image-file","sha256":"cdab1c6d40b6b7227ea254aa136c9af2277c69bf68a0e18212706087b85b3734","size":54344},"train_loss":0.01967065929004795,"_wandb":{"runtime":14},"_runtime":14.5884772,"_step":17}