{"_step":12,"_wandb":{"runtime":7},"learning_curves":{"format":"png","width":1500,"height":500,"_type":"image-file","sha256":"29740e6888d2df067c2f9ac5b7de8ff5a12807066d3607c25791c2cbbff014c1","size":62390,"path":"media/images/learning_curves_12_29740e6888d2df067c2f.png"},"test_loss":1.4669067199589125,"train_accuracy":57.964814814814815,"val_accuracy":58.21666666666667,"val_loss":1.478274850993561,"train_loss":1.490590896083611,"_timestamp":1.7421375443142836e+09,"test_accuracy":58.15,"sample_images":{"_type":"image-file","sha256":"77ee7a6052947e5d44d9fa2d7ba2735f1b3e51413e8c4eee21f851f552664b7b","size":31364,"path":"media/images/sample_images_0_77ee7a6052947e5d44d9.png","format":"png","width":1200,"height":600},"epoch":9,"_runtime":7.6959796}