{"train_accuracy":11.274074074074074,"_timestamp":1.7421856661881518e+09,"epoch":14,"train_loss":2.3022525167332906,"_runtime":10.2846527,"_wandb":{"runtime":10},"val_loss":2.3023471618983824,"learning_curves":{"size":59121,"path":"media/images/learning_curves_17_7b65bb1c7ccdd89c275d.png","format":"png","width":1500,"height":500,"_type":"image-file","sha256":"7b65bb1c7ccdd89c275dcd575608de2b8067603508ce97a35ec0177dbfbbccdc"},"sample_images":{"height":600,"_type":"image-file","sha256":"57b003a7d23e5882d9ff9f9a6bb1d526260d55d6a1b1981a717e6d9dd04adab5","size":15278,"path":"media/images/sample_images_0_57b003a7d23e5882d9ff.png","format":"png","width":1200},"_step":17,"val_accuracy":10.9,"test_loss":2.3022352518307407,"test_accuracy":11.35}