{"_wandb":{"runtime":44},"_runtime":44.1279711,"test_loss":0.09973773774730073,"sample_images":{"sha256":"57b003a7d23e5882d9ff9f9a6bb1d526260d55d6a1b1981a717e6d9dd04adab5","size":15278,"path":"media/images/sample_images_0_57b003a7d23e5882d9ff.png","format":"png","width":1200,"height":600,"_type":"image-file"},"learning_curves":{"height":500,"_type":"image-file","sha256":"0db14cd9fdcbe213db5d288425b866211e81ee27b1045276b52e9df0874a3bad","size":52721,"path":"media/images/learning_curves_12_0db14cd9fdcbe213db5d.png","format":"png","width":1500},"train_accuracy":99.15185185185184,"train_loss":0.028112781768511452,"test_accuracy":97.61,"_timestamp":1.7422076163039122e+09,"epoch":9,"val_loss":0.08114700857665326,"val_accuracy":97.78333333333333,"_step":12}