{"val_loss":0.33563081721737537,"_runtime":22.7636095,"train_loss":0.3203505499554056,"epoch":14,"test_loss":0.3623334496953636,"test_accuracy":90.95,"learning_curves":{"sha256":"6106cabe5f8aa0dad46832e4a2e72ea75379384420eff6241eda7f4d519ce38a","size":72741,"path":"media/images/learning_curves_17_6106cabe5f8aa0dad468.png","format":"png","width":1500,"height":500,"_type":"image-file"},"_wandb":{"runtime":22},"_step":17,"train_accuracy":91.14074074074074,"_timestamp":1.7421887797767744e+09,"val_accuracy":91.21666666666667,"sample_images":{"format":"png","width":1200,"height":600,"_type":"image-file","sha256":"57b003a7d23e5882d9ff9f9a6bb1d526260d55d6a1b1981a717e6d9dd04adab5","size":15278,"path":"media/images/sample_images_0_57b003a7d23e5882d9ff.png"}}