{"train_loss":0.9072966840780907,"val_loss":0.9041988839620306,"test_loss":0.9102556901015377,"learning_curves":{"width":1500,"height":500,"_type":"image-file","sha256":"b6758c5939484c8db29efad5e95db09ef83934f8ff948c0be066a23e7a1c8b8e","size":55478,"path":"media/images/learning_curves_12_b6758c5939484c8db29e.png","format":"png"},"sample_images":{"format":"png","width":1200,"height":600,"_type":"image-file","sha256":"77ee7a6052947e5d44d9fa2d7ba2735f1b3e51413e8c4eee21f851f552664b7b","size":31364,"path":"media/images/sample_images_0_77ee7a6052947e5d44d9.png"},"_runtime":17.6422155,"_wandb":{"runtime":17},"_step":12,"val_accuracy":70.13333333333334,"epoch":9,"test_accuracy":69.13,"train_accuracy":70.52962962962962,"_timestamp":1.7421402605665793e+09}