{"val_accuracy":96.43333333333334,"sample_images":{"size":15278,"path":"media/images/sample_images_0_57b003a7d23e5882d9ff.png","format":"png","width":1200,"height":600,"_type":"image-file","sha256":"57b003a7d23e5882d9ff9f9a6bb1d526260d55d6a1b1981a717e6d9dd04adab5"},"_wandb":{"runtime":10},"train_accuracy":98.35740740740741,"_step":17,"epoch":14,"test_loss":0.12086249419599635,"learning_curves":{"width":1500,"height":500,"_type":"image-file","sha256":"5d5587ee5910cd55903ae46bd50f86e2484c9f4067a6a0cc24be307931e28579","size":51170,"path":"media/images/learning_curves_17_5d5587ee5910cd55903a.png","format":"png"},"_timestamp":1.7422265914460638e+09,"train_loss":0.056885769506706735,"test_accuracy":96.47,"_runtime":10.2106099,"val_loss":0.121784958566418}