{"_step":17,"train_accuracy":85.82777777777778,"val_accuracy":86.61666666666666,"test_accuracy":87.16000000000001,"sample_images":{"size":15278,"path":"media/images/sample_images_0_57b003a7d23e5882d9ff.png","format":"png","width":1200,"height":600,"_type":"image-file","sha256":"57b003a7d23e5882d9ff9f9a6bb1d526260d55d6a1b1981a717e6d9dd04adab5"},"learning_curves":{"path":"media/images/learning_curves_17_98a8bbf736a5bdd99618.png","format":"png","width":1500,"height":500,"_type":"image-file","sha256":"98a8bbf736a5bdd99618712d04374cb69d53e6de6aedb4d8d7bac153a9610ff3","size":63462},"epoch":14,"_runtime":18.727103,"test_loss":0.4795179179558596,"val_loss":0.5025075768689452,"_timestamp":1.742214773252633e+09,"train_loss":0.5178174372902692,"_wandb":{"runtime":18}}