{"learning_curves":{"_type":"image-file","sha256":"1fba4c7be783af8c0befd0ba45aebc22b88f5996489409d0620197c02d3a87a3","size":46332,"path":"media/images/learning_curves_12_1fba4c7be783af8c0bef.png","format":"png","width":1500,"height":500},"epoch":9,"val_loss":0.33817941816732205,"train_loss":0.31319481295091056,"val_accuracy":87.81666666666666,"_step":12,"sample_images":{"path":"media/images/sample_images_0_77ee7a6052947e5d44d9.png","format":"png","width":1200,"height":600,"_type":"image-file","sha256":"77ee7a6052947e5d44d9fa2d7ba2735f1b3e51413e8c4eee21f851f552664b7b","size":31364},"test_accuracy":86.46000000000001,"_wandb":{"runtime":8},"_timestamp":1.7421857733895352e+09,"_runtime":8.2654113,"train_accuracy":88.50925925925925,"test_loss":0.36874349409597357}