{"_step":17,"test_accuracy":94.17,"val_loss":0.1997442563370221,"sample_images":{"format":"png","width":1200,"height":600,"_type":"image-file","sha256":"57b003a7d23e5882d9ff9f9a6bb1d526260d55d6a1b1981a717e6d9dd04adab5","size":15278,"path":"media/images/sample_images_0_57b003a7d23e5882d9ff.png"},"_runtime":12.8446455,"train_loss":0.2016472484012329,"learning_curves":{"width":1500,"height":500,"_type":"image-file","sha256":"f2a8914a9c28d8537463d6b8f978f588479e571ae85176dfb9914e34bb0ea54f","size":48434,"path":"media/images/learning_curves_17_f2a8914a9c28d8537463.png","format":"png"},"val_accuracy":94.08333333333333,"_wandb":{"runtime":12},"train_accuracy":94.25185185185185,"epoch":14,"test_loss":0.2017354015845483,"_timestamp":1.7422101149297166e+09}