{"epoch":14,"learning_curves":{"height":500,"_type":"image-file","sha256":"a5c88b524b54ba5442bf55a821237d49c8e7351cb4a62a3c3cb2bf651a954214","size":55331,"path":"media/images/learning_curves_17_a5c88b524b54ba5442bf.png","format":"png","width":1500},"val_accuracy":97.76666666666667,"train_loss":0.008437519695841823,"sample_images":{"width":1200,"height":600,"_type":"image-file","sha256":"57b003a7d23e5882d9ff9f9a6bb1d526260d55d6a1b1981a717e6d9dd04adab5","size":15278,"path":"media/images/sample_images_0_57b003a7d23e5882d9ff.png","format":"png"},"_runtime":32.0580075,"val_loss":0.09000437595726973,"test_loss":0.09804830465048225,"test_accuracy":97.68,"_step":17,"train_accuracy":99.77037037037036,"_timestamp":1.7422079327691035e+09,"_wandb":{"runtime":32}}