{"train_loss":0.2877694358661686,"sample_images":{"sha256":"57b003a7d23e5882d9ff9f9a6bb1d526260d55d6a1b1981a717e6d9dd04adab5","size":15278,"path":"media/images/sample_images_0_57b003a7d23e5882d9ff.png","format":"png","width":1200,"height":600,"_type":"image-file"},"val_accuracy":91.86666666666666,"train_accuracy":92.40925925925926,"_runtime":22.1951013,"_wandb":{"runtime":22},"learning_curves":{"sha256":"bd8b4f606f9dd5b6b0d8bfd79ce17bcde50caed81608e4a7817eb88cae4fa815","size":56869,"path":"media/images/learning_curves_12_bd8b4f606f9dd5b6b0d8.png","format":"png","width":1500,"height":500,"_type":"image-file"},"val_loss":0.2912122200504107,"_step":12,"epoch":9,"_timestamp":1.7421862176094024e+09,"test_loss":0.29437431655948465,"test_accuracy":91.64999999999999}