{"epoch":14,"train_loss":0.09637266252133812,"val_loss":0.13978412522557995,"_runtime":14.0159385,"sample_images":{"size":15278,"path":"media/images/sample_images_0_57b003a7d23e5882d9ff.png","format":"png","width":1200,"height":600,"_type":"image-file","sha256":"57b003a7d23e5882d9ff9f9a6bb1d526260d55d6a1b1981a717e6d9dd04adab5"},"train_accuracy":97.1888888888889,"val_accuracy":96.06666666666666,"test_loss":0.13846747571522455,"learning_curves":{"_type":"image-file","sha256":"6f08be27351e3a00c57ffca516fc4ae6338412eedfb3e1a975eb5ea3bc11c09d","size":54487,"path":"media/images/learning_curves_17_6f08be27351e3a00c57f.png","format":"png","width":1500,"height":500},"_timestamp":1.7422237867149575e+09,"test_accuracy":96.16,"_wandb":{"runtime":14},"_step":17}