{"epoch":4,"test_accuracy":64.82,"_timestamp":1.7422278098942797e+09,"val_accuracy":63.23333333333333,"test_loss":1.0326339246215623,"_runtime":10.8893566,"train_loss":1.1600892522867208,"_wandb":{"runtime":10},"sample_images":{"height":600,"_type":"image-file","sha256":"57b003a7d23e5882d9ff9f9a6bb1d526260d55d6a1b1981a717e6d9dd04adab5","size":15278,"path":"media/images/sample_images_0_57b003a7d23e5882d9ff.png","format":"png","width":1200},"val_loss":1.0392800039191779,"train_accuracy":55.39259259259259,"learning_curves":{"path":"media/images/learning_curves_7_3f9eed9ef1dd9d0bb4d3.png","format":"png","width":1500,"height":500,"_type":"image-file","sha256":"3f9eed9ef1dd9d0bb4d36496651ed32ce987d19728366a18a0a4ec721f16b6df","size":57715},"_step":7}