{"sample_images":{"size":31364,"path":"media/images/sample_images_0_77ee7a6052947e5d44d9.png","format":"png","width":1200,"height":600,"_type":"image-file","sha256":"77ee7a6052947e5d44d9fa2d7ba2735f1b3e51413e8c4eee21f851f552664b7b"},"learning_curves":{"format":"png","width":1500,"height":500,"_type":"image-file","sha256":"18a8e7838e8aca9bb09cb9a5330b5e07e91039f8cb7b9b387c0bdd3ec4c0379b","size":63349,"path":"media/images/learning_curves_7_18a8e7838e8aca9bb09c.png"},"epoch":4,"_step":7,"test_accuracy":10,"_timestamp":1.7421865302393064e+09,"_wandb":{"runtime":6},"val_loss":2.3050126859335753,"val_accuracy":10.45,"test_loss":2.306971388511522,"_runtime":6.9138246,"train_loss":2.3132719918296445,"train_accuracy":9.89074074074074}