{"train_accuracy":90.81666666666666,"val_accuracy":91.35,"epoch":14,"test_accuracy":91.35,"_wandb":{"runtime":38},"train_loss":0.33516696903677623,"sample_images":{"size":15278,"path":"media/images/sample_images_0_57b003a7d23e5882d9ff.png","format":"png","width":1200,"height":600,"_type":"image-file","sha256":"57b003a7d23e5882d9ff9f9a6bb1d526260d55d6a1b1981a717e6d9dd04adab5"},"test_loss":0.3077552558514467,"learning_curves":{"sha256":"10e5407a543b3aa6027497c974c8c649f66359c5b480fbc1ab3c7b2c12c4f720","size":55472,"path":"media/images/learning_curves_17_10e5407a543b3aa60274.png","format":"png","width":1500,"height":500,"_type":"image-file"},"_timestamp":1.742141057077248e+09,"val_loss":0.3160888974181318,"_step":17,"_runtime":38.4305321}