{"test_loss":0.10288090792751779,"_step":7,"test_accuracy":97.00999999999999,"learning_curves":{"_type":"image-file","sha256":"52b1e02e12f17a3bbe2982f14cb895b2603c6ad62431b29ed8bb01446978e028","size":53843,"path":"media/images/learning_curves_7_52b1e02e12f17a3bbe29.png","format":"png","width":1500,"height":500},"_runtime":13.7638711,"epoch":4,"_timestamp":1.7422271337807171e+09,"train_loss":0.06847141131929671,"train_accuracy":97.97222222222223,"val_accuracy":96.91666666666666,"_wandb":{"runtime":13},"val_loss":0.09922563040348575,"sample_images":{"size":15278,"path":"media/images/sample_images_0_57b003a7d23e5882d9ff.png","format":"png","width":1200,"height":600,"_type":"image-file","sha256":"57b003a7d23e5882d9ff9f9a6bb1d526260d55d6a1b1981a717e6d9dd04adab5"}}