{"epoch":4,"val_loss":0.18779125950135186,"_wandb":{"runtime":11},"_step":7,"test_accuracy":94.42,"_runtime":10.9698693,"train_loss":0.24241812202479998,"val_accuracy":94.5,"test_loss":0.18850667114659253,"sample_images":{"_type":"image-file","sha256":"57b003a7d23e5882d9ff9f9a6bb1d526260d55d6a1b1981a717e6d9dd04adab5","size":15278,"path":"media/images/sample_images_0_57b003a7d23e5882d9ff.png","format":"png","width":1200,"height":600},"learning_curves":{"size":51417,"path":"media/images/learning_curves_7_8a8a3e0e6279c35f55bd.png","format":"png","width":1500,"height":500,"_type":"image-file","sha256":"8a8a3e0e6279c35f55bd79b9e278dd264ff71ce7cc89d8f23d7a0acb1459db93"},"_timestamp":1.7422268237311313e+09,"train_accuracy":94.25740740740741}