{"val_loss":0.2969895519466326,"_wandb":{"runtime":11},"_step":12,"learning_curves":{"sha256":"70ab805cc3c7a9df69d91dfad44a71fb887135e347428452028dba178d0a9ce7","size":47416,"path":"media/images/learning_curves_12_70ab805cc3c7a9df69d9.png","format":"png","width":1500,"height":500,"_type":"image-file"},"train_loss":0.30358225899372154,"train_accuracy":91.45185185185186,"sample_images":{"path":"media/images/sample_images_0_57b003a7d23e5882d9ff.png","format":"png","width":1200,"height":600,"_type":"image-file","sha256":"57b003a7d23e5882d9ff9f9a6bb1d526260d55d6a1b1981a717e6d9dd04adab5","size":15278},"epoch":9,"_runtime":11.1017344,"test_loss":0.29223423618016287,"_timestamp":1.7421888306846743e+09,"val_accuracy":91.55,"test_accuracy":91.79}