{"_timestamp":1.742226179225605e+09,"learning_curves":{"format":"png","width":1500,"height":500,"_type":"image-file","sha256":"5fe8040a8c70f3fab1960b91c145f6c677c64e15be373886e741d8653e0041bb","size":51986,"path":"media/images/learning_curves_12_5fe8040a8c70f3fab196.png"},"val_loss":0.4701132126956471,"sample_images":{"path":"media/images/sample_images_0_77ee7a6052947e5d44d9.png","format":"png","width":1200,"height":600,"_type":"image-file","sha256":"77ee7a6052947e5d44d9fa2d7ba2735f1b3e51413e8c4eee21f851f552664b7b","size":31364},"val_accuracy":83.78333333333333,"_wandb":{"runtime":60},"_runtime":60.6411841,"_step":12,"train_accuracy":84.23333333333333,"test_accuracy":83.36,"epoch":9,"train_loss":0.6353108602837012,"test_loss":0.4959680128054528}