{"train_accuracy":98.62407407407407,"epoch":14,"test_loss":0.0870897916159212,"_step":17,"val_accuracy":97.43333333333334,"learning_curves":{"width":1500,"height":500,"_type":"image-file","sha256":"2cac42a96775cf25c41ba0a3c20e7d9fdca6b0efcbe505509cba0ee3aa5a2386","size":50526,"path":"media/images/learning_curves_17_2cac42a96775cf25c41b.png","format":"png"},"_runtime":22.2303044,"val_loss":0.08327075524086097,"test_accuracy":97.25,"train_loss":0.052837767543687804,"_wandb":{"runtime":22},"sample_images":{"path":"media/images/sample_images_0_57b003a7d23e5882d9ff.png","format":"png","width":1200,"height":600,"_type":"image-file","sha256":"57b003a7d23e5882d9ff9f9a6bb1d526260d55d6a1b1981a717e6d9dd04adab5","size":15278},"_timestamp":1.7421875897650683e+09}