{"val_loss":2.3030453381730345,"test_accuracy":10,"sample_images":{"height":600,"_type":"image-file","sha256":"77ee7a6052947e5d44d9fa2d7ba2735f1b3e51413e8c4eee21f851f552664b7b","size":31364,"path":"media/images/sample_images_0_77ee7a6052947e5d44d9.png","format":"png","width":1200},"_timestamp":1.74218600375194e+09,"_wandb":{"runtime":36},"_step":17,"epoch":14,"train_loss":2.3029676217161152,"_runtime":36.5618831,"val_accuracy":9.166666666666666,"train_accuracy":9.901851851851852,"test_loss":2.3026741237421557,"learning_curves":{"size":87976,"path":"media/images/learning_curves_17_346c1176be0fb04b1e08.png","format":"png","width":1500,"height":500,"_type":"image-file","sha256":"346c1176be0fb04b1e085839129d77a2a280e06a3bf2a0eef4aaece07002a095"}}