{"sample_images":{"width":1200,"height":600,"_type":"image-file","sha256":"57b003a7d23e5882d9ff9f9a6bb1d526260d55d6a1b1981a717e6d9dd04adab5","size":15278,"path":"media/images/sample_images_0_57b003a7d23e5882d9ff.png","format":"png"},"learning_curves":{"height":500,"_type":"image-file","sha256":"8e52ca3a18d68c0c5fa37f80525a10cd9fbd75cab5a8978fe571a19d7ecab704","size":54010,"path":"media/images/learning_curves_17_8e52ca3a18d68c0c5fa3.png","format":"png","width":1500},"_timestamp":1.7421870318684146e+09,"test_loss":0.0859985872337427,"_step":17,"epoch":14,"val_accuracy":97.55,"_runtime":78.4531617,"train_accuracy":99.72962962962964,"test_accuracy":97.6,"val_loss":0.09017087245376779,"train_loss":0.018247625681307975,"_wandb":{"runtime":78}}