{"test_accuracy":93.55,"learning_curves":{"path":"media/images/learning_curves_7_5cf4ece6dedca3cc84a9.png","format":"png","width":1500,"height":500,"_type":"image-file","sha256":"5cf4ece6dedca3cc84a9096aef5964e422dc398a912743ec11771e29b47e401a","size":49499},"sample_images":{"size":15278,"path":"media/images/sample_images_0_57b003a7d23e5882d9ff.png","format":"png","width":1200,"height":600,"_type":"image-file","sha256":"57b003a7d23e5882d9ff9f9a6bb1d526260d55d6a1b1981a717e6d9dd04adab5"},"_timestamp":1.742185787737904e+09,"train_loss":0.261986064217268,"epoch":4,"val_accuracy":93.4,"test_loss":0.22261275549083218,"_wandb":{"runtime":5},"_step":7,"train_accuracy":94.22037037037036,"_runtime":5.6302253,"val_loss":0.23482140631826925}