{"_timestamp":1.7421418123154764e+09,"learning_curves":{"height":500,"_type":"image-file","sha256":"ead60236b7382824ead9ffd7d9fbcc56521c322dbf0afc7d5f86173fe58c483f","size":76597,"path":"media/images/learning_curves_17_ead60236b7382824ead9.png","format":"png","width":1500},"train_loss":1.0368955497343875,"train_accuracy":66.76111111111112,"_wandb":{"runtime":19},"_step":17,"sample_images":{"_type":"image-file","sha256":"77ee7a6052947e5d44d9fa2d7ba2735f1b3e51413e8c4eee21f851f552664b7b","size":31364,"path":"media/images/sample_images_0_77ee7a6052947e5d44d9.png","format":"png","width":1200,"height":600},"val_loss":0.9271976757157161,"test_loss":0.9203196509361727,"_runtime":18.9993165,"val_accuracy":62.74999999999999,"test_accuracy":63.980000000000004,"epoch":14}