{"val_accuracy":92.48333333333333,"test_loss":0.26750769880277975,"sample_images":{"height":600,"_type":"image-file","sha256":"57b003a7d23e5882d9ff9f9a6bb1d526260d55d6a1b1981a717e6d9dd04adab5","size":15278,"path":"media/images/sample_images_0_57b003a7d23e5882d9ff.png","format":"png","width":1200},"_timestamp":1.7421419642989292e+09,"train_accuracy":91.90555555555555,"test_accuracy":92.33,"learning_curves":{"height":500,"_type":"image-file","sha256":"d0208864a5ea7eb576f61156f81fb845458b72b817a9d7bd9138b652f7d4e024","size":50130,"path":"media/images/learning_curves_7_d0208864a5ea7eb576f6.png","format":"png","width":1500},"_runtime":5.7668191,"_step":7,"epoch":4,"val_loss":0.2679867646068916,"train_loss":0.28957323443684035,"_wandb":{"runtime":5}}