{"test_loss":0.4758405115848011,"_runtime":51.3164644,"sample_images":{"height":600,"_type":"image-file","sha256":"77ee7a6052947e5d44d9fa2d7ba2735f1b3e51413e8c4eee21f851f552664b7b","size":31364,"path":"media/images/sample_images_0_77ee7a6052947e5d44d9.png","format":"png","width":1200},"_timestamp":1.7421385347018986e+09,"train_loss":0.45257207607254657,"learning_curves":{"_type":"image-file","sha256":"a4da44de7a94e775653eee789317f09bb9b3d4402fe3baa46fbf2e4a6de449c6","size":76679,"path":"media/images/learning_curves_17_a4da44de7a94e775653e.png","format":"png","width":1500,"height":500},"_wandb":{"runtime":51},"test_accuracy":84.52,"_step":17,"val_loss":0.4493375247794253,"train_accuracy":85.52962962962964,"epoch":14,"val_accuracy":84.7}