{"test_loss":0.5017533208551042,"_timestamp":1.7422121781164472e+09,"_runtime":25.3597243,"learning_curves":{"path":"media/images/learning_curves_17_e1baab2010150f97e922.png","format":"png","width":1500,"height":500,"_type":"image-file","sha256":"e1baab2010150f97e9226e0dfa64ca76842d9530e5f725a730064a0d250dd232","size":65536},"val_accuracy":88.05,"_wandb":{"runtime":25},"sample_images":{"size":15278,"path":"media/images/sample_images_0_57b003a7d23e5882d9ff.png","format":"png","width":1200,"height":600,"_type":"image-file","sha256":"57b003a7d23e5882d9ff9f9a6bb1d526260d55d6a1b1981a717e6d9dd04adab5"},"val_loss":0.5038538567700853,"train_accuracy":87.61666666666666,"epoch":14,"test_accuracy":88.23,"_step":17,"train_loss":0.5232812247666785}