{"train_loss":0.2725767958168011,"_wandb":{"runtime":24},"_step":12,"learning_curves":{"sha256":"47cdfc57fa9726254e7e39cdd11d775226b3e888729e91489f6a924905ba38cc","size":55805,"path":"media/images/learning_curves_12_47cdfc57fa9726254e7e.png","format":"png","width":1500,"height":500,"_type":"image-file"},"val_accuracy":91.88333333333333,"_runtime":24.1329749,"train_accuracy":92.36851851851851,"test_accuracy":91.89,"test_loss":0.2828585055156023,"epoch":9,"val_loss":0.2802726954464764,"sample_images":{"width":1200,"height":600,"_type":"image-file","sha256":"57b003a7d23e5882d9ff9f9a6bb1d526260d55d6a1b1981a717e6d9dd04adab5","size":15278,"path":"media/images/sample_images_0_57b003a7d23e5882d9ff.png","format":"png"},"_timestamp":1.7421379447503839e+09}