{"_timestamp":1.7422277571171682e+09,"epoch":14,"test_loss":0.11404672453834094,"sample_images":{"size":15278,"path":"media/images/sample_images_0_57b003a7d23e5882d9ff.png","format":"png","width":1200,"height":600,"_type":"image-file","sha256":"57b003a7d23e5882d9ff9f9a6bb1d526260d55d6a1b1981a717e6d9dd04adab5"},"val_accuracy":96.88333333333333,"test_accuracy":96.46000000000001,"learning_curves":{"size":46757,"path":"media/images/learning_curves_17_1f9d385094d1a5931aab.png","format":"png","width":1500,"height":500,"_type":"image-file","sha256":"1f9d385094d1a5931aab4452fa925aeed20309a11d8721dbfd446e81fb4c76d7"},"train_accuracy":97.2925925925926,"_step":17,"_wandb":{"runtime":17},"val_loss":0.10816858544346893,"_runtime":17.8909291,"train_loss":0.09575802806825257}