{"test_loss":0.1307943886674777,"_step":7,"test_accuracy":96.06,"learning_curves":{"height":500,"_type":"image-file","sha256":"e31369121c27b1a74c2a63b96cd30a9d6c04a6fc0fd35f49a33a04879ac44c13","size":53451,"path":"media/images/learning_curves_7_e31369121c27b1a74c2a.png","format":"png","width":1500},"val_accuracy":96.51666666666667,"train_loss":0.13706124471564685,"sample_images":{"height":600,"_type":"image-file","sha256":"57b003a7d23e5882d9ff9f9a6bb1d526260d55d6a1b1981a717e6d9dd04adab5","size":15278,"path":"media/images/sample_images_0_57b003a7d23e5882d9ff.png","format":"png","width":1200},"val_loss":0.13034940206023415,"_timestamp":1.7422234183527324e+09,"_wandb":{"runtime":17},"train_accuracy":96.03518518518518,"epoch":4,"_runtime":17.7381905}