{"val_loss":0.45197172566759963,"test_loss":0.47974316069606426,"train_loss":0.44730211427505984,"_wandb":{"runtime":27},"_step":12,"learning_curves":{"size":60130,"path":"media/images/learning_curves_12_f4aecaa02d49d89d6e82.png","format":"png","width":1500,"height":500,"_type":"image-file","sha256":"f4aecaa02d49d89d6e8204eda195d4b9286b8dfcef8e49d0ae8ea6aa5ba6a357"},"epoch":9,"train_accuracy":85.37222222222223,"sample_images":{"width":1200,"height":600,"_type":"image-file","sha256":"77ee7a6052947e5d44d9fa2d7ba2735f1b3e51413e8c4eee21f851f552664b7b","size":31364,"path":"media/images/sample_images_0_77ee7a6052947e5d44d9.png","format":"png"},"_runtime":27.1596719,"_timestamp":1.7422239680281298e+09,"test_accuracy":82.97,"val_accuracy":83.8}