{"val_loss":0.09236085998232545,"epoch":9,"test_accuracy":97.43,"_timestamp":1.7421869435950263e+09,"_runtime":50.6941542,"_step":12,"val_accuracy":97.51666666666667,"train_loss":0.026445663857662338,"test_loss":0.09728736824502729,"sample_images":{"format":"png","width":1200,"height":600,"_type":"image-file","sha256":"57b003a7d23e5882d9ff9f9a6bb1d526260d55d6a1b1981a717e6d9dd04adab5","size":15278,"path":"media/images/sample_images_0_57b003a7d23e5882d9ff.png"},"learning_curves":{"height":500,"_type":"image-file","sha256":"e38287cbc69adb03d50738d514a714dfbeb9fc44fb1601350809a2a8920dd5bf","size":52470,"path":"media/images/learning_curves_12_e38287cbc69adb03d507.png","format":"png","width":1500},"train_accuracy":99.1888888888889,"_wandb":{"runtime":50}}