{"val_accuracy":97.16666666666667,"_step":12,"learning_curves":{"path":"media/images/learning_curves_12_73d8ddeaee93f544d97c.png","format":"png","width":1500,"height":500,"_type":"image-file","sha256":"73d8ddeaee93f544d97c00fbb0cb9fb26804263b0d3dca3047029c3b38358d5c","size":49998},"sample_images":{"width":1200,"height":600,"_type":"image-file","sha256":"57b003a7d23e5882d9ff9f9a6bb1d526260d55d6a1b1981a717e6d9dd04adab5","size":15278,"path":"media/images/sample_images_0_57b003a7d23e5882d9ff.png","format":"png"},"train_loss":0.18357113684747076,"_timestamp":1.7422247993255222e+09,"epoch":9,"_wandb":{"runtime":11},"train_accuracy":97.29074074074074,"test_accuracy":96.71,"val_loss":0.11043331251939163,"test_loss":0.10695764197462848,"_runtime":11.7021173}