{"_timestamp":1.7415900266678145e+09,"epoch":14,"sample_images":{"_type":"image-file","sha256":"57b003a7d23e5882d9ff9f9a6bb1d526260d55d6a1b1981a717e6d9dd04adab5","size":15278,"path":"media/images/sample_images_0_57b003a7d23e5882d9ff.png","format":"png","width":1200,"height":600},"test_accuracy":21.78,"_step":17,"val_accuracy":21.933333333333334,"test_loss":2.2106141690801224,"train_loss":2.2457377244977854,"train_accuracy":22.07037037037037,"learning_curves":{"sha256":"7934083f63d752ac5b26cb55b817ec0391faa6bd8e0b34cc94ca04914bf802f4","size":46038,"path":"media/images/learning_curves_17_7934083f63d752ac5b26.png","format":"png","width":1500,"height":500,"_type":"image-file"},"_runtime":17.6952103,"val_loss":2.213544190633734,"_wandb":{"runtime":17}}