{"val_accuracy":14.383333333333335,"test_loss":2.2938988750738916,"learning_curves":{"height":500,"_type":"image-file","sha256":"de8a2a567f759f8fe5d1febb4541b8989c624b27d4dc6ba884724569efb02a59","size":62335,"path":"media/images/learning_curves_12_de8a2a567f759f8fe5d1.png","format":"png","width":1500},"val_loss":2.2953115065424448,"test_accuracy":15.260000000000002,"_wandb":{"runtime":15},"_timestamp":1.7421354117676504e+09,"sample_images":{"sha256":"57b003a7d23e5882d9ff9f9a6bb1d526260d55d6a1b1981a717e6d9dd04adab5","size":15278,"path":"media/images/sample_images_0_57b003a7d23e5882d9ff.png","format":"png","width":1200,"height":600,"_type":"image-file"},"train_loss":2.2986556311555706,"_runtime":15.8845294,"train_accuracy":15.714814814814815,"_step":12,"epoch":9}