{"test_accuracy":97.34,"_timestamp":1.7422128973764431e+09,"_runtime":75.9453791,"train_accuracy":99.44074074074074,"sample_images":{"width":1200,"height":600,"_type":"image-file","sha256":"57b003a7d23e5882d9ff9f9a6bb1d526260d55d6a1b1981a717e6d9dd04adab5","size":15278,"path":"media/images/sample_images_0_57b003a7d23e5882d9ff.png","format":"png"},"val_accuracy":97.66666666666667,"epoch":14,"test_loss":0.1285960089857672,"train_loss":0.020186637029701086,"learning_curves":{"format":"png","width":1500,"height":500,"_type":"image-file","sha256":"a53d6cec05706b493a3c90233c47a9820462ee74dc64475a6e9d816e5f51a57f","size":56941,"path":"media/images/learning_curves_17_a53d6cec05706b493a3c.png"},"_wandb":{"runtime":76},"_step":17,"val_loss":0.1091494329273502}