{"_timestamp":1.742224353726644e+09,"sample_images":{"sha256":"77ee7a6052947e5d44d9fa2d7ba2735f1b3e51413e8c4eee21f851f552664b7b","size":31364,"path":"media/images/sample_images_0_77ee7a6052947e5d44d9.png","format":"png","width":1200,"height":600,"_type":"image-file"},"val_loss":0.3517250672090023,"test_accuracy":86.19,"val_accuracy":87.21666666666667,"train_accuracy":87.6574074074074,"test_loss":0.3763948568423851,"learning_curves":{"_type":"image-file","sha256":"a8fa252217facc5d863765f8c79a414acafeb551b3b95963f75856b517d97824","size":55629,"path":"media/images/learning_curves_7_a8fa252217facc5d8637.png","format":"png","width":1500,"height":500},"_step":7,"_wandb":{"runtime":5},"_runtime":5.9189109,"epoch":4,"train_loss":0.34224375051786776}