{"sample_images":{"width":1200,"height":600,"_type":"image-file","sha256":"57b003a7d23e5882d9ff9f9a6bb1d526260d55d6a1b1981a717e6d9dd04adab5","size":15278,"path":"media/images/sample_images_0_57b003a7d23e5882d9ff.png","format":"png"},"test_loss":0.41129683018893093,"epoch":4,"_runtime":7.6233697,"train_loss":0.4702275883982711,"test_accuracy":90.18,"_wandb":{"runtime":7},"_step":7,"val_loss":0.41722236220328984,"val_accuracy":89.96666666666667,"learning_curves":{"sha256":"c03d145c278f06f6cf09987bb4c59265ed4d7430481b20d78c70aa6d5fce0d47","size":58917,"path":"media/images/learning_curves_7_c03d145c278f06f6cf09.png","format":"png","width":1500,"height":500,"_type":"image-file"},"_timestamp":1.7422251773091717e+09,"train_accuracy":88.93148148148148}