{"epoch":9,"train_accuracy":93.42592592592592,"test_accuracy":93.38,"learning_curves":{"_type":"image-file","sha256":"f453037593d86f805708e0117e73ce31737422ab55edf0bbfb63e677c2a273be","size":53237,"path":"media/images/learning_curves_12_f453037593d86f805708.png","format":"png","width":1500,"height":500},"train_loss":0.24539969123846428,"val_loss":0.2353322910440458,"_wandb":{"runtime":13},"sample_images":{"width":1200,"height":600,"_type":"image-file","sha256":"57b003a7d23e5882d9ff9f9a6bb1d526260d55d6a1b1981a717e6d9dd04adab5","size":15278,"path":"media/images/sample_images_0_57b003a7d23e5882d9ff.png","format":"png"},"val_accuracy":93.60000000000001,"test_loss":0.23970625738676418,"_step":12,"_timestamp":1.742212328435424e+09,"_runtime":13.3692271}