{"test_accuracy":95.44,"epoch":9,"sample_images":{"sha256":"57b003a7d23e5882d9ff9f9a6bb1d526260d55d6a1b1981a717e6d9dd04adab5","size":15278,"path":"media/images/sample_images_0_57b003a7d23e5882d9ff.png","format":"png","width":1200,"height":600,"_type":"image-file"},"train_loss":0.13753723207073046,"_step":12,"val_accuracy":95.85000000000001,"learning_curves":{"format":"png","width":1500,"height":500,"_type":"image-file","sha256":"f80e0baf6719a8fead2eef4831e9aa6c2630ce709733daac5c187c319c2799ef","size":51392,"path":"media/images/learning_curves_12_f80e0baf6719a8fead2e.png"},"_wandb":{"runtime":9},"_timestamp":1.7421885529182692e+09,"val_loss":0.15155113396802264,"train_accuracy":96.1462962962963,"test_loss":0.15387809492761806,"_runtime":9.409817199999999}