{"learning_curves":{"size":63772,"path":"media/images/learning_curves_17_b3316080cca1cf9e9835.png","format":"png","width":1500,"height":500,"_type":"image-file","sha256":"b3316080cca1cf9e9835fa18949e8658841a3c1de16bbc747e81acf56ff65164"},"_runtime":10.6987128,"sample_images":{"sha256":"57b003a7d23e5882d9ff9f9a6bb1d526260d55d6a1b1981a717e6d9dd04adab5","size":15278,"path":"media/images/sample_images_0_57b003a7d23e5882d9ff.png","format":"png","width":1200,"height":600,"_type":"image-file"},"epoch":14,"test_accuracy":61.49,"test_loss":1.636017752126805,"val_accuracy":60.78333333333333,"val_loss":1.6496091158094917,"_timestamp":1.742188251103997e+09,"train_accuracy":59.56851851851852,"_step":17,"train_loss":1.6673750978141533,"_wandb":{"runtime":10}}