{"learning_curves":{"width":1500,"height":500,"_type":"image-file","sha256":"24061b55badf7c64d97f3d7663d05d447deef8cf26ecb2e64bf80ebf94017992","size":50061,"path":"media/images/learning_curves_12_24061b55badf7c64d97f.png","format":"png"},"sample_images":{"path":"media/images/sample_images_0_57b003a7d23e5882d9ff.png","format":"png","width":1200,"height":600,"_type":"image-file","sha256":"57b003a7d23e5882d9ff9f9a6bb1d526260d55d6a1b1981a717e6d9dd04adab5","size":15278},"train_accuracy":93.3962962962963,"val_accuracy":93.25,"_timestamp":1.7422271738473573e+09,"epoch":9,"test_loss":0.22934898620457428,"_wandb":{"runtime":9},"test_accuracy":93.51,"_step":12,"_runtime":9.6190992,"train_loss":0.24518658456591064,"val_loss":0.22825371392884336}