{"_wandb":{"runtime":18},"sample_images":{"width":1200,"height":600,"_type":"image-file","sha256":"77ee7a6052947e5d44d9fa2d7ba2735f1b3e51413e8c4eee21f851f552664b7b","size":31364,"path":"media/images/sample_images_0_77ee7a6052947e5d44d9.png","format":"png"},"_runtime":18.9876601,"train_loss":2.3026802424790445,"test_loss":2.3026217796898707,"_timestamp":1.7415887847822132e+09,"val_loss":2.3028719407383367,"learning_curves":{"_type":"image-file","sha256":"9f47072387c6da253f373c64c00307491fb3594960bdd0231ef1ab53660b1449","size":73478,"path":"media/images/learning_curves_12_9f47072387c6da253f37.png","format":"png","width":1500,"height":500},"val_accuracy":9.166666666666666,"test_accuracy":10,"train_accuracy":9.83148148148148,"_step":12,"epoch":9}