{"sample_images":{"format":"png","width":1200,"height":600,"_type":"image-file","sha256":"57b003a7d23e5882d9ff9f9a6bb1d526260d55d6a1b1981a717e6d9dd04adab5","size":15278,"path":"media/images/sample_images_0_57b003a7d23e5882d9ff.png"},"epoch":14,"_wandb":{"runtime":27},"val_loss":0.21636776775171862,"test_accuracy":93.71000000000001,"val_accuracy":93.86666666666666,"train_loss":0.22280072844886703,"_step":17,"train_accuracy":93.88148148148147,"test_loss":0.2204703859805459,"learning_curves":{"format":"png","width":1500,"height":500,"_type":"image-file","sha256":"70960b6661ac4e841940b3ff5835ad0f275fdd5d034c2c5f70e47f266dbf3df9","size":52296,"path":"media/images/learning_curves_17_70960b6661ac4e841940.png"},"_runtime":27.3651771,"_timestamp":1.7422262161407192e+09}