{"val_loss":0.751817232915446,"val_accuracy":74.81666666666666,"epoch":4,"_runtime":6.1232252,"sample_images":{"size":15278,"path":"media/images/sample_images_0_57b003a7d23e5882d9ff.png","format":"png","width":1200,"height":600,"_type":"image-file","sha256":"57b003a7d23e5882d9ff9f9a6bb1d526260d55d6a1b1981a717e6d9dd04adab5"},"test_accuracy":76.03999999999999,"_wandb":{"runtime":6},"_timestamp":1.7422142421821191e+09,"train_loss":0.8023243005714099,"learning_curves":{"sha256":"9182efa6d8c548f506fd929f9cecb78be9f8662e481cb292cfff7cc76ff30287","size":60191,"path":"media/images/learning_curves_7_9182efa6d8c548f506fd.png","format":"png","width":1500,"height":500,"_type":"image-file"},"test_loss":0.7489166059391359,"train_accuracy":72.63148148148149,"_step":7}