{"test_accuracy":92.64,"train_loss":0.25025834498902466,"learning_curves":{"height":500,"_type":"image-file","sha256":"7218402e5d44a805a40634c8fc7849d6c29f71b4b6cde2db99921325378e9e6d","size":49674,"path":"media/images/learning_curves_17_7218402e5d44a805a406.png","format":"png","width":1500},"sample_images":{"format":"png","width":1200,"height":600,"_type":"image-file","sha256":"57b003a7d23e5882d9ff9f9a6bb1d526260d55d6a1b1981a717e6d9dd04adab5","size":15278,"path":"media/images/sample_images_0_57b003a7d23e5882d9ff.png"},"_runtime":39.7716364,"val_loss":0.2601035034482871,"_wandb":{"runtime":39},"_step":17,"epoch":14,"test_loss":0.2683829615708515,"_timestamp":1.7421868829097037e+09,"train_accuracy":93.12962962962963,"val_accuracy":92.73333333333333}