{"learning_curves":{"path":"media/images/learning_curves_17_e28db17d898620120e15.png","format":"png","width":1500,"height":500,"_type":"image-file","sha256":"e28db17d898620120e1588bb971d683eb08c26144fbc687e54d1f26cc7eef36f","size":51197},"test_accuracy":83.71,"sample_images":{"height":600,"_type":"image-file","sha256":"77ee7a6052947e5d44d9fa2d7ba2735f1b3e51413e8c4eee21f851f552664b7b","size":31364,"path":"media/images/sample_images_0_77ee7a6052947e5d44d9.png","format":"png","width":1200},"_step":17,"epoch":14,"val_loss":0.4304038064732331,"train_loss":0.4339300021324553,"test_loss":0.4634518434305076,"_wandb":{"runtime":10},"val_accuracy":84.98333333333333,"_timestamp":1.7422072569047735e+09,"_runtime":10.773402,"train_accuracy":84.9962962962963}