{"train_accuracy":97.57222222222222,"epoch":4,"test_accuracy":96.89,"learning_curves":{"sha256":"43cbf9803bb6968882683ab8e324bd2ba8a6df0236aab761c943cbaf9d3d6c88","size":55524,"path":"media/images/learning_curves_7_43cbf9803bb696888268.png","format":"png","width":1500,"height":500,"_type":"image-file"},"_timestamp":1.742141952242435e+09,"_wandb":{"runtime":10},"test_loss":0.10502726823995637,"train_loss":0.10544517529060646,"val_loss":0.10220782090012655,"val_accuracy":96.93333333333334,"_runtime":10.3675866,"sample_images":{"path":"media/images/sample_images_0_57b003a7d23e5882d9ff.png","format":"png","width":1200,"height":600,"_type":"image-file","sha256":"57b003a7d23e5882d9ff9f9a6bb1d526260d55d6a1b1981a717e6d9dd04adab5","size":15278},"_step":7}