{"sample_images":{"width":1200,"height":600,"_type":"image-file","sha256":"57b003a7d23e5882d9ff9f9a6bb1d526260d55d6a1b1981a717e6d9dd04adab5","size":15278,"path":"media/images/sample_images_0_57b003a7d23e5882d9ff.png","format":"png"},"train_loss":0.26455438433623113,"learning_curves":{"size":47341,"path":"media/images/learning_curves_17_919a7bd4ecb0d25a394b.png","format":"png","width":1500,"height":500,"_type":"image-file","sha256":"919a7bd4ecb0d25a394b663a734e9927326fa6b2d449e31fee66d5ef784bfa41"},"_wandb":{"runtime":14},"_step":17,"_runtime":14.6193366,"train_accuracy":92.68703703703703,"epoch":14,"_timestamp":1.7422127351552737e+09,"val_accuracy":92.46666666666667,"test_accuracy":92.46,"test_loss":0.26736623434500234,"val_loss":0.26719569133817944}