{"_step":7,"epoch":4,"val_loss":2.311626149389949,"test_accuracy":10.100000000000001,"_wandb":{"runtime":28},"_timestamp":1.7421421761810813e+09,"test_loss":2.3092878391530554,"learning_curves":{"path":"media/images/learning_curves_7_b1ad28f0bd97237608c7.png","format":"png","width":1500,"height":500,"_type":"image-file","sha256":"b1ad28f0bd97237608c700685e5dbd67f43c89d1f0c708d948114e578c245c88","size":49785},"sample_images":{"size":15278,"path":"media/images/sample_images_0_57b003a7d23e5882d9ff.png","format":"png","width":1200,"height":600,"_type":"image-file","sha256":"57b003a7d23e5882d9ff9f9a6bb1d526260d55d6a1b1981a717e6d9dd04adab5"},"_runtime":28.870876,"train_loss":2.3111556719990802,"train_accuracy":10.314814814814815,"val_accuracy":9.816666666666666}