{"val_loss":0.09784146064802957,"train_accuracy":98.26296296296296,"_step":12,"train_loss":0.0754125441157866,"sample_images":{"height":600,"_type":"image-file","sha256":"57b003a7d23e5882d9ff9f9a6bb1d526260d55d6a1b1981a717e6d9dd04adab5","size":15278,"path":"media/images/sample_images_0_57b003a7d23e5882d9ff.png","format":"png","width":1200},"epoch":9,"learning_curves":{"format":"png","width":1500,"height":500,"_type":"image-file","sha256":"932bacd75a18a324cc2c5b4a33beabfac56d92fdebe1de2439c0bc3afc99c4f7","size":51033,"path":"media/images/learning_curves_12_932bacd75a18a324cc2c.png"},"_runtime":31.0763778,"test_loss":0.10352875834901164,"_timestamp":1.7422275731483338e+09,"_wandb":{"runtime":31},"val_accuracy":97.01666666666667,"test_accuracy":96.89999999999999}