{"test_loss":7.459041760457762,"sample_images":{"height":600,"_type":"image-file","sha256":"57b003a7d23e5882d9ff9f9a6bb1d526260d55d6a1b1981a717e6d9dd04adab5","size":15278,"path":"media/images/sample_images_0_57b003a7d23e5882d9ff.png","format":"png","width":1200},"train_loss":8.803615040190165,"val_loss":7.462433641350258,"_wandb":{"runtime":16},"learning_curves":{"sha256":"b81130adcd7292e3070106ff366f300c69bb7fd155923254b0402dc02208f68d","size":61664,"path":"media/images/learning_curves_7_b81130adcd7292e30701.png","format":"png","width":1500,"height":500,"_type":"image-file"},"_runtime":16.9102964,"_step":7,"_timestamp":1.7422279914007294e+09,"val_accuracy":77.5,"test_accuracy":77.57,"train_accuracy":81.52777777777777,"epoch":4}