{"val_loss":0.13143516837477248,"train_loss":0.11945424379224523,"test_loss":0.13235374711385198,"_runtime":31.8704904,"val_accuracy":96.08333333333333,"_timestamp":1.7422125385839307e+09,"_step":17,"learning_curves":{"height":500,"_type":"image-file","sha256":"26c567dbf010d2f65372ac58e8300e822668567dbdcd0a948944378b0419ee2f","size":49311,"path":"media/images/learning_curves_17_26c567dbf010d2f65372.png","format":"png","width":1500},"sample_images":{"size":15278,"path":"media/images/sample_images_0_57b003a7d23e5882d9ff.png","format":"png","width":1200,"height":600,"_type":"image-file","sha256":"57b003a7d23e5882d9ff9f9a6bb1d526260d55d6a1b1981a717e6d9dd04adab5"},"epoch":14,"train_accuracy":96.64444444444445,"_wandb":{"runtime":31},"test_accuracy":95.95}