{"_wandb":{"runtime":17},"val_loss":0.5784742127086079,"train_accuracy":79.08148148148149,"test_loss":0.5982856464454133,"sample_images":{"height":600,"_type":"image-file","sha256":"77ee7a6052947e5d44d9fa2d7ba2735f1b3e51413e8c4eee21f851f552664b7b","size":31364,"path":"media/images/sample_images_0_77ee7a6052947e5d44d9.png","format":"png","width":1200},"train_loss":0.5974654143362615,"_step":7,"val_accuracy":78.91666666666667,"_runtime":17.124004,"_timestamp":1.7422282458105059e+09,"epoch":4,"test_accuracy":78.83,"learning_curves":{"path":"media/images/learning_curves_7_2fd7401bd74e1689ae16.png","format":"png","width":1500,"height":500,"_type":"image-file","sha256":"2fd7401bd74e1689ae1670f874dbfc45afc464fe0c05d0de135b1d062fe65067","size":54774}}