{"_wandb":{"runtime":30},"learning_curves":{"path":"media/images/learning_curves_17_b89f91c129c553fd398e.png","format":"png","width":1500,"height":500,"_type":"image-file","sha256":"b89f91c129c553fd398ed21990d0f22d1cf4435e118646286ca7881e3fe3f678","size":53872},"val_loss":0.4486710049415994,"sample_images":{"size":31364,"path":"media/images/sample_images_0_77ee7a6052947e5d44d9.png","format":"png","width":1200,"height":600,"_type":"image-file","sha256":"77ee7a6052947e5d44d9fa2d7ba2735f1b3e51413e8c4eee21f851f552664b7b"},"_runtime":30.7083042,"val_accuracy":84.16666666666667,"test_accuracy":83.27,"epoch":14,"train_accuracy":84.58703703703704,"test_loss":0.47781133868965897,"_timestamp":1.7421866397086842e+09,"_step":17,"train_loss":0.44018821449210555}