{"test_loss":0.12389772828899717,"learning_curves":{"width":1500,"height":500,"_type":"image-file","sha256":"0e0ad4751f75441e54790f052b0651402a7ad07c4aa5d5a53a0198de45be50c1","size":52522,"path":"media/images/learning_curves_17_0e0ad4751f75441e5479.png","format":"png"},"_runtime":29.8345597,"epoch":14,"val_accuracy":97.41666666666666,"_wandb":{"runtime":29},"train_accuracy":99.60555555555555,"_timestamp":1.7421868283639257e+09,"test_accuracy":96.73,"val_loss":0.10590480318457432,"train_loss":0.015282550810945853,"sample_images":{"size":15278,"path":"media/images/sample_images_0_57b003a7d23e5882d9ff.png","format":"png","width":1200,"height":600,"_type":"image-file","sha256":"57b003a7d23e5882d9ff9f9a6bb1d526260d55d6a1b1981a717e6d9dd04adab5"},"_step":17}