{"_runtime":13.2907775,"train_loss":0.04773248664444199,"test_accuracy":97.21,"_step":12,"train_accuracy":98.69259259259259,"epoch":9,"learning_curves":{"sha256":"5230bc6319c649b27ec45a43c02d4bbaf6db45e886f4193a628081826fa2f20f","size":54317,"path":"media/images/learning_curves_12_5230bc6319c649b27ec4.png","format":"png","width":1500,"height":500,"_type":"image-file"},"_wandb":{"runtime":13},"val_accuracy":97.36666666666667,"sample_images":{"sha256":"57b003a7d23e5882d9ff9f9a6bb1d526260d55d6a1b1981a717e6d9dd04adab5","size":15278,"path":"media/images/sample_images_0_57b003a7d23e5882d9ff.png","format":"png","width":1200,"height":600,"_type":"image-file"},"test_loss":0.09230082517174858,"_timestamp":1.7421881419853435e+09,"val_loss":0.09183783673502849}