{"_wandb":{"runtime":14},"_runtime":14.5840053,"val_accuracy":96.03333333333333,"_timestamp":1.7422253323378603e+09,"epoch":14,"train_loss":0.12252050504992343,"test_accuracy":95.86,"_step":17,"val_loss":0.13404818179714378,"train_accuracy":96.56666666666666,"learning_curves":{"sha256":"7dad654f8ed248c51a7fff378ea0d923a42736cb85c4154752d05840c8177378","size":46365,"path":"media/images/learning_curves_17_7dad654f8ed248c51a7f.png","format":"png","width":1500,"height":500,"_type":"image-file"},"test_loss":0.13572495595613898,"sample_images":{"width":1200,"height":600,"_type":"image-file","sha256":"57b003a7d23e5882d9ff9f9a6bb1d526260d55d6a1b1981a717e6d9dd04adab5","size":15278,"path":"media/images/sample_images_0_57b003a7d23e5882d9ff.png","format":"png"}}