{"test_loss":0.2689612702568442,"_timestamp":1.742213715296999e+09,"train_accuracy":93.03518518518518,"sample_images":{"_type":"image-file","sha256":"57b003a7d23e5882d9ff9f9a6bb1d526260d55d6a1b1981a717e6d9dd04adab5","size":15278,"path":"media/images/sample_images_0_57b003a7d23e5882d9ff.png","format":"png","width":1200,"height":600},"_step":17,"val_loss":0.26678205143329203,"val_accuracy":92.56666666666666,"learning_curves":{"height":500,"_type":"image-file","sha256":"c8ffc35164387ec9df23d20556b6279daf72ebd113e0bde51ea26577a22d8a3b","size":56161,"path":"media/images/learning_curves_17_c8ffc35164387ec9df23.png","format":"png","width":1500},"_wandb":{"runtime":16},"_runtime":16.461006,"train_loss":0.252567302841291,"test_accuracy":92.77,"epoch":14}