{"train_loss":0.09271891053987434,"test_accuracy":95.75,"train_accuracy":97.32407407407408,"_step":12,"_runtime":15.0549702,"test_loss":0.14217276049036703,"val_loss":0.1446107923598637,"_wandb":{"runtime":15},"_timestamp":1.7421422555720427e+09,"epoch":9,"val_accuracy":95.51666666666667,"sample_images":{"path":"media/images/sample_images_0_57b003a7d23e5882d9ff.png","format":"png","width":1200,"height":600,"_type":"image-file","sha256":"57b003a7d23e5882d9ff9f9a6bb1d526260d55d6a1b1981a717e6d9dd04adab5","size":15278},"learning_curves":{"format":"png","width":1500,"height":500,"_type":"image-file","sha256":"c97d88f147953c05b3713df33280078605443f3e163914eb4ece0d01c33b9fba","size":51208,"path":"media/images/learning_curves_12_c97d88f147953c05b371.png"}}