{"train_accuracy":96.49814814814815,"test_loss":0.13420316438452218,"val_accuracy":96.06666666666666,"val_loss":0.13438130052487085,"epoch":14,"_runtime":16.0614757,"_step":17,"learning_curves":{"format":"png","width":1500,"height":500,"_type":"image-file","sha256":"1a5ee8ffadf7ac14c09ed26bce5406bf31521bc9cf5ba29ca674a6fb214ef1bc","size":54186,"path":"media/images/learning_curves_17_1a5ee8ffadf7ac14c09e.png"},"_timestamp":1.7422232371892357e+09,"sample_images":{"path":"media/images/sample_images_0_57b003a7d23e5882d9ff.png","format":"png","width":1200,"height":600,"_type":"image-file","sha256":"57b003a7d23e5882d9ff9f9a6bb1d526260d55d6a1b1981a717e6d9dd04adab5","size":15278},"train_loss":0.14560887682694942,"test_accuracy":96.00999999999999,"_wandb":{"runtime":16}}