{"sample_images":{"width":1200,"height":600,"_type":"image-file","sha256":"57b003a7d23e5882d9ff9f9a6bb1d526260d55d6a1b1981a717e6d9dd04adab5","size":15278,"path":"media/images/sample_images_0_57b003a7d23e5882d9ff.png","format":"png"},"_timestamp":1.7422277928840384e+09,"val_loss":0.1805026725892415,"val_accuracy":94.86666666666666,"train_loss":0.1810674961922755,"_runtime":21.8783545,"_step":12,"epoch":9,"train_accuracy":95.04074074074073,"_wandb":{"runtime":21},"test_loss":0.17572138719033262,"test_accuracy":95.00999999999999,"learning_curves":{"format":"png","width":1500,"height":500,"_type":"image-file","sha256":"e383dbe3f876058bda62e583666cc8bc7a04a833c7551694952e43f5e185c262","size":51187,"path":"media/images/learning_curves_12_e383dbe3f876058bda62.png"}}