{"val_accuracy":97.43333333333334,"_timestamp":1.742213403189123e+09,"_wandb":{"runtime":41},"train_accuracy":98.51296296296296,"sample_images":{"height":600,"_type":"image-file","sha256":"57b003a7d23e5882d9ff9f9a6bb1d526260d55d6a1b1981a717e6d9dd04adab5","size":15278,"path":"media/images/sample_images_0_57b003a7d23e5882d9ff.png","format":"png","width":1200},"_step":17,"epoch":14,"_runtime":41.2880119,"train_loss":0.062147235161042216,"learning_curves":{"format":"png","width":1500,"height":500,"_type":"image-file","sha256":"05279984ac7f35314ed2e3cb9dd1dbb7b4bcf6e2066ec0a51272014dbb195855","size":58041,"path":"media/images/learning_curves_17_05279984ac7f35314ed2.png"},"test_loss":0.1846548956672971,"test_accuracy":96.89999999999999,"val_loss":0.1449394302768662}