{"sample_images":{"path":"media/images/sample_images_0_77ee7a6052947e5d44d9.png","format":"png","width":1200,"height":600,"_type":"image-file","sha256":"77ee7a6052947e5d44d9fa2d7ba2735f1b3e51413e8c4eee21f851f552664b7b","size":31364},"val_loss":0.40835796909266325,"train_accuracy":85.52407407407408,"epoch":14,"test_accuracy":84.69,"test_loss":0.4411125929085593,"learning_curves":{"size":74019,"path":"media/images/learning_curves_17_1784ad7e3b56062650cc.png","format":"png","width":1500,"height":500,"_type":"image-file","sha256":"1784ad7e3b56062650ccf727a90208f3c59c554d72f72598a5578e4fb98f630e"},"_wandb":{"runtime":15},"_timestamp":1.7421860994636202e+09,"_runtime":15.124669,"_step":17,"val_accuracy":85.55,"train_loss":0.45014730970826516}