{"learning_curves":{"width":1500,"height":500,"_type":"image-file","sha256":"26a7123cd242e3df38c902f943393ecb09c5cfabaab02d35b7a5b30f2a0f3957","size":45333,"path":"media/images/learning_curves_12_26a7123cd242e3df38c9.png","format":"png"},"_runtime":40.283244,"val_loss":2.30122773552374,"_wandb":{"runtime":40},"epoch":9,"val_accuracy":10.9,"_step":12,"train_loss":2.3017302064430165,"test_accuracy":11.35,"sample_images":{"format":"png","width":1200,"height":600,"_type":"image-file","sha256":"57b003a7d23e5882d9ff9f9a6bb1d526260d55d6a1b1981a717e6d9dd04adab5","size":15278,"path":"media/images/sample_images_0_57b003a7d23e5882d9ff.png"},"_timestamp":1.742206877525908e+09,"train_accuracy":11.309259259259258,"test_loss":2.300752476908769}