{"learning_curves":{"width":1500,"height":500,"_type":"image-file","sha256":"c8058c848b3c41c0604b54cac63f4d3a70ab156b472b2fa5f636c6e2ad9c3c81","size":56953,"path":"media/images/learning_curves_12_c8058c848b3c41c0604b.png","format":"png"},"epoch":9,"sample_images":{"_type":"image-file","sha256":"77ee7a6052947e5d44d9fa2d7ba2735f1b3e51413e8c4eee21f851f552664b7b","size":31364,"path":"media/images/sample_images_0_77ee7a6052947e5d44d9.png","format":"png","width":1200,"height":600},"_runtime":9.7145137,"val_loss":0.3124614287503707,"train_accuracy":89.37037037037037,"val_accuracy":88.88333333333334,"test_accuracy":87.79,"test_loss":0.34265874875219504,"_wandb":{"runtime":9},"_step":12,"train_loss":0.2872283322774936,"_timestamp":1.7421861883575287e+09}