{"_wandb":{"runtime":48},"sample_images":{"height":600,"_type":"image-file","sha256":"57b003a7d23e5882d9ff9f9a6bb1d526260d55d6a1b1981a717e6d9dd04adab5","size":15278,"path":"media/images/sample_images_0_57b003a7d23e5882d9ff.png","format":"png","width":1200},"_timestamp":1.7422150248200693e+09,"epoch":14,"train_accuracy":98.54444444444445,"train_loss":0.049716208068519716,"test_accuracy":97.38,"test_loss":0.08804929825270333,"val_loss":0.0916341803191122,"val_accuracy":97.45,"_step":17,"learning_curves":{"_type":"image-file","sha256":"975b63f72602c843a90938997c3e396c84c2ada369f9b554a834dd162be90336","size":50779,"path":"media/images/learning_curves_17_975b63f72602c843a909.png","format":"png","width":1500,"height":500},"_runtime":48.5347944}