{"val_loss":0.13225330729432438,"_runtime":13.2805226,"_wandb":{"runtime":13},"test_accuracy":96.24000000000001,"_timestamp":1.7422249596038945e+09,"sample_images":{"sha256":"57b003a7d23e5882d9ff9f9a6bb1d526260d55d6a1b1981a717e6d9dd04adab5","size":15278,"path":"media/images/sample_images_0_57b003a7d23e5882d9ff.png","format":"png","width":1200,"height":600,"_type":"image-file"},"epoch":4,"train_loss":0.23221526968723,"_step":7,"val_accuracy":96.46666666666667,"test_loss":0.1309676828442157,"learning_curves":{"height":500,"_type":"image-file","sha256":"59506487b5fccece2cfb6e3b42499a9f4bea6b2e8fa9196473d484de924de72c","size":51008,"path":"media/images/learning_curves_7_59506487b5fccece2cfb.png","format":"png","width":1500},"train_accuracy":96.39074074074074}