{"val_accuracy":10.549999999999999,"epoch":14,"sample_images":{"_type":"image-file","sha256":"57b003a7d23e5882d9ff9f9a6bb1d526260d55d6a1b1981a717e6d9dd04adab5","size":15278,"path":"media/images/sample_images_0_57b003a7d23e5882d9ff.png","format":"png","width":1200,"height":600},"_timestamp":1.7422149471069453e+09,"_runtime":48.0564183,"train_accuracy":10.275925925925925,"train_loss":2.522777202771981,"test_accuracy":10.280000000000001,"val_loss":2.468319831096318,"test_loss":2.4687017727349785,"learning_curves":{"size":71472,"path":"media/images/learning_curves_17_e33c8fa7b5fc24e15b93.png","format":"png","width":1500,"height":500,"_type":"image-file","sha256":"e33c8fa7b5fc24e15b93709dd5494206eefd01589cbb8aa1a3bb3349ba7ad5ba"},"_wandb":{"runtime":48},"_step":17}