{"train_accuracy":95.35555555555555,"test_loss":0.17228293408378176,"val_accuracy":94.93333333333334,"val_loss":0.17697704468600678,"_runtime":20.8932485,"test_accuracy":94.95,"_step":12,"_timestamp":1.7421419341774435e+09,"train_loss":0.21887126572591928,"_wandb":{"runtime":20},"sample_images":{"size":15278,"path":"media/images/sample_images_0_57b003a7d23e5882d9ff.png","format":"png","width":1200,"height":600,"_type":"image-file","sha256":"57b003a7d23e5882d9ff9f9a6bb1d526260d55d6a1b1981a717e6d9dd04adab5"},"learning_curves":{"path":"media/images/learning_curves_12_e68662e206b0061571ee.png","format":"png","width":1500,"height":500,"_type":"image-file","sha256":"e68662e206b0061571ee19507fbd1658732946535400cb1969d128bc9f10c8d3","size":60443},"epoch":9}