{"epoch":14,"train_loss":0.23794470758795808,"train_accuracy":93.60000000000001,"learning_curves":{"_type":"image-file","sha256":"1996a5ed32445d65949da6348adfc2e3eaf0ae7b0425544db019150174a93530","size":54851,"path":"media/images/learning_curves_17_1996a5ed32445d65949d.png","format":"png","width":1500,"height":500},"sample_images":{"_type":"image-file","sha256":"57b003a7d23e5882d9ff9f9a6bb1d526260d55d6a1b1981a717e6d9dd04adab5","size":15278,"path":"media/images/sample_images_0_57b003a7d23e5882d9ff.png","format":"png","width":1200,"height":600},"_runtime":12.2746008,"val_accuracy":93.55,"test_loss":0.23528331635703875,"test_accuracy":93.47999999999999,"_wandb":{"runtime":12},"_step":17,"_timestamp":1.7422126843717878e+09,"val_loss":0.23496127645729542}