{"train_loss":2.4709596443480053,"val_loss":2.451245272873747,"test_loss":2.4453460739780266,"learning_curves":{"path":"media/images/learning_curves_12_3cda6c3f9493a566669d.png","format":"png","width":1500,"height":500,"_type":"image-file","sha256":"3cda6c3f9493a566669d35f006007559e5c54169aaef148303e142b1c0675938","size":85660},"_timestamp":1.7422226954396467e+09,"_step":12,"_wandb":{"runtime":9},"_runtime":9.8768566,"test_accuracy":10,"train_accuracy":10.048148148148147,"val_accuracy":9.950000000000001,"epoch":9,"sample_images":{"size":31364,"path":"media/images/sample_images_0_77ee7a6052947e5d44d9.png","format":"png","width":1200,"height":600,"_type":"image-file","sha256":"77ee7a6052947e5d44d9fa2d7ba2735f1b3e51413e8c4eee21f851f552664b7b"}}