{"train_loss":0.9425990594174537,"sample_images":{"size":31364,"path":"media/images/sample_images_0_77ee7a6052947e5d44d9.png","format":"png","width":1200,"height":600,"_type":"image-file","sha256":"77ee7a6052947e5d44d9fa2d7ba2735f1b3e51413e8c4eee21f851f552664b7b"},"epoch":14,"_step":17,"train_accuracy":69.54259259259258,"learning_curves":{"format":"png","width":1500,"height":500,"_type":"image-file","sha256":"da8888408668239b8b09e09714c850edf94b6d4533e4313f7e548e18d73d3a95","size":59707,"path":"media/images/learning_curves_17_da8888408668239b8b09.png"},"_runtime":36.7864474,"val_accuracy":69.33333333333334,"val_loss":0.9293328830431956,"test_accuracy":68.74,"_wandb":{"runtime":36},"_timestamp":1.7415887514014263e+09,"test_loss":0.9327718519502836}