{"learning_curves":{"width":1500,"height":500,"_type":"image-file","sha256":"a28a1458cfab8274ae4883ba6248d619251ba07824ca50933f3854a093117716","size":46550,"path":"media/images/learning_curves_17_a28a1458cfab8274ae48.png","format":"png"},"epoch":14,"train_loss":0.09985593672645374,"_runtime":27.3459391,"val_loss":0.11271150219806847,"test_accuracy":96.61,"test_loss":0.11441360081241819,"_wandb":{"runtime":27},"train_accuracy":97.19444444444446,"_step":17,"sample_images":{"format":"png","width":1200,"height":600,"_type":"image-file","sha256":"57b003a7d23e5882d9ff9f9a6bb1d526260d55d6a1b1981a717e6d9dd04adab5","size":15278,"path":"media/images/sample_images_0_57b003a7d23e5882d9ff.png"},"val_accuracy":96.71666666666667,"_timestamp":1.742213262659128e+09}