{"test_loss":0.1671982038202412,"test_accuracy":95.09,"_timestamp":1.7422134472611415e+09,"_wandb":{"runtime":20},"_runtime":20.0136404,"train_accuracy":96.32407407407408,"train_loss":0.21284197897827944,"learning_curves":{"width":1500,"height":500,"_type":"image-file","sha256":"19a28f92044728b6066708d593733604fedbab6fe65f5368b12d22ee3d08e0bb","size":63723,"path":"media/images/learning_curves_17_19a28f92044728b60667.png","format":"png"},"sample_images":{"width":1200,"height":600,"_type":"image-file","sha256":"57b003a7d23e5882d9ff9f9a6bb1d526260d55d6a1b1981a717e6d9dd04adab5","size":15278,"path":"media/images/sample_images_0_57b003a7d23e5882d9ff.png","format":"png"},"val_accuracy":94.19999999999999,"val_loss":0.18508094225843602,"_step":17,"epoch":14}