{"train_accuracy":88.90370370370371,"train_loss":0.7186204105854157,"sample_images":{"_type":"image-file","sha256":"57b003a7d23e5882d9ff9f9a6bb1d526260d55d6a1b1981a717e6d9dd04adab5","size":15278,"path":"media/images/sample_images_0_57b003a7d23e5882d9ff.png","format":"png","width":1200,"height":600},"epoch":14,"val_loss":0.39589967225936346,"test_accuracy":89.49000000000001,"_timestamp":1.7422227992381618e+09,"_step":17,"learning_curves":{"_type":"image-file","sha256":"05a9d7ae953bb401b6358d79655d8d2a97c1c9a432fb4da97861283dbb2a4c6c","size":71379,"path":"media/images/learning_curves_17_05a9d7ae953bb401b635.png","format":"png","width":1500,"height":500},"_runtime":30.3327018,"val_accuracy":88.66666666666667,"test_loss":0.3756642039869555,"_wandb":{"runtime":30}}