{"val_loss":0.1578724927414318,"learning_curves":{"_type":"image-file","sha256":"5c6eaa3f864313df1762d13c38ebfda8b45dde9ba42d57089b47a96a27ddbe99","size":54307,"path":"media/images/learning_curves_17_5c6eaa3f864313df1762.png","format":"png","width":1500,"height":500},"test_loss":0.14829019486947453,"_timestamp":1.7422228202748346e+09,"train_accuracy":95.54259259259258,"epoch":14,"test_accuracy":95.66,"val_accuracy":95.28333333333333,"train_loss":0.2980220230314579,"sample_images":{"format":"png","width":1200,"height":600,"_type":"image-file","sha256":"57b003a7d23e5882d9ff9f9a6bb1d526260d55d6a1b1981a717e6d9dd04adab5","size":15278,"path":"media/images/sample_images_0_57b003a7d23e5882d9ff.png"},"_runtime":13.7831137,"_wandb":{"runtime":13},"_step":17}