{"_step":17,"train_accuracy":34.87222222222222,"_runtime":29.9335218,"_timestamp":1.7422098458895447e+09,"test_accuracy":36.69,"val_loss":1.551056971229389,"_wandb":{"runtime":29},"test_loss":1.5285196353215957,"train_loss":1.7329748259524032,"epoch":14,"learning_curves":{"size":73074,"path":"media/images/learning_curves_17_89d535cd9e355643978d.png","format":"png","width":1500,"height":500,"_type":"image-file","sha256":"89d535cd9e355643978dbf86d033fd1b7c6caaab905aa2483f4777d9c253b389"},"val_accuracy":35.266666666666666,"sample_images":{"height":600,"_type":"image-file","sha256":"57b003a7d23e5882d9ff9f9a6bb1d526260d55d6a1b1981a717e6d9dd04adab5","size":15278,"path":"media/images/sample_images_0_57b003a7d23e5882d9ff.png","format":"png","width":1200}}