{"train_accuracy":10.092592592592593,"test_loss":2.302570895656751,"sample_images":{"sha256":"77ee7a6052947e5d44d9fa2d7ba2735f1b3e51413e8c4eee21f851f552664b7b","size":31364,"path":"media/images/sample_images_0_77ee7a6052947e5d44d9.png","format":"png","width":1200,"height":600,"_type":"image-file"},"_timestamp":1.742137529914502e+09,"train_loss":2.302572746721812,"_wandb":{"runtime":9},"test_accuracy":10,"_step":7,"epoch":4,"learning_curves":{"format":"png","width":1500,"height":500,"_type":"image-file","sha256":"7067c4de655ff605476efad999c0b0425c78b17821d0489dfb7261819a68c263","size":43059,"path":"media/images/learning_curves_7_7067c4de655ff605476e.png"},"_runtime":9.9088526,"val_accuracy":9.166666666666666,"val_loss":2.3026199834184045}