{"test_accuracy":76.69,"_wandb":{"runtime":13},"val_loss":0.7657034550485592,"_timestamp":1.742214010583152e+09,"_runtime":13.717394,"test_loss":0.7615785775212307,"sample_images":{"path":"media/images/sample_images_0_57b003a7d23e5882d9ff.png","format":"png","width":1200,"height":600,"_type":"image-file","sha256":"57b003a7d23e5882d9ff9f9a6bb1d526260d55d6a1b1981a717e6d9dd04adab5","size":15278},"epoch":9,"learning_curves":{"format":"png","width":1500,"height":500,"_type":"image-file","sha256":"18576b8cd437bcdf2657099e1f963361927cdb5f6871c45e2b8d83350793e2b0","size":80108,"path":"media/images/learning_curves_12_18576b8cd437bcdf2657.png"},"train_accuracy":77.68703703703703,"_step":12,"train_loss":0.7469049830250184,"val_accuracy":76.33333333333333}