{"val_accuracy":88.05,"test_accuracy":87.74,"_step":12,"test_loss":0.4595665348591276,"epoch":9,"train_loss":0.510610345352457,"val_loss":0.44699196359695514,"_runtime":26.2455565,"learning_curves":{"size":62520,"path":"media/images/learning_curves_12_a5e60201941a5f4c720a.png","format":"png","width":1500,"height":500,"_type":"image-file","sha256":"a5e60201941a5f4c720af169545836543b6126214c4d1970efe84b68c7e5c776"},"_timestamp":1.7421362566746304e+09,"train_accuracy":87.00740740740741,"_wandb":{"runtime":26},"sample_images":{"size":15278,"path":"media/images/sample_images_0_57b003a7d23e5882d9ff.png","format":"png","width":1200,"height":600,"_type":"image-file","sha256":"57b003a7d23e5882d9ff9f9a6bb1d526260d55d6a1b1981a717e6d9dd04adab5"}}