{"test_loss":0.08571850944028005,"sample_images":{"height":600,"_type":"image-file","sha256":"57b003a7d23e5882d9ff9f9a6bb1d526260d55d6a1b1981a717e6d9dd04adab5","size":15278,"path":"media/images/sample_images_0_57b003a7d23e5882d9ff.png","format":"png","width":1200},"val_loss":0.08414402894481723,"train_loss":0.02732506923990624,"learning_curves":{"path":"media/images/learning_curves_12_b6a33532e7367ec741a5.png","format":"png","width":1500,"height":500,"_type":"image-file","sha256":"b6a33532e7367ec741a5f7d0e816fa097fff4830f978c1aee9b76be7e887669e","size":50964},"_step":12,"_runtime":26.4741134,"epoch":9,"val_accuracy":97.96666666666667,"_timestamp":1.7422120890803113e+09,"train_accuracy":99.22037037037038,"test_accuracy":97.98,"_wandb":{"runtime":26}}