{"train_accuracy":98.44444444444444,"val_accuracy":97.1,"_step":17,"learning_curves":{"width":1500,"height":500,"_type":"image-file","sha256":"e34b37e27be329969418cb49473042d12a27fb4c8be40ca1b0bbfff5ad68ea8c","size":51589,"path":"media/images/learning_curves_17_e34b37e27be329969418.png","format":"png"},"epoch":14,"val_loss":0.09018906730680493,"train_loss":0.05237950158967112,"test_accuracy":97.26,"_wandb":{"runtime":18},"sample_images":{"sha256":"57b003a7d23e5882d9ff9f9a6bb1d526260d55d6a1b1981a717e6d9dd04adab5","size":15278,"path":"media/images/sample_images_0_57b003a7d23e5882d9ff.png","format":"png","width":1200,"height":600,"_type":"image-file"},"_timestamp":1.7422073095596657e+09,"_runtime":17.8120496,"test_loss":0.08769524183272037}