{"_runtime":35.2638812,"val_loss":0.2641681820429065,"_timestamp":1.7422112242979813e+09,"_step":17,"train_loss":0.2496133518667793,"_wandb":{"runtime":35},"val_accuracy":92.7,"epoch":14,"sample_images":{"sha256":"57b003a7d23e5882d9ff9f9a6bb1d526260d55d6a1b1981a717e6d9dd04adab5","size":15278,"path":"media/images/sample_images_0_57b003a7d23e5882d9ff.png","format":"png","width":1200,"height":600,"_type":"image-file"},"learning_curves":{"format":"png","width":1500,"height":500,"_type":"image-file","sha256":"765f1612486a210ef74f3bb7d3b5497d2591e81807e5aca869ebd65e773c6d6c","size":48752,"path":"media/images/learning_curves_17_765f1612486a210ef74f.png"},"test_accuracy":92.66,"train_accuracy":93.04444444444444,"test_loss":0.2648070757763118}