{"val_loss":0.4889024043140009,"_wandb":{"runtime":24},"_runtime":24.6844393,"_step":12,"_timestamp":1.7422252108092203e+09,"epoch":9,"val_accuracy":82.96666666666667,"train_accuracy":83.26296296296296,"train_loss":0.4882978791284102,"sample_images":{"sha256":"77ee7a6052947e5d44d9fa2d7ba2735f1b3e51413e8c4eee21f851f552664b7b","size":31364,"path":"media/images/sample_images_0_77ee7a6052947e5d44d9.png","format":"png","width":1200,"height":600,"_type":"image-file"},"test_loss":0.5149794678907491,"test_accuracy":82.36,"learning_curves":{"size":53421,"path":"media/images/learning_curves_12_0d08e929a1007374e670.png","format":"png","width":1500,"height":500,"_type":"image-file","sha256":"0d08e929a1007374e670f38e80c7f998155e22c99c1e712d318d934128d70daf"}}