{"val_loss":0.07422683747113044,"val_accuracy":97.65,"learning_curves":{"sha256":"0dc8fdda4bf83a2bdefaf9135cb132b9c219a5c1c40dcbe3dbcdc58bed175b9e","size":51319,"path":"media/images/learning_curves_17_0dc8fdda4bf83a2bdefa.png","format":"png","width":1500,"height":500,"_type":"image-file"},"train_accuracy":99.13518518518518,"epoch":14,"_runtime":81.4290574,"sample_images":{"format":"png","width":1200,"height":600,"_type":"image-file","sha256":"57b003a7d23e5882d9ff9f9a6bb1d526260d55d6a1b1981a717e6d9dd04adab5","size":15278,"path":"media/images/sample_images_0_57b003a7d23e5882d9ff.png"},"test_accuracy":97.33000000000001,"_step":17,"test_loss":0.086150169243164,"_wandb":{"runtime":81},"_timestamp":1.7422258365205324e+09,"train_loss":0.03481324144973482}