{"_step":7,"train_loss":0.06572517221169397,"test_loss":0.10897558620640269,"_timestamp":1.7422256437948718e+09,"val_loss":0.09737536654413313,"_wandb":{"runtime":33},"learning_curves":{"_type":"image-file","sha256":"6ca1fb6efdeda3d66760fdf76fed7f749968cd963fc41501e5eb2215b8ebe8f8","size":53050,"path":"media/images/learning_curves_7_6ca1fb6efdeda3d66760.png","format":"png","width":1500,"height":500},"_runtime":33.4830868,"sample_images":{"height":600,"_type":"image-file","sha256":"57b003a7d23e5882d9ff9f9a6bb1d526260d55d6a1b1981a717e6d9dd04adab5","size":15278,"path":"media/images/sample_images_0_57b003a7d23e5882d9ff.png","format":"png","width":1200},"test_accuracy":96.71,"val_accuracy":96.93333333333334,"train_accuracy":98.00925925925927,"epoch":4}