{"train_accuracy":93.52777777777777,"_runtime":6.4409846,"learning_curves":{"height":500,"_type":"image-file","sha256":"aa359b863f9cbb5b5d989df1060e99f4bc3b2e7ef003b9ec91a8b93de26dea40","size":49859,"path":"media/images/learning_curves_7_aa359b863f9cbb5b5d98.png","format":"png","width":1500},"epoch":4,"_wandb":{"runtime":6},"_timestamp":1.7422233090820396e+09,"_step":7,"test_accuracy":93.83,"val_loss":0.2129232631156215,"test_loss":0.2132787913973781,"sample_images":{"height":600,"_type":"image-file","sha256":"57b003a7d23e5882d9ff9f9a6bb1d526260d55d6a1b1981a717e6d9dd04adab5","size":15278,"path":"media/images/sample_images_0_57b003a7d23e5882d9ff.png","format":"png","width":1200},"train_loss":0.2287587928472043,"val_accuracy":94.1}