{"_timestamp":1.7421881696962824e+09,"sample_images":{"format":"png","width":1200,"height":600,"_type":"image-file","sha256":"57b003a7d23e5882d9ff9f9a6bb1d526260d55d6a1b1981a717e6d9dd04adab5","size":15278,"path":"media/images/sample_images_0_57b003a7d23e5882d9ff.png"},"train_loss":0.09619772404470615,"_runtime":12.5744004,"test_loss":0.12650267163531118,"val_loss":0.12690122560636927,"_wandb":{"runtime":12},"train_accuracy":97.0925925925926,"epoch":9,"learning_curves":{"format":"png","width":1500,"height":500,"_type":"image-file","sha256":"7c35e9b7f10464f3ffb65f10f2cc0106d807805dee8611fdeeea00fe23f432ff","size":51815,"path":"media/images/learning_curves_12_7c35e9b7f10464f3ffb6.png"},"test_accuracy":96.2,"val_accuracy":96.41666666666666,"_step":12}