{"_wandb":{"runtime":9},"train_accuracy":11.274074074074074,"epoch":4,"_runtime":9.3662327,"test_accuracy":11.35,"train_loss":2.303525828825322,"test_loss":2.3024598013725193,"_step":7,"val_accuracy":10.9,"_timestamp":1.7421363201683586e+09,"val_loss":2.3025027370185907,"sample_images":{"width":1200,"height":600,"_type":"image-file","sha256":"57b003a7d23e5882d9ff9f9a6bb1d526260d55d6a1b1981a717e6d9dd04adab5","size":15278,"path":"media/images/sample_images_0_57b003a7d23e5882d9ff.png","format":"png"},"learning_curves":{"sha256":"386aa0ac8d5f702db3b4735527415fbcae19042d6b1980b434c2fe1ec845b227","size":37005,"path":"media/images/learning_curves_7_386aa0ac8d5f702db3b4.png","format":"png","width":1500,"height":500,"_type":"image-file"}}