{"_timestamp":1.742188812063925e+09,"epoch":9,"val_accuracy":94.68333333333334,"_wandb":{"runtime":9},"train_accuracy":95.1351851851852,"_runtime":9.4130967,"learning_curves":{"_type":"image-file","sha256":"fb4e71898b09c3372ed1386644238ae8bce854863f54469c7dc6576f60a263ab","size":46769,"path":"media/images/learning_curves_12_fb4e71898b09c3372ed1.png","format":"png","width":1500,"height":500},"test_loss":0.18432983100058045,"_step":12,"train_loss":0.17733240007870676,"test_accuracy":94.56,"val_loss":0.1794672037249262,"sample_images":{"path":"media/images/sample_images_0_57b003a7d23e5882d9ff.png","format":"png","width":1200,"height":600,"_type":"image-file","sha256":"57b003a7d23e5882d9ff9f9a6bb1d526260d55d6a1b1981a717e6d9dd04adab5","size":15278}}