{"val_loss":0.29621079441353454,"test_loss":0.28992452754813414,"test_accuracy":91.8,"_step":12,"val_accuracy":91.66666666666666,"epoch":9,"_wandb":{"runtime":10},"_timestamp":1.7422144856675103e+09,"train_loss":0.30449435717506884,"_runtime":10.1722342,"learning_curves":{"sha256":"eb37e6159f7a7b9da908c2ebda8c932e0b2191b0d28869545c3aebd212a0d60a","size":51948,"path":"media/images/learning_curves_12_eb37e6159f7a7b9da908.png","format":"png","width":1500,"height":500,"_type":"image-file"},"sample_images":{"_type":"image-file","sha256":"57b003a7d23e5882d9ff9f9a6bb1d526260d55d6a1b1981a717e6d9dd04adab5","size":15278,"path":"media/images/sample_images_0_57b003a7d23e5882d9ff.png","format":"png","width":1200,"height":600},"train_accuracy":91.26111111111112}