{"test_loss":0.3997537739836465,"test_accuracy":85.87,"_runtime":11.9729166,"val_loss":0.3668776920216501,"learning_curves":{"sha256":"25a8a34244e630644ca8fb05d2725adb885731ed0eaf453fe876a6713bb54de3","size":56195,"path":"media/images/learning_curves_7_25a8a34244e630644ca8.png","format":"png","width":1500,"height":500,"_type":"image-file"},"sample_images":{"format":"png","width":1200,"height":600,"_type":"image-file","sha256":"77ee7a6052947e5d44d9fa2d7ba2735f1b3e51413e8c4eee21f851f552664b7b","size":31364,"path":"media/images/sample_images_0_77ee7a6052947e5d44d9.png"},"_step":7,"epoch":4,"val_accuracy":86.88333333333334,"train_loss":0.36593712209716894,"_timestamp":1.7422233526747181e+09,"train_accuracy":87.00925925925927,"_wandb":{"runtime":12}}