{"train_accuracy":9.85,"_timestamp":1.7422231849552698e+09,"epoch":14,"val_accuracy":9.166666666666666,"train_loss":2.302716652155124,"val_loss":2.302725478451415,"test_loss":2.3025964015020337,"_step":17,"sample_images":{"format":"png","width":1200,"height":600,"_type":"image-file","sha256":"77ee7a6052947e5d44d9fa2d7ba2735f1b3e51413e8c4eee21f851f552664b7b","size":31364,"path":"media/images/sample_images_0_77ee7a6052947e5d44d9.png"},"_runtime":7.3857598,"test_accuracy":10,"learning_curves":{"path":"media/images/learning_curves_17_3feae7c281cca7201f85.png","format":"png","width":1500,"height":500,"_type":"image-file","sha256":"3feae7c281cca7201f857ba1ada63533611921bb25bd84e4d87acda96945124c","size":81124},"_wandb":{"runtime":7}}