{"_step":17,"train_loss":0.5899259335769783,"epoch":14,"_timestamp":1.7415888395448985e+09,"test_loss":0.5620131587401773,"test_accuracy":87.42999999999999,"train_accuracy":87.13888888888889,"val_loss":0.5560174845731065,"_runtime":20.0993225,"val_accuracy":87.7,"learning_curves":{"width":1500,"height":500,"_type":"image-file","sha256":"33719384098ab15713ffede983a926420d25411c6bbcadafbeb76f3ba9ba34f7","size":63313,"path":"media/images/learning_curves_17_33719384098ab15713ff.png","format":"png"},"sample_images":{"path":"media/images/sample_images_0_57b003a7d23e5882d9ff.png","format":"png","width":1200,"height":600,"_type":"image-file","sha256":"57b003a7d23e5882d9ff9f9a6bb1d526260d55d6a1b1981a717e6d9dd04adab5","size":15278},"_wandb":{"runtime":20}}