{"val_loss":0.13396324101388696,"sample_images":{"size":15278,"path":"media/images/sample_images_0_57b003a7d23e5882d9ff.png","format":"png","width":1200,"height":600,"_type":"image-file","sha256":"57b003a7d23e5882d9ff9f9a6bb1d526260d55d6a1b1981a717e6d9dd04adab5"},"_step":12,"_wandb":{"runtime":12},"test_accuracy":96.41999999999999,"epoch":9,"val_accuracy":96.55,"test_loss":0.1388782686889956,"_timestamp":1.742224056546401e+09,"learning_curves":{"height":500,"_type":"image-file","sha256":"a9ed4a334de8c2ca7e5146717fadd65abb107e0d51cc0881f82b13e7add155fe","size":57983,"path":"media/images/learning_curves_12_a9ed4a334de8c2ca7e51.png","format":"png","width":1500},"train_loss":0.14341690756348596,"_runtime":12.6400029,"train_accuracy":97.16111111111111}