{"test_loss":0.4841071554762498,"test_accuracy":88.56,"_timestamp":1.742185648023562e+09,"epoch":4,"_wandb":{"runtime":9},"_step":7,"learning_curves":{"sha256":"9fa83ddaa48fd1967b9012178282a6f8451d624b108a34d9eff39c75ec14f714","size":63515,"path":"media/images/learning_curves_7_9fa83ddaa48fd1967b90.png","format":"png","width":1500,"height":500,"_type":"image-file"},"_runtime":9.769198,"sample_images":{"_type":"image-file","sha256":"57b003a7d23e5882d9ff9f9a6bb1d526260d55d6a1b1981a717e6d9dd04adab5","size":15278,"path":"media/images/sample_images_0_57b003a7d23e5882d9ff.png","format":"png","width":1200,"height":600},"val_accuracy":88.44999999999999,"train_accuracy":87.2574074074074,"val_loss":0.4902509847874365,"train_loss":0.5543108480235834}