{"_timestamp":1.7421413925547044e+09,"train_accuracy":78.77407407407408,"_step":12,"sample_images":{"width":1200,"height":600,"_type":"image-file","sha256":"77ee7a6052947e5d44d9fa2d7ba2735f1b3e51413e8c4eee21f851f552664b7b","size":31364,"path":"media/images/sample_images_0_77ee7a6052947e5d44d9.png","format":"png"},"_wandb":{"runtime":18},"train_loss":0.6271040831513233,"val_accuracy":73.83333333333333,"learning_curves":{"path":"media/images/learning_curves_12_67da38baff995bdefea8.png","format":"png","width":1500,"height":500,"_type":"image-file","sha256":"67da38baff995bdefea82ef6d7c776309386d5b5437232ce21818bb8d37b8ec1","size":52130},"test_loss":0.7982176972190985,"test_accuracy":72.55,"epoch":9,"_runtime":18.7919375,"val_loss":0.7663059042580154}