{"_step":7,"val_accuracy":94.63333333333334,"test_loss":0.19288209642078052,"_runtime":9.4564777,"test_accuracy":94.51,"val_loss":0.19327623262775462,"train_loss":0.23373123791395325,"_timestamp":1.742224813892834e+09,"train_accuracy":94.32777777777778,"sample_images":{"_type":"image-file","sha256":"57b003a7d23e5882d9ff9f9a6bb1d526260d55d6a1b1981a717e6d9dd04adab5","size":15278,"path":"media/images/sample_images_0_57b003a7d23e5882d9ff.png","format":"png","width":1200,"height":600},"_wandb":{"runtime":9},"epoch":4,"learning_curves":{"width":1500,"height":500,"_type":"image-file","sha256":"283ef76430a9fc0c50e7a411d51a5c8c9b7938b0ef67116763b69da47254ecb7","size":51911,"path":"media/images/learning_curves_7_283ef76430a9fc0c50e7.png","format":"png"}}