{"_runtime":11.2867445,"_step":12,"_timestamp":1.7422100642158215e+09,"train_accuracy":98.46851851851852,"learning_curves":{"width":1500,"height":500,"_type":"image-file","sha256":"20a5e94550e53ba14044dafccc05b0fcec32555b7ed4e8b70fc7ff32b4fe0713","size":54217,"path":"media/images/learning_curves_12_20a5e94550e53ba14044.png","format":"png"},"_wandb":{"runtime":11},"sample_images":{"size":15278,"path":"media/images/sample_images_0_57b003a7d23e5882d9ff.png","format":"png","width":1200,"height":600,"_type":"image-file","sha256":"57b003a7d23e5882d9ff9f9a6bb1d526260d55d6a1b1981a717e6d9dd04adab5"},"test_accuracy":97.06,"test_loss":0.10007263794391176,"epoch":9,"train_loss":0.0518393380612525,"val_loss":0.08862199408518177,"val_accuracy":97.35000000000001}