{"test_loss":0.19809828182699368,"train_accuracy":94.34629629629629,"epoch":4,"train_loss":0.20541537094296228,"_step":7,"_timestamp":1.742186509159388e+09,"learning_curves":{"size":53414,"path":"media/images/learning_curves_7_1176b79c12356e2c83e1.png","format":"png","width":1500,"height":500,"_type":"image-file","sha256":"1176b79c12356e2c83e1d56819cd20218bf1d3715df26af6f5520d0e6431aa6a"},"_runtime":5.7249751,"test_accuracy":94.39,"val_accuracy":94.66666666666667,"_wandb":{"runtime":5},"val_loss":0.19401437568694366,"sample_images":{"width":1200,"height":600,"_type":"image-file","sha256":"57b003a7d23e5882d9ff9f9a6bb1d526260d55d6a1b1981a717e6d9dd04adab5","size":15278,"path":"media/images/sample_images_0_57b003a7d23e5882d9ff.png","format":"png"}}