{"epoch":9,"_runtime":11.3817329,"test_loss":2.3027117909160637,"val_accuracy":9.950000000000001,"_wandb":{"runtime":11},"sample_images":{"width":1200,"height":600,"_type":"image-file","sha256":"77ee7a6052947e5d44d9fa2d7ba2735f1b3e51413e8c4eee21f851f552664b7b","size":31364,"path":"media/images/sample_images_0_77ee7a6052947e5d44d9.png","format":"png"},"_timestamp":1.742139135369989e+09,"train_loss":2.30271882991877,"test_accuracy":10,"learning_curves":{"path":"media/images/learning_curves_12_5cc132009363afd9abe8.png","format":"png","width":1500,"height":500,"_type":"image-file","sha256":"5cc132009363afd9abe89b97fccc578526d41e64f3f0295d55e056293cc039b0","size":66456},"_step":12,"val_loss":2.3027234713160447,"train_accuracy":10.005555555555555}