{"test_loss":0.17315456451292785,"_wandb":{"runtime":23},"_runtime":23.4922187,"train_accuracy":96.07037037037037,"test_accuracy":95.04,"train_loss":0.13617947385933962,"_timestamp":1.7421393133066406e+09,"epoch":9,"val_loss":0.16241693401431517,"val_accuracy":95.43333333333334,"learning_curves":{"width":1500,"height":500,"_type":"image-file","sha256":"b81107dfbe2fd1c2507534f5386e4dc1b2b05f516d58bcfd03970386051c215a","size":55023,"path":"media/images/learning_curves_12_b81107dfbe2fd1c25075.png","format":"png"},"sample_images":{"width":1200,"height":600,"_type":"image-file","sha256":"57b003a7d23e5882d9ff9f9a6bb1d526260d55d6a1b1981a717e6d9dd04adab5","size":15278,"path":"media/images/sample_images_0_57b003a7d23e5882d9ff.png","format":"png"},"_step":12}