{"train_loss":0.33998880429288036,"val_accuracy":86.8,"_step":7,"_wandb":{"runtime":21},"_timestamp":1.7421402910589967e+09,"sample_images":{"_type":"image-file","sha256":"77ee7a6052947e5d44d9fa2d7ba2735f1b3e51413e8c4eee21f851f552664b7b","size":31364,"path":"media/images/sample_images_0_77ee7a6052947e5d44d9.png","format":"png","width":1200,"height":600},"val_loss":0.36523867790482795,"epoch":4,"test_accuracy":85.9,"train_accuracy":87.85740740740741,"learning_curves":{"size":55483,"path":"media/images/learning_curves_7_02bd6e565354be5e1051.png","format":"png","width":1500,"height":500,"_type":"image-file","sha256":"02bd6e565354be5e1051f66f0bda1737fbdfcf7326d364ce1adf5c6ed52cfb67"},"test_loss":0.38406138128926015,"_runtime":21.1755517}