{"val_loss":0.2913704139682799,"sample_images":{"_type":"image-file","sha256":"57b003a7d23e5882d9ff9f9a6bb1d526260d55d6a1b1981a717e6d9dd04adab5","size":15278,"path":"media/images/sample_images_0_57b003a7d23e5882d9ff.png","format":"png","width":1200,"height":600},"train_loss":0.30994777694944303,"test_loss":0.2929900091496579,"val_accuracy":91.55,"_runtime":19.5773383,"_wandb":{"runtime":19},"test_accuracy":91.97999999999999,"_timestamp":1.7421876338490803e+09,"train_accuracy":92.13148148148149,"learning_curves":{"sha256":"91a816b41a0761f5f19c998fb4a1ad1f6dbd5b491b829c151fef256207c6125f","size":63105,"path":"media/images/learning_curves_12_91a816b41a0761f5f19c.png","format":"png","width":1500,"height":500,"_type":"image-file"},"epoch":9,"_step":12}