{"_runtime":19.8115198,"test_loss":0.35037263014277903,"_timestamp":1.742142595395618e+09,"_wandb":{"runtime":19},"val_loss":0.3505007909290153,"test_accuracy":89.91,"epoch":4,"sample_images":{"size":15278,"path":"media/images/sample_images_0_57b003a7d23e5882d9ff.png","format":"png","width":1200,"height":600,"_type":"image-file","sha256":"57b003a7d23e5882d9ff9f9a6bb1d526260d55d6a1b1981a717e6d9dd04adab5"},"train_accuracy":89.50555555555556,"train_loss":0.36813071052511825,"_step":7,"val_accuracy":90.16666666666666,"learning_curves":{"format":"png","width":1500,"height":500,"_type":"image-file","sha256":"1808835aef253b6fac760b155f409eb1d259d534ef324f87c3f0bded5957a454","size":55679,"path":"media/images/learning_curves_7_1808835aef253b6fac76.png"}}