{"_step":12,"_timestamp":1.742222865907442e+09,"sample_images":{"format":"png","width":1200,"height":600,"_type":"image-file","sha256":"57b003a7d23e5882d9ff9f9a6bb1d526260d55d6a1b1981a717e6d9dd04adab5","size":15278,"path":"media/images/sample_images_0_57b003a7d23e5882d9ff.png"},"train_loss":0.23306949661359735,"test_accuracy":93.26,"_wandb":{"runtime":10},"val_loss":0.25126285911091056,"learning_curves":{"size":65100,"path":"media/images/learning_curves_12_be47499ca3ee86e786db.png","format":"png","width":1500,"height":500,"_type":"image-file","sha256":"be47499ca3ee86e786dbd6c9f5c861e134202042a4435037c7b2fa691ee8de19"},"_runtime":10.0454811,"train_accuracy":93.80185185185185,"val_accuracy":92.85,"epoch":9,"test_loss":0.2472409355434467}