{"test_loss":0.13557431185210228,"_step":12,"test_accuracy":96.05,"sample_images":{"width":1200,"height":600,"_type":"image-file","sha256":"57b003a7d23e5882d9ff9f9a6bb1d526260d55d6a1b1981a717e6d9dd04adab5","size":15278,"path":"media/images/sample_images_0_57b003a7d23e5882d9ff.png","format":"png"},"train_loss":0.13228140286177267,"learning_curves":{"path":"media/images/learning_curves_12_4a68534bea4fccc87d94.png","format":"png","width":1500,"height":500,"_type":"image-file","sha256":"4a68534bea4fccc87d94ac83f4cbc9f1ac6e29482e9d352c285a3abe012e9b66","size":46305},"val_accuracy":96.01666666666667,"_runtime":12.2192591,"_timestamp":1.7422252904350603e+09,"val_loss":0.13994819592802432,"_wandb":{"runtime":12},"train_accuracy":96.28333333333333,"epoch":9}