{"val_accuracy":97.28333333333333,"train_accuracy":99.48703703703704,"val_loss":0.08378232579599512,"train_loss":0.020876974613780654,"_runtime":13.5493693,"test_accuracy":97.11,"_timestamp":1.742185911058067e+09,"_wandb":{"runtime":13},"epoch":14,"_step":17,"sample_images":{"path":"media/images/sample_images_0_57b003a7d23e5882d9ff.png","format":"png","width":1200,"height":600,"_type":"image-file","sha256":"57b003a7d23e5882d9ff9f9a6bb1d526260d55d6a1b1981a717e6d9dd04adab5","size":15278},"test_loss":0.1003508884739159,"learning_curves":{"size":51193,"path":"media/images/learning_curves_17_0445a4e5a77ba26c413f.png","format":"png","width":1500,"height":500,"_type":"image-file","sha256":"0445a4e5a77ba26c413f4e762c1df44bfdca1aae5c9f42c873baad5b2bf1353e"}}