{"val_accuracy":97.03333333333333,"test_accuracy":96.63000000000001,"sample_images":{"_type":"image-file","sha256":"57b003a7d23e5882d9ff9f9a6bb1d526260d55d6a1b1981a717e6d9dd04adab5","size":15278,"path":"media/images/sample_images_0_57b003a7d23e5882d9ff.png","format":"png","width":1200,"height":600},"learning_curves":{"height":500,"_type":"image-file","sha256":"2efb1092b17fce8564244bb3e7b5512732ed18a6fc4378533dccf126f3233a42","size":53103,"path":"media/images/learning_curves_12_2efb1092b17fce856424.png","format":"png","width":1500},"_wandb":{"runtime":13},"train_loss":0.09453651222649602,"_step":12,"_runtime":13.1341279,"_timestamp":1.742187797820505e+09,"val_loss":0.10902948430742218,"test_loss":0.11174935015379316,"epoch":9,"train_accuracy":97.43148148148148}