{"train_loss":0.4031124914417717,"sample_images":{"height":600,"_type":"image-file","sha256":"77ee7a6052947e5d44d9fa2d7ba2735f1b3e51413e8c4eee21f851f552664b7b","size":31364,"path":"media/images/sample_images_0_77ee7a6052947e5d44d9.png","format":"png","width":1200},"_step":17,"_runtime":34.0938606,"val_loss":0.40600003717252053,"_timestamp":1.7421375097633262e+09,"val_accuracy":85.96666666666667,"test_loss":0.43361261350178043,"_wandb":{"runtime":34},"epoch":14,"train_accuracy":86.55000000000001,"test_accuracy":85.1,"learning_curves":{"size":58805,"path":"media/images/learning_curves_17_082b88e46a147e5108f1.png","format":"png","width":1500,"height":500,"_type":"image-file","sha256":"082b88e46a147e5108f1c103ab1a786c8a73a42c3316e1c381c9c57f56b20d47"}}