{"_runtime":48.4899893,"_timestamp":1.7422141711992211e+09,"learning_curves":{"sha256":"7a99d4650482b04b586abb2557bb6751a2d7f16c626fa137af9d92cd8013474a","size":54767,"path":"media/images/learning_curves_17_7a99d4650482b04b586a.png","format":"png","width":1500,"height":500,"_type":"image-file"},"train_accuracy":97.71111111111111,"epoch":14,"_step":17,"_wandb":{"runtime":48},"sample_images":{"path":"media/images/sample_images_0_57b003a7d23e5882d9ff.png","format":"png","width":1200,"height":600,"_type":"image-file","sha256":"57b003a7d23e5882d9ff9f9a6bb1d526260d55d6a1b1981a717e6d9dd04adab5","size":15278},"val_loss":0.10396224368386406,"test_accuracy":96.6,"val_accuracy":96.93333333333334,"train_loss":0.08234215868039743,"test_loss":0.10676186081016324}