{"train_accuracy":98.60925925925926,"val_accuracy":97.36666666666667,"_runtime":60.4132625,"train_loss":0.08192463720958959,"test_accuracy":96.97,"epoch":9,"test_loss":0.10372767718687319,"_wandb":{"runtime":60},"_step":12,"sample_images":{"size":15278,"path":"media/images/sample_images_0_57b003a7d23e5882d9ff.png","format":"png","width":1200,"height":600,"_type":"image-file","sha256":"57b003a7d23e5882d9ff9f9a6bb1d526260d55d6a1b1981a717e6d9dd04adab5"},"_timestamp":1.7422257408029277e+09,"val_loss":0.09314588398275678,"learning_curves":{"_type":"image-file","sha256":"392a55bb2d0a6220c9a4d174b69d29876a0f1ecb682068888abe50938cc58ae3","size":48350,"path":"media/images/learning_curves_12_392a55bb2d0a6220c9a4.png","format":"png","width":1500,"height":500}}