{"test_accuracy":96.71,"_step":17,"train_accuracy":98.31666666666666,"epoch":14,"_wandb":{"runtime":13},"train_loss":0.05970809657226133,"test_loss":0.11103737413014375,"_timestamp":1.7422271551498377e+09,"_runtime":13.1543688,"sample_images":{"sha256":"57b003a7d23e5882d9ff9f9a6bb1d526260d55d6a1b1981a717e6d9dd04adab5","size":15278,"path":"media/images/sample_images_0_57b003a7d23e5882d9ff.png","format":"png","width":1200,"height":600,"_type":"image-file"},"val_accuracy":96.95,"learning_curves":{"width":1500,"height":500,"_type":"image-file","sha256":"dc2297ef2709ad33d2ef38e1aba55bbb146409e4659bd269e7505c0f70967366","size":53876,"path":"media/images/learning_curves_17_dc2297ef2709ad33d2ef.png","format":"png"},"val_loss":0.10568544995834438}