{"train_accuracy":96.7462962962963,"test_accuracy":95.92,"train_loss":0.11723258652705848,"val_accuracy":96.03333333333333,"_runtime":30.1909382,"_step":17,"sample_images":{"path":"media/images/sample_images_0_57b003a7d23e5882d9ff.png","format":"png","width":1200,"height":600,"_type":"image-file","sha256":"57b003a7d23e5882d9ff9f9a6bb1d526260d55d6a1b1981a717e6d9dd04adab5","size":15278},"epoch":14,"val_loss":0.1393242619383431,"_wandb":{"runtime":30},"_timestamp":1.74222588091178e+09,"learning_curves":{"width":1500,"height":500,"_type":"image-file","sha256":"b2d43d223a1a173082597fcc729b916998b073415912bda180db29fb11eb13bc","size":52059,"path":"media/images/learning_curves_17_b2d43d223a1a17308259.png","format":"png"},"test_loss":0.13435545476331576}