{"test_accuracy":95.37,"_runtime":13.0145131,"val_accuracy":95.65,"sample_images":{"format":"png","width":1200,"height":600,"_type":"image-file","sha256":"57b003a7d23e5882d9ff9f9a6bb1d526260d55d6a1b1981a717e6d9dd04adab5","size":15278,"path":"media/images/sample_images_0_57b003a7d23e5882d9ff.png"},"_timestamp":1.742227616928565e+09,"_step":7,"test_loss":0.16180719525673434,"learning_curves":{"_type":"image-file","sha256":"37f33b19dba85c3c48c131fe0ae3e19958b9779dc300808b69602b720b45beb1","size":49960,"path":"media/images/learning_curves_7_37f33b19dba85c3c48c1.png","format":"png","width":1500,"height":500},"_wandb":{"runtime":13},"train_loss":0.11301669579535421,"train_accuracy":96.6962962962963,"val_loss":0.1492789808058426,"epoch":4}