{"_runtime":7.2433518,"test_accuracy":94.31,"_wandb":{"runtime":7},"_timestamp":1.7422249325339649e+09,"train_accuracy":94.17777777777778,"val_accuracy":94.51666666666667,"train_loss":0.20687991269703168,"learning_curves":{"sha256":"901816f42bf700f66ae827c8be3f59694985a35b04eaf80de24a9d5b90b8365c","size":50127,"path":"media/images/learning_curves_7_901816f42bf700f66ae8.png","format":"png","width":1500,"height":500,"_type":"image-file"},"sample_images":{"path":"media/images/sample_images_0_57b003a7d23e5882d9ff.png","format":"png","width":1200,"height":600,"_type":"image-file","sha256":"57b003a7d23e5882d9ff9f9a6bb1d526260d55d6a1b1981a717e6d9dd04adab5","size":15278},"val_loss":0.19364379161323667,"epoch":4,"test_loss":0.1931924853132854,"_step":7}