{"epoch":9,"_timestamp":1.742188208905449e+09,"test_accuracy":78.86999999999999,"val_loss":0.7294310498127425,"test_loss":0.7125673430465109,"learning_curves":{"size":57074,"path":"media/images/learning_curves_12_f45d0cd68abeafda4a0e.png","format":"png","width":1500,"height":500,"_type":"image-file","sha256":"f45d0cd68abeafda4a0e901414508b3810dbf053008e80eba636440237820782"},"_runtime":24.9877381,"train_loss":1.2280426332612135,"train_accuracy":78.17777777777778,"val_accuracy":78.26666666666667,"_wandb":{"runtime":25},"_step":12,"sample_images":{"height":600,"_type":"image-file","sha256":"57b003a7d23e5882d9ff9f9a6bb1d526260d55d6a1b1981a717e6d9dd04adab5","size":15278,"path":"media/images/sample_images_0_57b003a7d23e5882d9ff.png","format":"png","width":1200}}