{"epoch":14,"test_accuracy":95.97,"_wandb":{"runtime":16},"val_loss":0.14628761888615238,"_step":17,"train_accuracy":96.12407407407407,"sample_images":{"format":"png","width":1200,"height":600,"_type":"image-file","sha256":"57b003a7d23e5882d9ff9f9a6bb1d526260d55d6a1b1981a717e6d9dd04adab5","size":15278,"path":"media/images/sample_images_0_57b003a7d23e5882d9ff.png"},"train_loss":0.18453860840328878,"test_loss":0.14004356067879237,"_runtime":16.8471475,"learning_curves":{"path":"media/images/learning_curves_17_88603d4d89d9cb2fce9a.png","format":"png","width":1500,"height":500,"_type":"image-file","sha256":"88603d4d89d9cb2fce9a197a2e391e034470d75a967d25fb5b76076a3324104e","size":48082},"val_accuracy":96.11666666666666,"_timestamp":1.7415914151415634e+09}