{"test_accuracy":90.57,"learning_curves":{"height":500,"_type":"image-file","sha256":"31d356d2156a1ed6938291f50bb3d7ea61c3f3ca3c4f6895a985e5206747ffe2","size":53487,"path":"media/images/learning_curves_17_31d356d2156a1ed69382.png","format":"png","width":1500},"train_loss":0.3280706490199176,"train_accuracy":90.72962962962963,"test_loss":0.3224671439955698,"epoch":14,"val_accuracy":90.63333333333333,"_timestamp":1.7422250399993298e+09,"_step":17,"val_loss":0.32036231498388873,"sample_images":{"size":15278,"path":"media/images/sample_images_0_57b003a7d23e5882d9ff.png","format":"png","width":1200,"height":600,"_type":"image-file","sha256":"57b003a7d23e5882d9ff9f9a6bb1d526260d55d6a1b1981a717e6d9dd04adab5"},"_runtime":10.4498848,"_wandb":{"runtime":10}}