{"train_loss":0.2451837592896683,"_runtime":55.5137923,"sample_images":{"sha256":"57b003a7d23e5882d9ff9f9a6bb1d526260d55d6a1b1981a717e6d9dd04adab5","size":15278,"path":"media/images/sample_images_0_57b003a7d23e5882d9ff.png","format":"png","width":1200,"height":600,"_type":"image-file"},"val_loss":0.23992609479133697,"test_accuracy":93.11,"_wandb":{"runtime":55},"val_accuracy":93.23333333333333,"test_loss":0.23594741465085647,"train_accuracy":93.0962962962963,"epoch":9,"_step":12,"learning_curves":{"format":"png","width":1500,"height":500,"_type":"image-file","sha256":"a8afd81e735162476e0e8d443ec1d0facadc9199769c90c8198ef7daf2674cf4","size":50521,"path":"media/images/learning_curves_12_a8afd81e735162476e0e.png"},"_timestamp":1.7422144229133368e+09}