{"test_accuracy":95.89999999999999,"val_accuracy":95.98333333333333,"_timestamp":1.7421883484043815e+09,"val_loss":0.14744957307563403,"test_loss":0.1484484107511498,"_runtime":24.3072255,"learning_curves":{"path":"media/images/learning_curves_17_667628bf9cff405c68f0.png","format":"png","width":1500,"height":500,"_type":"image-file","sha256":"667628bf9cff405c68f02a180aa8313e3c2bb7f0cf9a618c38e0a43d3c893e5d","size":53613},"_step":17,"sample_images":{"_type":"image-file","sha256":"57b003a7d23e5882d9ff9f9a6bb1d526260d55d6a1b1981a717e6d9dd04adab5","size":15278,"path":"media/images/sample_images_0_57b003a7d23e5882d9ff.png","format":"png","width":1200,"height":600},"train_loss":0.049791633678900285,"train_accuracy":98.57037037037037,"epoch":14,"_wandb":{"runtime":24}}