{"val_accuracy":96.53333333333333,"_step":12,"_wandb":{"runtime":12},"val_loss":0.11681222482109357,"learning_curves":{"format":"png","width":1500,"height":500,"_type":"image-file","sha256":"19a57a13afc5b3f5b40f339e750b3f56a008927aa0fa54b480c25ad0bf8ef24c","size":49475,"path":"media/images/learning_curves_12_19a57a13afc5b3f5b40f.png"},"sample_images":{"size":15278,"path":"media/images/sample_images_0_57b003a7d23e5882d9ff.png","format":"png","width":1200,"height":600,"_type":"image-file","sha256":"57b003a7d23e5882d9ff9f9a6bb1d526260d55d6a1b1981a717e6d9dd04adab5"},"train_accuracy":97.89814814814815,"epoch":9,"test_accuracy":96.58,"train_loss":0.07150663367478823,"_timestamp":1.742139920416517e+09,"_runtime":12.3385142,"test_loss":0.11772800033078476}