{"epoch":9,"_step":12,"train_loss":0.08101796948772196,"_timestamp":1.7422247506244845e+09,"val_loss":0.09990813469849752,"test_accuracy":97.08,"_wandb":{"runtime":28},"val_accuracy":97.26666666666667,"_runtime":28.0427336,"learning_curves":{"_type":"image-file","sha256":"0a0d3e76ae29d01c966f8b3d337265f5a3cacc0b9c8936737f994d74e04de63b","size":51689,"path":"media/images/learning_curves_12_0a0d3e76ae29d01c966f.png","format":"png","width":1500,"height":500},"sample_images":{"_type":"image-file","sha256":"57b003a7d23e5882d9ff9f9a6bb1d526260d55d6a1b1981a717e6d9dd04adab5","size":15278,"path":"media/images/sample_images_0_57b003a7d23e5882d9ff.png","format":"png","width":1200,"height":600},"test_loss":0.09921203794259544,"train_accuracy":97.71481481481482}