{"val_loss":2.3025105882857435,"train_loss":2.3029553541487915,"_timestamp":1.7415889539475634e+09,"_runtime":41.1774194,"test_loss":2.3029999281269427,"sample_images":{"path":"media/images/sample_images_0_77ee7a6052947e5d44d9.png","format":"png","width":1200,"height":600,"_type":"image-file","sha256":"77ee7a6052947e5d44d9fa2d7ba2735f1b3e51413e8c4eee21f851f552664b7b","size":31364},"epoch":14,"_step":17,"val_accuracy":10.45,"test_accuracy":10,"train_accuracy":10.048148148148147,"learning_curves":{"sha256":"8317469373ac548452bac3e5da059958514751af3f10f91820831cf2960f80e5","size":79201,"path":"media/images/learning_curves_17_8317469373ac548452ba.png","format":"png","width":1500,"height":500,"_type":"image-file"},"_wandb":{"runtime":41}}