{"_runtime":4.8628253,"learning_curves":{"format":"png","width":1500,"height":500,"_type":"image-file","sha256":"34a2f414629668b12f747c495f60f6229b7068df0697e57e41999c085d5eda61","size":62998,"path":"media/images/learning_curves_7_34a2f414629668b12f74.png"},"_wandb":{"runtime":5},"_timestamp":1.7422231987131872e+09,"train_loss":0.6719529407966138,"sample_images":{"height":600,"_type":"image-file","sha256":"77ee7a6052947e5d44d9fa2d7ba2735f1b3e51413e8c4eee21f851f552664b7b","size":31364,"path":"media/images/sample_images_0_77ee7a6052947e5d44d9.png","format":"png","width":1200},"val_loss":0.5853938417915521,"train_accuracy":78.02592592592592,"epoch":4,"val_accuracy":81.2,"test_loss":0.6122461074785854,"test_accuracy":80.5,"_step":7}