{"epoch":9,"_step":12,"learning_curves":{"sha256":"912541d71d39deb52817192740d8c52a97e6910c06713ae2356bcf916f9ce45b","size":50604,"path":"media/images/learning_curves_12_912541d71d39deb52817.png","format":"png","width":1500,"height":500,"_type":"image-file"},"val_loss":0.09020574601680997,"test_accuracy":97.45,"_wandb":{"runtime":14},"_runtime":14.0931302,"sample_images":{"format":"png","width":1200,"height":600,"_type":"image-file","sha256":"57b003a7d23e5882d9ff9f9a6bb1d526260d55d6a1b1981a717e6d9dd04adab5","size":15278,"path":"media/images/sample_images_0_57b003a7d23e5882d9ff.png"},"_timestamp":1.742212756696624e+09,"train_accuracy":98.86666666666667,"test_loss":0.0865992418515349,"val_accuracy":97.46666666666667,"train_loss":0.043683063579866885}