{"_runtime":17.2264713,"learning_curves":{"size":51841,"path":"media/images/learning_curves_12_3ecc58d534b782e12b37.png","format":"png","width":1500,"height":500,"_type":"image-file","sha256":"3ecc58d534b782e12b379de76a2ef620f7b8fbcdd5fad9e888c776cfbfe6b546"},"train_loss":0.1354337554671309,"val_loss":0.14100968718531562,"test_loss":0.13353430569803365,"test_accuracy":96.06,"val_accuracy":95.88333333333333,"sample_images":{"_type":"image-file","sha256":"57b003a7d23e5882d9ff9f9a6bb1d526260d55d6a1b1981a717e6d9dd04adab5","size":15278,"path":"media/images/sample_images_0_57b003a7d23e5882d9ff.png","format":"png","width":1200,"height":600},"_timestamp":1.7421397251446154e+09,"_wandb":{"runtime":17},"_step":12,"train_accuracy":96.16111111111111,"epoch":9}