{"train_accuracy":95.60925925925926,"_timestamp":1.7415924993532813e+09,"epoch":14,"train_loss":0.24649597257860498,"sample_images":{"height":600,"_type":"image-file","sha256":"57b003a7d23e5882d9ff9f9a6bb1d526260d55d6a1b1981a717e6d9dd04adab5","size":15278,"path":"media/images/sample_images_0_57b003a7d23e5882d9ff.png","format":"png","width":1200},"test_accuracy":95.57,"learning_curves":{"size":63572,"path":"media/images/learning_curves_17_ef4337a8c9b7102d8260.png","format":"png","width":1500,"height":500,"_type":"image-file","sha256":"ef4337a8c9b7102d8260752b34e7a13e53d9b4ee5086f73bbb8c7b68e139f4e5"},"_runtime":12.648945,"val_accuracy":95.43333333333334,"_step":17,"val_loss":0.2009983037259752,"test_loss":0.1953722756681545,"_wandb":{"runtime":12}}