{"epoch":14,"train_loss":0.0721421150669948,"_wandb":{"runtime":12},"_runtime":12.3051331,"train_accuracy":97.77592592592592,"val_loss":0.14658100231562465,"sample_images":{"format":"png","width":1200,"height":600,"_type":"image-file","sha256":"57b003a7d23e5882d9ff9f9a6bb1d526260d55d6a1b1981a717e6d9dd04adab5","size":15278,"path":"media/images/sample_images_0_57b003a7d23e5882d9ff.png"},"learning_curves":{"height":500,"_type":"image-file","sha256":"9f08bd02b6dbe1d680f1fa26018f6eee24f90b7c485a0ab2ab3212990f009719","size":54298,"path":"media/images/learning_curves_17_9f08bd02b6dbe1d680f1.png","format":"png","width":1500},"test_loss":0.15578937012157354,"test_accuracy":96.21,"_timestamp":1.7422116559394302e+09,"val_accuracy":96.38333333333333,"_step":17}