{"val_accuracy":43.016666666666666,"epoch":14,"_step":17,"sample_images":{"height":600,"_type":"image-file","sha256":"77ee7a6052947e5d44d9fa2d7ba2735f1b3e51413e8c4eee21f851f552664b7b","size":31364,"path":"media/images/sample_images_0_77ee7a6052947e5d44d9.png","format":"png","width":1200},"train_accuracy":41.52407407407407,"_timestamp":1.7415912711899269e+09,"_wandb":{"runtime":15},"val_loss":2.2901917278410764,"test_accuracy":42.68,"learning_curves":{"format":"png","width":1500,"height":500,"_type":"image-file","sha256":"5006db0b3c094739d6fe9e76df80d02394ffd3afc54abb18a697d5702689408a","size":64250,"path":"media/images/learning_curves_17_5006db0b3c094739d6fe.png"},"_runtime":15.126933,"train_loss":2.291111398035155,"test_loss":2.290188324014856}