{"_runtime":17.936624600000002,"test_accuracy":96.3,"_step":17,"_wandb":{"runtime":18},"_timestamp":1.7421375714770265e+09,"val_loss":0.10752184329828589,"test_loss":0.12418887522045402,"train_accuracy":98.21851851851852,"val_accuracy":96.89999999999999,"sample_images":{"path":"media/images/sample_images_0_57b003a7d23e5882d9ff.png","format":"png","width":1200,"height":600,"_type":"image-file","sha256":"57b003a7d23e5882d9ff9f9a6bb1d526260d55d6a1b1981a717e6d9dd04adab5","size":15278},"epoch":14,"train_loss":0.06757520684624699,"learning_curves":{"size":46120,"path":"media/images/learning_curves_17_2c0cea7ce00b52ef8343.png","format":"png","width":1500,"height":500,"_type":"image-file","sha256":"2c0cea7ce00b52ef8343f5838f905808e12a56608e02dde7f27eb3e52fde6eaa"}}