{"train_loss":0.4527609021555764,"train_accuracy":89.22777777777777,"_step":17,"val_accuracy":88.38333333333334,"test_accuracy":88.5,"learning_curves":{"_type":"image-file","sha256":"b9a6a08183769af441abb975068ca83b51b63f6a4a1417eb324f856699ca08c7","size":78434,"path":"media/images/learning_curves_17_b9a6a08183769af441ab.png","format":"png","width":1500,"height":500},"_timestamp":1.7421884667877758e+09,"_runtime":27.4815467,"epoch":14,"val_loss":0.3927939752892191,"test_loss":0.4017810016300611,"_wandb":{"runtime":27},"sample_images":{"height":600,"_type":"image-file","sha256":"57b003a7d23e5882d9ff9f9a6bb1d526260d55d6a1b1981a717e6d9dd04adab5","size":15278,"path":"media/images/sample_images_0_57b003a7d23e5882d9ff.png","format":"png","width":1200}}