{"_wandb":{"runtime":20},"_step":17,"learning_curves":{"width":1500,"height":500,"_type":"image-file","sha256":"9ff06399a565e70b1b1a3195e804e57a013521eafafbc1f5977a4a7ddc31b59c","size":47267,"path":"media/images/learning_curves_17_9ff06399a565e70b1b1a.png","format":"png"},"_timestamp":1.7422270906123807e+09,"_runtime":20.2753978,"epoch":14,"val_loss":0.1262506869290894,"val_accuracy":96.18333333333334,"test_loss":0.12804789152324111,"sample_images":{"sha256":"57b003a7d23e5882d9ff9f9a6bb1d526260d55d6a1b1981a717e6d9dd04adab5","size":15278,"path":"media/images/sample_images_0_57b003a7d23e5882d9ff.png","format":"png","width":1200,"height":600,"_type":"image-file"},"test_accuracy":96.08,"train_loss":0.10692513903978987,"train_accuracy":96.9462962962963}