{"val_loss":0.19830134262206434,"train_loss":0.46208700563976063,"_runtime":33.8555979,"sample_images":{"width":1200,"height":600,"_type":"image-file","sha256":"57b003a7d23e5882d9ff9f9a6bb1d526260d55d6a1b1981a717e6d9dd04adab5","size":15278,"path":"media/images/sample_images_0_57b003a7d23e5882d9ff.png","format":"png"},"test_loss":0.2032949514672341,"learning_curves":{"format":"png","width":1500,"height":500,"_type":"image-file","sha256":"df8b0668f5b5591e9f472c70ec4ac4c511ca4e445ed4ae711262bd4cbcc90a7b","size":59195,"path":"media/images/learning_curves_7_df8b0668f5b5591e9f47.png"},"_timestamp":1.7422283734174528e+09,"train_accuracy":93.97592592592594,"test_accuracy":94.17,"_wandb":{"runtime":33},"epoch":4,"_step":7,"val_accuracy":94.76666666666667}