{"_timestamp":1.742142777481927e+09,"train_loss":0.4066819742971286,"train_accuracy":85.64814814814815,"_wandb":{"runtime":15},"val_loss":0.40309330501856555,"val_accuracy":85.39999999999999,"_runtime":15.2482355,"test_loss":0.43101675424431185,"test_accuracy":84.66,"epoch":4,"sample_images":{"width":1200,"height":600,"_type":"image-file","sha256":"77ee7a6052947e5d44d9fa2d7ba2735f1b3e51413e8c4eee21f851f552664b7b","size":31364,"path":"media/images/sample_images_0_77ee7a6052947e5d44d9.png","format":"png"},"_step":7,"learning_curves":{"path":"media/images/learning_curves_7_4e6f55acc1142e3d5428.png","format":"png","width":1500,"height":500,"_type":"image-file","sha256":"4e6f55acc1142e3d54282b8f33cfc2c47e158d4416cdcd09126546424bd3ee71","size":57482}}