{"_runtime":11.7008257,"test_accuracy":96.47,"learning_curves":{"width":1500,"height":500,"_type":"image-file","sha256":"4aaaf61e57e810b5b58c48a1692588d221824b184bba7b69ebcbe63879548f50","size":53418,"path":"media/images/learning_curves_12_4aaaf61e57e810b5b58c.png","format":"png"},"epoch":9,"train_accuracy":97.50925925925927,"val_accuracy":96.76666666666667,"_step":12,"test_loss":0.12151366084857121,"_wandb":{"runtime":11},"train_loss":0.0825811230087894,"_timestamp":1.7421880516132126e+09,"val_loss":0.11892044757433122,"sample_images":{"width":1200,"height":600,"_type":"image-file","sha256":"57b003a7d23e5882d9ff9f9a6bb1d526260d55d6a1b1981a717e6d9dd04adab5","size":15278,"path":"media/images/sample_images_0_57b003a7d23e5882d9ff.png","format":"png"}}