{"_timestamp":1.742187823799402e+09,"train_loss":0.22704346839689202,"_runtime":11.3297179,"val_loss":0.22031992441820894,"sample_images":{"sha256":"57b003a7d23e5882d9ff9f9a6bb1d526260d55d6a1b1981a717e6d9dd04adab5","size":15278,"path":"media/images/sample_images_0_57b003a7d23e5882d9ff.png","format":"png","width":1200,"height":600,"_type":"image-file"},"train_accuracy":93.54259259259258,"learning_curves":{"width":1500,"height":500,"_type":"image-file","sha256":"ded2716a6087c0ada6a28ef6f61624edd4b0681be6f0c1893c285bb3e02b5232","size":51448,"path":"media/images/learning_curves_12_ded2716a6087c0ada6a2.png","format":"png"},"test_accuracy":93.47,"_wandb":{"runtime":11},"epoch":9,"_step":12,"test_loss":0.22180413013833278,"val_accuracy":93.58333333333333}