{"test_accuracy":95.26,"learning_curves":{"height":500,"_type":"image-file","sha256":"21c1587deb712074b18e8f835009b8ebe6a0f5ee4ab5bb23fc11248f9b30a8ac","size":58044,"path":"media/images/learning_curves_7_21c1587deb712074b18e.png","format":"png","width":1500},"train_accuracy":95.9037037037037,"epoch":4,"_step":7,"_timestamp":1.7422277060230699e+09,"_runtime":5.0634169,"sample_images":{"width":1200,"height":600,"_type":"image-file","sha256":"57b003a7d23e5882d9ff9f9a6bb1d526260d55d6a1b1981a717e6d9dd04adab5","size":15278,"path":"media/images/sample_images_0_57b003a7d23e5882d9ff.png","format":"png"},"val_loss":0.16398352069382863,"_wandb":{"runtime":5},"val_accuracy":95.16666666666667,"test_loss":0.1555092783244143,"train_loss":0.14689325396836844}