{"sample_images":{"sha256":"57b003a7d23e5882d9ff9f9a6bb1d526260d55d6a1b1981a717e6d9dd04adab5","size":15278,"path":"media/images/sample_images_0_57b003a7d23e5882d9ff.png","format":"png","width":1200,"height":600,"_type":"image-file"},"learning_curves":{"format":"png","width":1500,"height":500,"_type":"image-file","sha256":"1599a6c2b388a5e02461353080b65464b4ec2bd7be495001c8ca799fd9a7183c","size":56309,"path":"media/images/learning_curves_7_1599a6c2b388a5e02461.png"},"train_accuracy":98.05,"test_accuracy":97.3,"_step":7,"val_loss":0.08391833508035777,"val_accuracy":97.53333333333333,"_wandb":{"runtime":31},"_runtime":31.0208023,"_timestamp":1.7422266785218303e+09,"test_loss":0.09058684763894974,"train_loss":0.09410774600528544,"epoch":4}