{"_wandb":{"runtime":6},"train_accuracy":68.48518518518519,"train_loss":1.2710867590379686,"val_accuracy":68.86666666666666,"_timestamp":1.7422233738378098e+09,"test_accuracy":68.67,"test_loss":1.1944092476500776,"learning_curves":{"sha256":"b91124a47434e882927d00cbb930bbc3e1970dba4a9615ffc801e43ede19cdad","size":59136,"path":"media/images/learning_curves_7_b91124a47434e882927d.png","format":"png","width":1500,"height":500,"_type":"image-file"},"epoch":4,"val_loss":1.1924178072487122,"_runtime":6.735076,"sample_images":{"size":31364,"path":"media/images/sample_images_0_77ee7a6052947e5d44d9.png","format":"png","width":1200,"height":600,"_type":"image-file","sha256":"77ee7a6052947e5d44d9fa2d7ba2735f1b3e51413e8c4eee21f851f552664b7b"},"_step":7}