{"val_loss":2.3025421541704567,"learning_curves":{"sha256":"90814a50e6f3d4de4aa949c589284c0c193d7b6638f430563407a55a893d8ed4","size":43878,"path":"media/images/learning_curves_12_90814a50e6f3d4de4aa9.png","format":"png","width":1500,"height":500,"_type":"image-file"},"epoch":9,"val_accuracy":10.45,"sample_images":{"format":"png","width":1200,"height":600,"_type":"image-file","sha256":"77ee7a6052947e5d44d9fa2d7ba2735f1b3e51413e8c4eee21f851f552664b7b","size":31364,"path":"media/images/sample_images_0_77ee7a6052947e5d44d9.png"},"_step":12,"test_accuracy":10,"train_accuracy":9.950000000000001,"_runtime":9.1192475,"train_loss":2.302666998809286,"_timestamp":1.7421864762269366e+09,"test_loss":2.3026423303086725,"_wandb":{"runtime":9}}