{"_timestamp":1.7421874435567343e+09,"_step":17,"test_loss":0.1185642497298618,"train_loss":0.03721011809055138,"test_accuracy":97.03,"_wandb":{"runtime":28},"sample_images":{"format":"png","width":1200,"height":600,"_type":"image-file","sha256":"57b003a7d23e5882d9ff9f9a6bb1d526260d55d6a1b1981a717e6d9dd04adab5","size":15278,"path":"media/images/sample_images_0_57b003a7d23e5882d9ff.png"},"val_loss":0.1030620816511904,"_runtime":28.8217081,"learning_curves":{"_type":"image-file","sha256":"6e28b5afd656e90c7b3bcf44d25b0088549e3a59734cb8c4bfcc71ba141162a1","size":48914,"path":"media/images/learning_curves_17_6e28b5afd656e90c7b3b.png","format":"png","width":1500,"height":500},"train_accuracy":99.29259259259258,"val_accuracy":97.05,"epoch":14}