{"_wandb":{"runtime":16},"epoch":14,"_runtime":16.8230888,"learning_curves":{"width":1500,"height":500,"_type":"image-file","sha256":"428010ffd95e28e5272cf70cc88cd686ac424fc98617c0dbc9aa44ab6894d11d","size":50949,"path":"media/images/learning_curves_17_428010ffd95e28e5272c.png","format":"png"},"_step":17,"test_loss":0.411532715659179,"test_accuracy":85.55,"val_loss":0.38265085604177984,"train_accuracy":86.8851851851852,"_timestamp":1.742209628274428e+09,"train_loss":0.3721373504051967,"val_accuracy":86.53333333333333,"sample_images":{"_type":"image-file","sha256":"77ee7a6052947e5d44d9fa2d7ba2735f1b3e51413e8c4eee21f851f552664b7b","size":31364,"path":"media/images/sample_images_0_77ee7a6052947e5d44d9.png","format":"png","width":1200,"height":600}}