{"test_loss":0.2776175708178084,"epoch":9,"val_loss":0.26886191598221826,"test_accuracy":92.24,"sample_images":{"height":600,"_type":"image-file","sha256":"57b003a7d23e5882d9ff9f9a6bb1d526260d55d6a1b1981a717e6d9dd04adab5","size":15278,"path":"media/images/sample_images_0_57b003a7d23e5882d9ff.png","format":"png","width":1200},"_wandb":{"runtime":9},"train_accuracy":92.39814814814815,"train_loss":0.2694810754246645,"val_accuracy":92.41666666666667,"_timestamp":1.7421889726252987e+09,"learning_curves":{"path":"media/images/learning_curves_12_00dcbaedee9f648aa4fa.png","format":"png","width":1500,"height":500,"_type":"image-file","sha256":"00dcbaedee9f648aa4fad18fd0d5f92fd01968cc8b2f94a4342cbf92e5d38ff6","size":47670},"_runtime":9.9040176,"_step":12}