{"val_accuracy":10.9,"learning_curves":{"height":500,"_type":"image-file","sha256":"48a22c9bb4f289c1282a0714f6bf235caaf1bdc0f6b8982696e3eccb47c83272","size":56375,"path":"media/images/learning_curves_7_48a22c9bb4f289c1282a.png","format":"png","width":1500},"sample_images":{"path":"media/images/sample_images_0_57b003a7d23e5882d9ff.png","format":"png","width":1200,"height":600,"_type":"image-file","sha256":"57b003a7d23e5882d9ff9f9a6bb1d526260d55d6a1b1981a717e6d9dd04adab5","size":15278},"test_loss":2.348296299260817,"_wandb":{"runtime":19},"epoch":4,"val_loss":2.348166242340204,"train_loss":2.358538735071702,"train_accuracy":10.305555555555555,"_runtime":19.5215218,"_step":7,"test_accuracy":11.35,"_timestamp":1.7421379926874459e+09}