{"test_accuracy":92.38,"epoch":14,"_step":17,"_runtime":81.348217,"val_accuracy":92.66666666666666,"train_accuracy":92.7462962962963,"_timestamp":1.742186783836755e+09,"sample_images":{"height":600,"_type":"image-file","sha256":"57b003a7d23e5882d9ff9f9a6bb1d526260d55d6a1b1981a717e6d9dd04adab5","size":15278,"path":"media/images/sample_images_0_57b003a7d23e5882d9ff.png","format":"png","width":1200},"val_loss":0.2717019226949553,"train_loss":0.3151624218784677,"test_loss":0.2718642629509526,"learning_curves":{"height":500,"_type":"image-file","sha256":"64996c9b30ffe71846910084caa251abad1a6963da392899109d3dd4055f0f43","size":50882,"path":"media/images/learning_curves_17_64996c9b30ffe7184691.png","format":"png","width":1500},"_wandb":{"runtime":81}}