{"sample_images":{"sha256":"57b003a7d23e5882d9ff9f9a6bb1d526260d55d6a1b1981a717e6d9dd04adab5","size":15278,"path":"media/images/sample_images_0_57b003a7d23e5882d9ff.png","format":"png","width":1200,"height":600,"_type":"image-file"},"train_loss":0.015504919550499558,"_wandb":{"runtime":39},"val_accuracy":98.06666666666666,"test_loss":0.12947728234338593,"test_accuracy":97.61,"learning_curves":{"size":54370,"path":"media/images/learning_curves_17_af75afa5f149263f06bd.png","format":"png","width":1500,"height":500,"_type":"image-file","sha256":"af75afa5f149263f06bde992fdbd159229275bbdd05bdfd4a6761fd635a160f3"},"val_loss":0.11109037986872107,"_timestamp":1.742213035228908e+09,"epoch":14,"_runtime":39.5684611,"_step":17,"train_accuracy":99.52222222222223}