{"_timestamp":1.7422256017036884e+09,"epoch":4,"learning_curves":{"_type":"image-file","sha256":"90f1b66f16cd803ac7c8ddb9218d27a94fa28b4c2affce8eaa3f5dfee9e759ea","size":48190,"path":"media/images/learning_curves_7_90f1b66f16cd803ac7c8.png","format":"png","width":1500,"height":500},"val_accuracy":94.45,"_wandb":{"runtime":8},"_step":7,"sample_images":{"format":"png","width":1200,"height":600,"_type":"image-file","sha256":"57b003a7d23e5882d9ff9f9a6bb1d526260d55d6a1b1981a717e6d9dd04adab5","size":15278,"path":"media/images/sample_images_0_57b003a7d23e5882d9ff.png"},"test_loss":0.1904303399183351,"train_loss":0.20403240706973536,"test_accuracy":94.45,"_runtime":8.6691254,"val_loss":0.18995134198540142,"train_accuracy":94.15185185185186}