{"train_accuracy":95.01481481481481,"val_accuracy":94.39999999999999,"test_loss":0.29288455764967,"sample_images":{"_type":"image-file","sha256":"57b003a7d23e5882d9ff9f9a6bb1d526260d55d6a1b1981a717e6d9dd04adab5","size":15278,"path":"media/images/sample_images_0_57b003a7d23e5882d9ff.png","format":"png","width":1200,"height":600},"learning_curves":{"format":"png","width":1500,"height":500,"_type":"image-file","sha256":"f949100cc900860ed835d26a1b80466bc93196cb7105ffe30734e179cdd8fa05","size":57288,"path":"media/images/learning_curves_7_f949100cc900860ed835.png"},"_timestamp":1.74213926425255e+09,"test_accuracy":93.53,"train_loss":0.22201287459553684,"_wandb":{"runtime":13},"_step":7,"_runtime":13.047441,"epoch":4,"val_loss":0.24828468034452278}