{"sample_images":{"size":15278,"path":"media/images/sample_images_0_57b003a7d23e5882d9ff.png","format":"png","width":1200,"height":600,"_type":"image-file","sha256":"57b003a7d23e5882d9ff9f9a6bb1d526260d55d6a1b1981a717e6d9dd04adab5"},"epoch":9,"test_accuracy":97.2,"_runtime":71.2481537,"_timestamp":1.7422281702709296e+09,"train_accuracy":98.01851851851852,"val_loss":0.09096080369489641,"val_accuracy":97.28333333333333,"test_loss":0.08813370262513716,"learning_curves":{"height":500,"_type":"image-file","sha256":"11dbddaddeb8d7576ebab16c0dca4fd3c10ce2801ce034f9412538480de6f5a5","size":51035,"path":"media/images/learning_curves_12_11dbddaddeb8d7576eba.png","format":"png","width":1500},"_step":12,"_wandb":{"runtime":71},"train_loss":0.1532006115993225}