{"_runtime":16.2326935,"_step":7,"train_accuracy":81.83148148148149,"epoch":4,"test_accuracy":82.16,"_wandb":{"runtime":16},"train_loss":0.522131932012806,"learning_curves":{"height":500,"_type":"image-file","sha256":"566966519ec00356848615c3d8ceae5553f4cea2986d8403941769f8e4fea417","size":56789,"path":"media/images/learning_curves_7_566966519ec003568486.png","format":"png","width":1500},"val_accuracy":82.65,"_timestamp":1.7421411154102385e+09,"val_loss":0.5267736820517458,"sample_images":{"width":1200,"height":600,"_type":"image-file","sha256":"77ee7a6052947e5d44d9fa2d7ba2735f1b3e51413e8c4eee21f851f552664b7b","size":31364,"path":"media/images/sample_images_0_77ee7a6052947e5d44d9.png","format":"png"},"test_loss":0.5461251419303736}