{"learning_curves":{"sha256":"1771b98028951d9ff957ef09fbe6aa4fc2825d69b0d71c156239e74207ffb885","size":62036,"path":"media/images/learning_curves_17_1771b98028951d9ff957.png","format":"png","width":1500,"height":500,"_type":"image-file"},"val_loss":0.1797541584987226,"sample_images":{"path":"media/images/sample_images_0_57b003a7d23e5882d9ff.png","format":"png","width":1200,"height":600,"_type":"image-file","sha256":"57b003a7d23e5882d9ff9f9a6bb1d526260d55d6a1b1981a717e6d9dd04adab5","size":15278},"test_accuracy":95.04,"val_accuracy":95.1,"_timestamp":1.7422227355673628e+09,"_runtime":17.6320078,"train_loss":0.3155560343422455,"_wandb":{"runtime":17},"test_loss":0.18893232020041026,"train_accuracy":95.22037037037036,"_step":17,"epoch":14}