{"val_loss":2.3022853548186184,"test_loss":2.3021406446258883,"epoch":9,"_wandb":{"runtime":14},"val_accuracy":10.9,"test_accuracy":11.35,"_runtime":14.05863,"sample_images":{"width":1200,"height":600,"_type":"image-file","sha256":"57b003a7d23e5882d9ff9f9a6bb1d526260d55d6a1b1981a717e6d9dd04adab5","size":15278,"path":"media/images/sample_images_0_57b003a7d23e5882d9ff.png","format":"png"},"train_accuracy":11.274074074074074,"_step":12,"train_loss":2.302627860848094,"learning_curves":{"height":500,"_type":"image-file","sha256":"7f625f155553afaacaac88318e0a3fd2dd4b37c73004b13a24f2e1ee9c2e2807","size":49247,"path":"media/images/learning_curves_12_7f625f155553afaacaac.png","format":"png","width":1500},"_timestamp":1.7421345520811174e+09}