{"sample_images":{"path":"media/images/sample_images_0_57b003a7d23e5882d9ff.png","format":"png","width":1200,"height":600,"_type":"image-file","sha256":"57b003a7d23e5882d9ff9f9a6bb1d526260d55d6a1b1981a717e6d9dd04adab5","size":15278},"_runtime":20.4238262,"epoch":4,"_timestamp":1.7422282936597862e+09,"test_accuracy":89.95,"_step":7,"train_loss":0.5781481408465037,"learning_curves":{"format":"png","width":1500,"height":500,"_type":"image-file","sha256":"66b2d11d3a53a2c75ba6c2f4d70afcab15df396486e2adb25fefecd78c71cb46","size":58885,"path":"media/images/learning_curves_7_66b2d11d3a53a2c75ba6.png"},"val_accuracy":90.36666666666666,"val_loss":0.414260553626761,"train_accuracy":89.16111111111111,"test_loss":0.41110378541664083,"_wandb":{"runtime":20}}