{"_step":7,"test_loss":0.1199218022311641,"train_accuracy":96.32407407407408,"val_accuracy":96.16666666666667,"_runtime":6.2082584,"epoch":4,"sample_images":{"_type":"image-file","sha256":"57b003a7d23e5882d9ff9f9a6bb1d526260d55d6a1b1981a717e6d9dd04adab5","size":15278,"path":"media/images/sample_images_0_57b003a7d23e5882d9ff.png","format":"png","width":1200,"height":600},"_wandb":{"runtime":6},"val_loss":0.12550818419396037,"_timestamp":1.7422274725795324e+09,"train_loss":0.14186644248300775,"test_accuracy":96.28999999999999,"learning_curves":{"height":500,"_type":"image-file","sha256":"5e645cec009e54088a62dba57401b60a7948923a700d0ab13b4d6bf9ab01db40","size":54425,"path":"media/images/learning_curves_7_5e645cec009e54088a62.png","format":"png","width":1500}}