{"test_loss":0.12967777073334144,"train_accuracy":97.34444444444445,"_timestamp":1.7421881134008827e+09,"val_loss":0.12730837661431885,"learning_curves":{"format":"png","width":1500,"height":500,"_type":"image-file","sha256":"cd4647fa698b0f4efedfc409858075acfaef16f4b06ab1ce67bc273913005f11","size":50112,"path":"media/images/learning_curves_17_cd4647fa698b0f4efedf.png"},"_wandb":{"runtime":10},"train_loss":0.11259806718484694,"_runtime":10.3640831,"_step":17,"val_accuracy":96.01666666666667,"epoch":14,"test_accuracy":95.89,"sample_images":{"_type":"image-file","sha256":"57b003a7d23e5882d9ff9f9a6bb1d526260d55d6a1b1981a717e6d9dd04adab5","size":15278,"path":"media/images/sample_images_0_57b003a7d23e5882d9ff.png","format":"png","width":1200,"height":600}}