{"test_loss":0.08833002745973956,"_wandb":{"runtime":12},"_runtime":11.6012714,"learning_curves":{"path":"media/images/learning_curves_12_f5faf88fdea6369927eb.png","format":"png","width":1500,"height":500,"_type":"image-file","sha256":"f5faf88fdea6369927eb07122011201687cbf18ac79ad64692605d641e4035bc","size":53642},"train_loss":0.037369988120253286,"epoch":9,"sample_images":{"height":600,"_type":"image-file","sha256":"57b003a7d23e5882d9ff9f9a6bb1d526260d55d6a1b1981a717e6d9dd04adab5","size":15278,"path":"media/images/sample_images_0_57b003a7d23e5882d9ff.png","format":"png","width":1200},"test_accuracy":97.34,"val_loss":0.08605053308131329,"_timestamp":1.742139202075664e+09,"train_accuracy":98.8851851851852,"val_accuracy":97.5,"_step":12}