{"sample_images":{"path":"media/images/sample_images_0_57b003a7d23e5882d9ff.png","format":"png","width":1200,"height":600,"_type":"image-file","sha256":"57b003a7d23e5882d9ff9f9a6bb1d526260d55d6a1b1981a717e6d9dd04adab5","size":15278},"learning_curves":{"size":50740,"path":"media/images/learning_curves_12_430b2d865f2752a936b0.png","format":"png","width":1500,"height":500,"_type":"image-file","sha256":"430b2d865f2752a936b017d0aa008169c119e57ccd80537970c776bbc7daed03"},"val_accuracy":96.43333333333334,"train_accuracy":97.50555555555556,"_timestamp":1.7422251605565727e+09,"_runtime":7.7860306,"epoch":9,"train_loss":0.08800051628868626,"_step":12,"val_loss":0.1210987530959571,"test_loss":0.11778236571410061,"test_accuracy":96.24000000000001,"_wandb":{"runtime":7}}