{"train_loss":0.05675221961396342,"test_loss":0.08848691180141799,"epoch":9,"_runtime":51.0934775,"test_accuracy":97.33000000000001,"learning_curves":{"format":"png","width":1500,"height":500,"_type":"image-file","sha256":"847c37a22308a36103cedaaa1a38897faded17d5dcbbd9b1567ffc62ffcf0b18","size":50336,"path":"media/images/learning_curves_12_847c37a22308a36103ce.png"},"_wandb":{"runtime":51},"train_accuracy":98.4037037037037,"_step":12,"_timestamp":1.7422264286195655e+09,"val_loss":0.08526466304184811,"sample_images":{"width":1200,"height":600,"_type":"image-file","sha256":"57b003a7d23e5882d9ff9f9a6bb1d526260d55d6a1b1981a717e6d9dd04adab5","size":15278,"path":"media/images/sample_images_0_57b003a7d23e5882d9ff.png","format":"png"},"val_accuracy":97.3}