{"_runtime":19.1540272,"epoch":14,"val_loss":0.07751763453823278,"_wandb":{"runtime":19},"train_accuracy":99.41481481481482,"test_loss":0.0788680410260336,"train_loss":0.021882182972309944,"learning_curves":{"format":"png","width":1500,"height":500,"_type":"image-file","sha256":"369d8e52b3227f40f436730c98a42fcd423db4ec2648251190053f8844b27011","size":50511,"path":"media/images/learning_curves_17_369d8e52b3227f40f436.png"},"_timestamp":1.7422145810813243e+09,"sample_images":{"size":15278,"path":"media/images/sample_images_0_57b003a7d23e5882d9ff.png","format":"png","width":1200,"height":600,"_type":"image-file","sha256":"57b003a7d23e5882d9ff9f9a6bb1d526260d55d6a1b1981a717e6d9dd04adab5"},"_step":17,"test_accuracy":97.76,"val_accuracy":97.85000000000001}