{"train_accuracy":59.63518518518518,"test_accuracy":61.970000000000006,"epoch":9,"sample_images":{"size":15278,"path":"media/images/sample_images_0_57b003a7d23e5882d9ff.png","format":"png","width":1200,"height":600,"_type":"image-file","sha256":"57b003a7d23e5882d9ff9f9a6bb1d526260d55d6a1b1981a717e6d9dd04adab5"},"_timestamp":1.742222648661876e+09,"learning_curves":{"sha256":"804dc0baa317df54f2ff75d1975de7f855a0447a89c3f73119824843c2784495","size":60975,"path":"media/images/learning_curves_12_804dc0baa317df54f2ff.png","format":"png","width":1500,"height":500,"_type":"image-file"},"val_accuracy":61.53333333333333,"val_loss":1.45435727730235,"_runtime":9.0408959,"_step":12,"_wandb":{"runtime":9},"train_loss":1.5588355916144265,"test_loss":1.4379643521994812}