{"epoch":9,"_timestamp":1.7422248597836943e+09,"sample_images":{"path":"media/images/sample_images_0_77ee7a6052947e5d44d9.png","format":"png","width":1200,"height":600,"_type":"image-file","sha256":"77ee7a6052947e5d44d9fa2d7ba2735f1b3e51413e8c4eee21f851f552664b7b","size":31364},"test_loss":2.3104594231265354,"_wandb":{"runtime":11},"val_accuracy":10.183333333333334,"_step":12,"_runtime":11.6862484,"val_loss":2.3102835955036363,"test_accuracy":10,"learning_curves":{"format":"png","width":1500,"height":500,"_type":"image-file","sha256":"52ce130d390dfc716336dbcf8cb581718c987550f7354e24c68f197129b75bc0","size":56705,"path":"media/images/learning_curves_12_52ce130d390dfc716336.png"},"train_loss":2.311898635552572,"train_accuracy":10.027777777777777}