{"_timestamp":1.7422100430178587e+09,"train_loss":0.10112402376440367,"learning_curves":{"height":500,"_type":"image-file","sha256":"2d3e80e16fdf8f29c11b1242747b103d9443115a41797ecc7bd3d34b1ca65e20","size":53685,"path":"media/images/learning_curves_17_2d3e80e16fdf8f29c11b.png","format":"png","width":1500},"train_accuracy":97.21296296296296,"val_accuracy":96.36666666666667,"val_loss":0.12025803836560475,"test_loss":0.11912257284391131,"_runtime":37.2998899,"_step":17,"epoch":14,"test_accuracy":96.39999999999999,"_wandb":{"runtime":37},"sample_images":{"size":15278,"path":"media/images/sample_images_0_57b003a7d23e5882d9ff.png","format":"png","width":1200,"height":600,"_type":"image-file","sha256":"57b003a7d23e5882d9ff9f9a6bb1d526260d55d6a1b1981a717e6d9dd04adab5"}}