{"test_accuracy":97.68,"train_loss":0.012574220948562637,"val_accuracy":97.95,"_timestamp":1.7422152270061946e+09,"_runtime":45.8533795,"test_loss":0.09478999269469736,"learning_curves":{"height":500,"_type":"image-file","sha256":"386996bbcaf33484b99bc45f3a80581de5a87564b21e6942686b54dfc1b824a3","size":52556,"path":"media/images/learning_curves_17_386996bbcaf33484b99b.png","format":"png","width":1500},"sample_images":{"_type":"image-file","sha256":"57b003a7d23e5882d9ff9f9a6bb1d526260d55d6a1b1981a717e6d9dd04adab5","size":15278,"path":"media/images/sample_images_0_57b003a7d23e5882d9ff.png","format":"png","width":1200,"height":600},"_step":17,"val_loss":0.08597158165669062,"_wandb":{"runtime":45},"train_accuracy":99.6148148148148,"epoch":14}