{"test_accuracy":95.38,"train_accuracy":97.94814814814815,"_wandb":{"runtime":12},"sample_images":{"_type":"image-file","sha256":"57b003a7d23e5882d9ff9f9a6bb1d526260d55d6a1b1981a717e6d9dd04adab5","size":15278,"path":"media/images/sample_images_0_57b003a7d23e5882d9ff.png","format":"png","width":1200,"height":600},"_step":17,"_timestamp":1.7421888982026403e+09,"train_loss":0.06862649938974781,"test_loss":0.17732308538204697,"val_accuracy":95.33333333333334,"_runtime":12.1048324,"epoch":14,"val_loss":0.16480885571042903,"learning_curves":{"width":1500,"height":500,"_type":"image-file","sha256":"d09a392b9104d24153f6a4cee35bab2dcd163addc78adc903c4fcde7b5e51283","size":44430,"path":"media/images/learning_curves_17_d09a392b9104d24153f6.png","format":"png"}}