{"_timestamp":1.7422121431975546e+09,"test_accuracy":96.67,"train_loss":0.12575987628416782,"_step":17,"test_loss":0.1082471539905947,"_runtime":46.5163726,"learning_curves":{"path":"media/images/learning_curves_17_6eef2ad818bfe84330ae.png","format":"png","width":1500,"height":500,"_type":"image-file","sha256":"6eef2ad818bfe84330ae4717b3cb1e261eb219ac746c3c0e9393060a40b7e4f0","size":53856},"val_accuracy":96.81666666666666,"val_loss":0.10963007587474867,"_wandb":{"runtime":46},"sample_images":{"_type":"image-file","sha256":"57b003a7d23e5882d9ff9f9a6bb1d526260d55d6a1b1981a717e6d9dd04adab5","size":15278,"path":"media/images/sample_images_0_57b003a7d23e5882d9ff.png","format":"png","width":1200,"height":600},"epoch":14,"train_accuracy":97.37962962962963}