{"test_accuracy":32.89,"learning_curves":{"size":50876,"path":"media/images/learning_curves_7_37f66f5afab8183f0ad3.png","format":"png","width":1500,"height":500,"_type":"image-file","sha256":"37f66f5afab8183f0ad35d30282860b40703614c35e4a03ad9e1f072cf795909"},"_runtime":17.2790788,"epoch":4,"train_accuracy":31.1,"sample_images":{"path":"media/images/sample_images_0_77ee7a6052947e5d44d9.png","format":"png","width":1200,"height":600,"_type":"image-file","sha256":"77ee7a6052947e5d44d9fa2d7ba2735f1b3e51413e8c4eee21f851f552664b7b","size":31364},"val_loss":1.5894947286724335,"val_accuracy":32.016666666666666,"_timestamp":1.7421420256976435e+09,"test_loss":1.5762429281570376,"_wandb":{"runtime":17},"_step":7,"train_loss":1.7203146642546356}