{"learning_curves":{"format":"png","width":1500,"height":500,"_type":"image-file","sha256":"ed04ad7d7311108a683cadd42cf8160ba731c7186865e91da725dbe75c73a0f3","size":53014,"path":"media/images/learning_curves_17_ed04ad7d7311108a683c.png"},"_timestamp":1.742222603042365e+09,"train_loss":2.2997148136600365,"test_loss":2.2994898749403716,"_runtime":12.2990458,"val_loss":2.300177507175628,"train_accuracy":11.274074074074074,"_wandb":{"runtime":12},"test_accuracy":11.35,"epoch":14,"_step":17,"sample_images":{"width":1200,"height":600,"_type":"image-file","sha256":"57b003a7d23e5882d9ff9f9a6bb1d526260d55d6a1b1981a717e6d9dd04adab5","size":15278,"path":"media/images/sample_images_0_57b003a7d23e5882d9ff.png","format":"png"},"val_accuracy":10.9}