{"learning_curves":{"width":1500,"height":500,"_type":"image-file","sha256":"5a0f609fe0be61b28b6c8c18286c7fd510c8eaad106c27a511c36ae981146975","size":49446,"path":"media/images/learning_curves_12_5a0f609fe0be61b28b6c.png","format":"png"},"_runtime":10.6657096,"_timestamp":1.7422278262222466e+09,"test_loss":0.2830630284185126,"val_accuracy":91.86666666666666,"train_loss":0.29362337001715993,"_wandb":{"runtime":10},"sample_images":{"path":"media/images/sample_images_0_57b003a7d23e5882d9ff.png","format":"png","width":1200,"height":600,"_type":"image-file","sha256":"57b003a7d23e5882d9ff9f9a6bb1d526260d55d6a1b1981a717e6d9dd04adab5","size":15278},"test_accuracy":92.01,"epoch":9,"_step":12,"train_accuracy":91.84444444444443,"val_loss":0.28478851442857656}