{"epoch":14,"sample_images":{"sha256":"57b003a7d23e5882d9ff9f9a6bb1d526260d55d6a1b1981a717e6d9dd04adab5","size":15278,"path":"media/images/sample_images_0_57b003a7d23e5882d9ff.png","format":"png","width":1200,"height":600,"_type":"image-file"},"val_accuracy":77.60000000000001,"_wandb":{"runtime":20},"_runtime":20.6782307,"learning_curves":{"height":500,"_type":"image-file","sha256":"c1c130aa217c5832ce45de409526684e419ef4c0ec2b4bd347a555196787b58f","size":63272,"path":"media/images/learning_curves_17_c1c130aa217c5832ce45.png","format":"png","width":1500},"_step":17,"train_accuracy":77.50185185185185,"val_loss":0.7275094132835536,"train_loss":0.760516528922145,"_timestamp":1.7415888629866784e+09,"test_accuracy":78.24,"test_loss":0.7268760133682808}