{"_wandb":{"runtime":10},"_timestamp":1.742223608967841e+09,"test_accuracy":9.74,"train_accuracy":10.501851851851853,"learning_curves":{"width":1500,"height":500,"_type":"image-file","sha256":"4e2f7eb3b7cefb7768aac51f4649ea6f5102527f41aa984379eba05564bcc56b","size":78345,"path":"media/images/learning_curves_17_4e2f7eb3b7cefb7768aa.png","format":"png"},"test_loss":2.308812273284976,"_runtime":10.0374605,"epoch":14,"sample_images":{"sha256":"57b003a7d23e5882d9ff9f9a6bb1d526260d55d6a1b1981a717e6d9dd04adab5","size":15278,"path":"media/images/sample_images_0_57b003a7d23e5882d9ff.png","format":"png","width":1200,"height":600,"_type":"image-file"},"val_loss":2.3097786588967457,"train_loss":2.310670143733346,"val_accuracy":9.75,"_step":17}