{"val_accuracy":96.73333333333333,"_wandb":{"runtime":13},"_runtime":13.9295592,"test_loss":0.12829998026509273,"test_accuracy":96.45,"learning_curves":{"width":1500,"height":500,"_type":"image-file","sha256":"164be4405001ddc8d836159b7eef97ef4fe05085d34ebe1bf480a68f7e2374b3","size":53673,"path":"media/images/learning_curves_17_164be4405001ddc8d836.png","format":"png"},"val_loss":0.12679297024235317,"train_loss":0.05396209955148521,"train_accuracy":98.37592592592593,"_step":17,"sample_images":{"height":600,"_type":"image-file","sha256":"57b003a7d23e5882d9ff9f9a6bb1d526260d55d6a1b1981a717e6d9dd04adab5","size":15278,"path":"media/images/sample_images_0_57b003a7d23e5882d9ff.png","format":"png","width":1200},"_timestamp":1.7422242809754772e+09,"epoch":14}