{"sample_images":{"height":600,"_type":"image-file","sha256":"57b003a7d23e5882d9ff9f9a6bb1d526260d55d6a1b1981a717e6d9dd04adab5","size":15278,"path":"media/images/sample_images_0_57b003a7d23e5882d9ff.png","format":"png","width":1200},"epoch":4,"_wandb":{"runtime":7},"test_loss":0.09354162723010674,"_timestamp":1.741592473303136e+09,"_runtime":7.5484861,"train_loss":0.0732445631662256,"train_accuracy":97.75925925925925,"learning_curves":{"format":"png","width":1500,"height":500,"_type":"image-file","sha256":"d1e017d598f049801960c6e8f2514f43183d26199fa24de45f30ad07949dab96","size":52439,"path":"media/images/learning_curves_7_d1e017d598f049801960.png"},"_step":7,"val_accuracy":97.21666666666667,"test_accuracy":97.00999999999999,"val_loss":0.09130739567783926}