{"train_loss":0.2419179470774747,"train_accuracy":95.91296296296296,"_step":7,"test_accuracy":95.78999999999999,"test_loss":0.1402170516938122,"learning_curves":{"width":1500,"height":500,"_type":"image-file","sha256":"f39b848b5af5a762e49f19c7e8eec80ab7fa733d008e0f4ffd1f9b83a0b7c93c","size":51144,"path":"media/images/learning_curves_7_f39b848b5af5a762e49f.png","format":"png"},"val_accuracy":95.73333333333333,"epoch":4,"sample_images":{"height":600,"_type":"image-file","sha256":"57b003a7d23e5882d9ff9f9a6bb1d526260d55d6a1b1981a717e6d9dd04adab5","size":15278,"path":"media/images/sample_images_0_57b003a7d23e5882d9ff.png","format":"png","width":1200},"_runtime":31.4070909,"_wandb":{"runtime":31},"val_loss":0.14421341233992271,"_timestamp":1.742226068462941e+09}