{"epoch":14,"test_accuracy":97.39,"learning_curves":{"_type":"image-file","sha256":"f4f7f4fef15ad3ef4ce3750fe91df4c37377b389d28770c53d6495641664432e","size":53683,"path":"media/images/learning_curves_17_f4f7f4fef15ad3ef4ce3.png","format":"png","width":1500,"height":500},"train_loss":0.05606813726732035,"_step":17,"val_loss":0.08770884055718077,"_wandb":{"runtime":47},"_runtime":47.682667,"test_loss":0.08147277313833295,"sample_images":{"size":15278,"path":"media/images/sample_images_0_57b003a7d23e5882d9ff.png","format":"png","width":1200,"height":600,"_type":"image-file","sha256":"57b003a7d23e5882d9ff9f9a6bb1d526260d55d6a1b1981a717e6d9dd04adab5"},"val_accuracy":97.39999999999999,"_timestamp":1.742225419955564e+09,"train_accuracy":98.46851851851852}