{"train_accuracy":56.63333333333333,"sample_images":{"size":31364,"path":"media/images/sample_images_0_77ee7a6052947e5d44d9.png","format":"png","width":1200,"height":600,"_type":"image-file","sha256":"77ee7a6052947e5d44d9fa2d7ba2735f1b3e51413e8c4eee21f851f552664b7b"},"_runtime":21.1784291,"epoch":9,"_timestamp":1.7415894350692573e+09,"train_loss":1.9786735041979615,"val_accuracy":56.63333333333333,"val_loss":1.9288304108042933,"_wandb":{"runtime":21},"learning_curves":{"sha256":"1a1b2007b5287bbddd5b38a806f5306d90c186b7de260247c55cc6f3e7ed90c8","size":58397,"path":"media/images/learning_curves_12_1a1b2007b5287bbddd5b.png","format":"png","width":1500,"height":500,"_type":"image-file"},"_step":12,"test_loss":1.926615232207706,"test_accuracy":57.14}