{"learning_curves":{"sha256":"2fa9bbc6130036fad0a77f0331964e6706a575a60e41f48062b7876feeb27ff0","size":54901,"path":"media/images/learning_curves_17_2fa9bbc6130036fad0a7.png","format":"png","width":1500,"height":500,"_type":"image-file"},"sample_images":{"height":600,"_type":"image-file","sha256":"77ee7a6052947e5d44d9fa2d7ba2735f1b3e51413e8c4eee21f851f552664b7b","size":31364,"path":"media/images/sample_images_0_77ee7a6052947e5d44d9.png","format":"png","width":1200},"_runtime":27.0403631,"test_loss":0.6432594007324197,"val_accuracy":76.64999999999999,"val_loss":0.6185550867389109,"test_accuracy":76.69,"train_accuracy":76.49444444444444,"_timestamp":1.7422240326396322e+09,"_step":17,"epoch":14,"train_loss":0.6516920809913785,"_wandb":{"runtime":27}}