{"_wandb":{"runtime":10},"_runtime":9.673248,"sample_images":{"format":"png","width":1200,"height":600,"_type":"image-file","sha256":"77ee7a6052947e5d44d9fa2d7ba2735f1b3e51413e8c4eee21f851f552664b7b","size":31364,"path":"media/images/sample_images_0_77ee7a6052947e5d44d9.png"},"epoch":4,"_timestamp":1.742141367438206e+09,"_step":7,"val_loss":0.4696310666788937,"train_accuracy":83.06481481481481,"test_loss":0.49539738195991345,"learning_curves":{"_type":"image-file","sha256":"6d45d3cf0f37e11c0550622122a007adfd9380df687b21a5bc924be907829b01","size":53313,"path":"media/images/learning_curves_7_6d45d3cf0f37e11c0550.png","format":"png","width":1500,"height":500},"val_accuracy":83.05,"train_loss":0.48186767670416564,"test_accuracy":82.15}