{"test_loss":0.20994064513833816,"train_loss":0.2145730242992335,"epoch":9,"_timestamp":1.7422125842500975e+09,"train_accuracy":93.97037037037038,"_runtime":10.998607400000001,"val_accuracy":93.96666666666667,"_step":12,"val_loss":0.20909763409864396,"sample_images":{"size":15278,"path":"media/images/sample_images_0_57b003a7d23e5882d9ff.png","format":"png","width":1200,"height":600,"_type":"image-file","sha256":"57b003a7d23e5882d9ff9f9a6bb1d526260d55d6a1b1981a717e6d9dd04adab5"},"learning_curves":{"height":500,"_type":"image-file","sha256":"dfbed3aa5bb287949afa6ba952ee10a1adb6fe7b016e8ba10791e21020685ec2","size":47046,"path":"media/images/learning_curves_12_dfbed3aa5bb287949afa.png","format":"png","width":1500},"test_accuracy":93.74,"_wandb":{"runtime":11}}