{"val_accuracy":94.63333333333334,"sample_images":{"size":15278,"path":"media/images/sample_images_0_57b003a7d23e5882d9ff.png","format":"png","width":1200,"height":600,"_type":"image-file","sha256":"57b003a7d23e5882d9ff9f9a6bb1d526260d55d6a1b1981a717e6d9dd04adab5"},"val_loss":0.1798428576322852,"train_loss":0.18199945808871404,"_runtime":17.2899263,"_timestamp":1.7421880256551013e+09,"epoch":9,"_wandb":{"runtime":17},"_step":12,"train_accuracy":94.81666666666668,"test_loss":0.18152509530338404,"test_accuracy":94.77,"learning_curves":{"format":"png","width":1500,"height":500,"_type":"image-file","sha256":"0e7a14cd3d20b52e63ce1a721b406a83098eaf63b40a92db99cd170d6be46aed","size":50944,"path":"media/images/learning_curves_12_0e7a14cd3d20b52e63ce.png"}}