{"train_loss":1.6953353344396676,"train_accuracy":33.24074074074074,"test_accuracy":34.88,"epoch":14,"_step":17,"test_loss":1.648987916002144,"_wandb":{"runtime":51},"_timestamp":1.742224340050429e+09,"sample_images":{"sha256":"57b003a7d23e5882d9ff9f9a6bb1d526260d55d6a1b1981a717e6d9dd04adab5","size":15278,"path":"media/images/sample_images_0_57b003a7d23e5882d9ff.png","format":"png","width":1200,"height":600,"_type":"image-file"},"val_accuracy":34.38333333333333,"val_loss":1.6640464964592858,"learning_curves":{"sha256":"6b497b9ca24ecdfbd5f56ef62cabb0c21a84d455c4d32e6d903f517e6ab8dd79","size":55183,"path":"media/images/learning_curves_17_6b497b9ca24ecdfbd5f5.png","format":"png","width":1500,"height":500,"_type":"image-file"},"_runtime":51.1524565}