{"_runtime":10.7092044,"test_accuracy":73.38,"sample_images":{"path":"media/images/sample_images_0_77ee7a6052947e5d44d9.png","format":"png","width":1200,"height":600,"_type":"image-file","sha256":"77ee7a6052947e5d44d9fa2d7ba2735f1b3e51413e8c4eee21f851f552664b7b","size":31364},"_wandb":{"runtime":10},"train_accuracy":74.17592592592592,"val_accuracy":74.28333333333333,"epoch":9,"train_loss":0.7291903957784269,"_timestamp":1.7422071417614844e+09,"val_loss":0.7131923853886367,"learning_curves":{"height":500,"_type":"image-file","sha256":"916a25c18a2683b6f96f1ec123a1076209835698ece98fc1cb0ba449d01399b4","size":55606,"path":"media/images/learning_curves_12_916a25c18a2683b6f96f.png","format":"png","width":1500},"test_loss":0.7244076397359099,"_step":12}