{"val_loss":0.16607201073588365,"learning_curves":{"sha256":"8a51c22b10c719f6ae75b5853a35c570628fee293bf9234bd204394cdcde53ff","size":54328,"path":"media/images/learning_curves_7_8a51c22b10c719f6ae75.png","format":"png","width":1500,"height":500,"_type":"image-file"},"val_accuracy":95.08333333333333,"_wandb":{"runtime":4},"test_loss":0.1718547350038426,"_timestamp":1.742227482486466e+09,"epoch":4,"train_loss":0.13192937815951372,"train_accuracy":96.06851851851852,"_runtime":4.5078761,"_step":7,"sample_images":{"height":600,"_type":"image-file","sha256":"57b003a7d23e5882d9ff9f9a6bb1d526260d55d6a1b1981a717e6d9dd04adab5","size":15278,"path":"media/images/sample_images_0_57b003a7d23e5882d9ff.png","format":"png","width":1200},"test_accuracy":94.95}