{"train_loss":0.05207571413032044,"train_accuracy":98.59444444444443,"test_loss":0.1356864687173787,"_step":17,"_timestamp":1.742212353880825e+09,"_wandb":{"runtime":16},"test_accuracy":97.08,"sample_images":{"height":600,"_type":"image-file","sha256":"57b003a7d23e5882d9ff9f9a6bb1d526260d55d6a1b1981a717e6d9dd04adab5","size":15278,"path":"media/images/sample_images_0_57b003a7d23e5882d9ff.png","format":"png","width":1200},"learning_curves":{"_type":"image-file","sha256":"025e5df265f4e33894a31a3ee788554957feb02475e718bb9bcb4cefd8ec6999","size":57105,"path":"media/images/learning_curves_17_025e5df265f4e33894a3.png","format":"png","width":1500,"height":500},"val_accuracy":97.05,"_runtime":16.154616,"epoch":14,"val_loss":0.14010544918783505}