{"_step":7,"_runtime":5.5086110999999995,"sample_images":{"sha256":"57b003a7d23e5882d9ff9f9a6bb1d526260d55d6a1b1981a717e6d9dd04adab5","size":15278,"path":"media/images/sample_images_0_57b003a7d23e5882d9ff.png","format":"png","width":1200,"height":600,"_type":"image-file"},"val_accuracy":32.5,"_wandb":{"runtime":5},"test_loss":1.568675211398759,"train_loss":1.6117506034606044,"val_loss":1.5585366623670591,"train_accuracy":31.488888888888887,"_timestamp":1.742186172783264e+09,"test_accuracy":32.36,"learning_curves":{"format":"png","width":1500,"height":500,"_type":"image-file","sha256":"f291690edb8b7220b8d73603ebbf645d06365839186128bbc993eb604ccc4585","size":58608,"path":"media/images/learning_curves_7_f291690edb8b7220b8d7.png"},"epoch":4}