{"sample_images":{"height":600,"_type":"image-file","sha256":"57b003a7d23e5882d9ff9f9a6bb1d526260d55d6a1b1981a717e6d9dd04adab5","size":15278,"path":"media/images/sample_images_0_57b003a7d23e5882d9ff.png","format":"png","width":1200},"learning_curves":{"format":"png","width":1500,"height":500,"_type":"image-file","sha256":"21ed6b38bb40ec047a9f2ab69c6a40a990b2c119d0e3eb5c12c86c5b6aa56770","size":52758,"path":"media/images/learning_curves_17_21ed6b38bb40ec047a9f.png"},"_wandb":{"runtime":20},"epoch":14,"val_loss":0.12346728295487636,"train_loss":0.11269102147233676,"_step":17,"_timestamp":1.742224901491235e+09,"test_accuracy":96.27,"_runtime":20.2443562,"val_accuracy":96.66666666666667,"test_loss":0.12647984713048546,"train_accuracy":96.74074074074073}