{"val_loss":0.11127509817278439,"test_accuracy":96.58,"epoch":9,"learning_curves":{"sha256":"21d3a87226e2115f4220e974af858501d55c9ce14c3fd9be871e20759b863432","size":51726,"path":"media/images/learning_curves_12_21d3a87226e2115f4220.png","format":"png","width":1500,"height":500,"_type":"image-file"},"val_accuracy":96.76666666666667,"_wandb":{"runtime":28},"train_accuracy":97.11111111111111,"_step":12,"_runtime":28.6552752,"train_loss":0.11006253024141026,"sample_images":{"sha256":"57b003a7d23e5882d9ff9f9a6bb1d526260d55d6a1b1981a717e6d9dd04adab5","size":15278,"path":"media/images/sample_images_0_57b003a7d23e5882d9ff.png","format":"png","width":1200,"height":600,"_type":"image-file"},"_timestamp":1.7421877415276062e+09,"test_loss":0.11220931092018688}