{"_timestamp":1.7421882662100506e+09,"train_loss":0.10902814169940003,"_wandb":{"runtime":9},"val_loss":0.13380737166848855,"learning_curves":{"width":1500,"height":500,"_type":"image-file","sha256":"a36f09b7d54a759f19e66bf92ac87693b7021e6082c2d13da51fbf99542bfe3b","size":50890,"path":"media/images/learning_curves_17_a36f09b7d54a759f19e6.png","format":"png"},"_step":17,"test_loss":0.14103194794581822,"sample_images":{"format":"png","width":1200,"height":600,"_type":"image-file","sha256":"57b003a7d23e5882d9ff9f9a6bb1d526260d55d6a1b1981a717e6d9dd04adab5","size":15278,"path":"media/images/sample_images_0_57b003a7d23e5882d9ff.png"},"val_accuracy":96.16666666666667,"test_accuracy":95.74000000000001,"_runtime":9.1785151,"train_accuracy":96.76666666666667,"epoch":14}