{"_wandb":{"runtime":53},"sample_images":{"size":15278,"path":"media/images/sample_images_0_57b003a7d23e5882d9ff.png","format":"png","width":1200,"height":600,"_type":"image-file","sha256":"57b003a7d23e5882d9ff9f9a6bb1d526260d55d6a1b1981a717e6d9dd04adab5"},"learning_curves":{"size":53976,"path":"media/images/learning_curves_7_6bc737000fed8d05d15c.png","format":"png","width":1500,"height":500,"_type":"image-file","sha256":"6bc737000fed8d05d15cb6c9080c631ae4bedac5b1cbaacd471755464e12eaab"},"test_loss":0.1014020789798902,"train_loss":0.16532935165861185,"val_accuracy":97.13333333333334,"_timestamp":1.7422280920788805e+09,"epoch":4,"test_accuracy":96.96000000000001,"_step":7,"val_loss":0.09643099019830315,"_runtime":53.0557154,"train_accuracy":97.16111111111111}