{"learning_curves":{"size":44974,"path":"media/images/learning_curves_17_92261ed1735dfc543855.png","format":"png","width":1500,"height":500,"_type":"image-file","sha256":"92261ed1735dfc5438557b7ce0bb035a1893ca68e17ec33050dcad6a823813f2"},"train_loss":2.280715493318723,"test_accuracy":16.99,"val_accuracy":16.05,"_wandb":{"runtime":19},"_step":17,"_timestamp":1.7415900063868318e+09,"epoch":14,"val_loss":2.2733980071438804,"_runtime":19.5639098,"test_loss":2.2719040020917567,"train_accuracy":12.622222222222224,"sample_images":{"_type":"image-file","sha256":"57b003a7d23e5882d9ff9f9a6bb1d526260d55d6a1b1981a717e6d9dd04adab5","size":15278,"path":"media/images/sample_images_0_57b003a7d23e5882d9ff.png","format":"png","width":1200,"height":600}}