{"sample_images":{"height":600,"_type":"image-file","sha256":"57b003a7d23e5882d9ff9f9a6bb1d526260d55d6a1b1981a717e6d9dd04adab5","size":15278,"path":"media/images/sample_images_0_57b003a7d23e5882d9ff.png","format":"png","width":1200},"val_loss":0.1820778177589288,"val_accuracy":94.88333333333333,"train_loss":0.1835009016350669,"_runtime":29.420207,"_wandb":{"runtime":29},"_step":12,"epoch":9,"test_loss":0.18327488398266834,"learning_curves":{"width":1500,"height":500,"_type":"image-file","sha256":"2dd3994715e376cc33296193dad9fa4f6df3444a72bf5a1a83869ac8a95e308f","size":51292,"path":"media/images/learning_curves_12_2dd3994715e376cc3329.png","format":"png"},"_timestamp":1.742189070252755e+09,"test_accuracy":94.5,"train_accuracy":94.84444444444445}