{"_runtime":9.428474,"_step":12,"epoch":9,"test_loss":0.24310605806024418,"train_accuracy":93.0037037037037,"val_accuracy":93.05,"val_loss":0.24650049089295367,"train_loss":0.2602076377476438,"test_accuracy":93.03,"_wandb":{"runtime":9},"_timestamp":1.742188432233789e+09,"sample_images":{"path":"media/images/sample_images_0_57b003a7d23e5882d9ff.png","format":"png","width":1200,"height":600,"_type":"image-file","sha256":"57b003a7d23e5882d9ff9f9a6bb1d526260d55d6a1b1981a717e6d9dd04adab5","size":15278},"learning_curves":{"size":48733,"path":"media/images/learning_curves_12_0eec3ae32f69d2a77871.png","format":"png","width":1500,"height":500,"_type":"image-file","sha256":"0eec3ae32f69d2a77871261f17ac6f6b3044b51ca80faaca983c7d2c2642894b"}}