{"epoch":4,"_step":7,"test_accuracy":28.76,"val_loss":2.291348792857468,"_timestamp":1.7421886702115643e+09,"learning_curves":{"format":"png","width":1500,"height":500,"_type":"image-file","sha256":"910777075d12e2be957d533d46946e86849a72e45a3499de7d76a9495e70665d","size":61536,"path":"media/images/learning_curves_7_910777075d12e2be957d.png"},"_wandb":{"runtime":5},"train_loss":2.2931973621276667,"test_loss":2.2909998233835847,"train_accuracy":26.86851851851852,"sample_images":{"sha256":"57b003a7d23e5882d9ff9f9a6bb1d526260d55d6a1b1981a717e6d9dd04adab5","size":15278,"path":"media/images/sample_images_0_57b003a7d23e5882d9ff.png","format":"png","width":1200,"height":600,"_type":"image-file"},"_runtime":5.5618399,"val_accuracy":28.983333333333334}