{"train_accuracy":93.30185185185185,"val_loss":0.24305263875729113,"test_loss":0.25361984832513423,"sample_images":{"sha256":"57b003a7d23e5882d9ff9f9a6bb1d526260d55d6a1b1981a717e6d9dd04adab5","size":15278,"path":"media/images/sample_images_0_57b003a7d23e5882d9ff.png","format":"png","width":1200,"height":600,"_type":"image-file"},"_timestamp":1.7422269193937948e+09,"_runtime":35.1188828,"val_accuracy":93.33333333333333,"train_loss":0.26441291948250134,"_step":7,"epoch":4,"_wandb":{"runtime":35},"learning_curves":{"_type":"image-file","sha256":"09f60bf4ff0b54924e4e8fe05644c3516a0139a821b5e4f7da8b171ecef49c7d","size":58029,"path":"media/images/learning_curves_7_09f60bf4ff0b54924e4e.png","format":"png","width":1500,"height":500},"test_accuracy":93.44}