{"_step":17,"learning_curves":{"_type":"image-file","sha256":"95be3f4638dd11f9d5043f3c6b18946911680083eec60c19899130d0c1e62c75","size":50551,"path":"media/images/learning_curves_17_95be3f4638dd11f9d504.png","format":"png","width":1500,"height":500},"epoch":14,"_runtime":24.7973423,"sample_images":{"width":1200,"height":600,"_type":"image-file","sha256":"57b003a7d23e5882d9ff9f9a6bb1d526260d55d6a1b1981a717e6d9dd04adab5","size":15278,"path":"media/images/sample_images_0_57b003a7d23e5882d9ff.png","format":"png"},"val_loss":0.11387887697647854,"_wandb":{"runtime":24},"train_loss":0.16431362724433946,"test_loss":0.10829965642252834,"test_accuracy":96.83,"val_accuracy":96.75,"train_accuracy":97.43333333333334,"_timestamp":1.7421890050767853e+09}