{"train_accuracy":10.016666666666667,"epoch":14,"val_loss":2.3135856768461913,"learning_curves":{"format":"png","width":1500,"height":500,"_type":"image-file","sha256":"e9dc37ffeccfa6a9d472b304357d00933d950a8e158850936571bbf9dbdadade","size":71622,"path":"media/images/learning_curves_17_e9dc37ffeccfa6a9d472.png"},"sample_images":{"sha256":"57b003a7d23e5882d9ff9f9a6bb1d526260d55d6a1b1981a717e6d9dd04adab5","size":15278,"path":"media/images/sample_images_0_57b003a7d23e5882d9ff.png","format":"png","width":1200,"height":600,"_type":"image-file"},"_timestamp":1.7421857572665021e+09,"_runtime":14.4255622,"test_loss":2.3108504130374343,"test_accuracy":11.35,"_step":17,"train_loss":2.314625794268469,"val_accuracy":10.9,"_wandb":{"runtime":14}}