{"epoch":14,"train_accuracy":23.016666666666666,"_wandb":{"runtime":13},"_runtime":13.1141485,"train_loss":2.2920344040860545,"learning_curves":{"format":"png","width":1500,"height":500,"_type":"image-file","sha256":"c346b05334b19fc6c32f0ccf314295447632d475466bd6cf5e94295db6d18258","size":66028,"path":"media/images/learning_curves_17_c346b05334b19fc6c32f.png"},"val_accuracy":24.833333333333332,"_step":17,"test_loss":2.2911837301590485,"val_loss":2.2910665312968277,"test_accuracy":25.09,"_timestamp":1.7415912868683383e+09,"sample_images":{"size":31364,"path":"media/images/sample_images_0_77ee7a6052947e5d44d9.png","format":"png","width":1200,"height":600,"_type":"image-file","sha256":"77ee7a6052947e5d44d9fa2d7ba2735f1b3e51413e8c4eee21f851f552664b7b"}}