{"_runtime":37.9160639,"val_loss":0.12205410734001647,"train_accuracy":97.02407407407408,"val_accuracy":96.45,"train_loss":0.13067758570627297,"_step":17,"learning_curves":{"size":51046,"path":"media/images/learning_curves_17_52a47385326c3fd902e7.png","format":"png","width":1500,"height":500,"_type":"image-file","sha256":"52a47385326c3fd902e7133ef68b7b741718029e858d361376e1d23464665d09"},"test_loss":0.12490109594059796,"_timestamp":1.7415913722819448e+09,"test_accuracy":96.41,"_wandb":{"runtime":37},"epoch":14,"sample_images":{"format":"png","width":1200,"height":600,"_type":"image-file","sha256":"57b003a7d23e5882d9ff9f9a6bb1d526260d55d6a1b1981a717e6d9dd04adab5","size":15278,"path":"media/images/sample_images_0_57b003a7d23e5882d9ff.png"}}