{"epoch":14,"val_loss":0.3590567317627573,"_step":17,"train_loss":0.3349024613620176,"learning_curves":{"size":51997,"path":"media/images/learning_curves_17_c26a158eb767a22f89b9.png","format":"png","width":1500,"height":500,"_type":"image-file","sha256":"c26a158eb767a22f89b9709ba56ef3543753771ec4f06cb804187f76b24e8540"},"train_accuracy":88.24814814814815,"_timestamp":1.7421385746323304e+09,"test_loss":0.38181574257353706,"sample_images":{"format":"png","width":1200,"height":600,"_type":"image-file","sha256":"77ee7a6052947e5d44d9fa2d7ba2735f1b3e51413e8c4eee21f851f552664b7b","size":31364,"path":"media/images/sample_images_0_77ee7a6052947e5d44d9.png"},"_wandb":{"runtime":30},"test_accuracy":86.42999999999999,"_runtime":30.4281386,"val_accuracy":87.3}