{"learning_curves":{"sha256":"ac64cce5faddcbfb15203df7618e2ece6eea604972e1c3b724ebab060c3a7d0d","size":61339,"path":"media/images/learning_curves_7_ac64cce5faddcbfb1520.png","format":"png","width":1500,"height":500,"_type":"image-file"},"sample_images":{"format":"png","width":1200,"height":600,"_type":"image-file","sha256":"77ee7a6052947e5d44d9fa2d7ba2735f1b3e51413e8c4eee21f851f552664b7b","size":31364,"path":"media/images/sample_images_0_77ee7a6052947e5d44d9.png"},"_timestamp":1.7421862570366783e+09,"_runtime":6.4183545,"_step":7,"test_loss":2.3191751703125503,"epoch":4,"train_accuracy":9.9,"train_loss":2.312709845009643,"_wandb":{"runtime":6},"val_loss":2.3179356982795736,"val_accuracy":10.316666666666666,"test_accuracy":10}