{"test_loss":0.13803174660254222,"train_accuracy":96.46666666666667,"_timestamp":1.742139282778191e+09,"_step":12,"train_loss":0.1222241501587044,"val_accuracy":95.93333333333334,"sample_images":{"height":600,"_type":"image-file","sha256":"57b003a7d23e5882d9ff9f9a6bb1d526260d55d6a1b1981a717e6d9dd04adab5","size":15278,"path":"media/images/sample_images_0_57b003a7d23e5882d9ff.png","format":"png","width":1200},"learning_curves":{"sha256":"3212e60ca038c71b63c8d6e6cb8822a27180a1073e88fda1397cb8a4b8b21f53","size":46156,"path":"media/images/learning_curves_12_3212e60ca038c71b63c8.png","format":"png","width":1500,"height":500,"_type":"image-file"},"_wandb":{"runtime":9},"_runtime":9.676829,"test_accuracy":95.77,"epoch":9,"val_loss":0.13373519175919762}