{"sample_images":{"format":"png","width":1200,"height":600,"_type":"image-file","sha256":"57b003a7d23e5882d9ff9f9a6bb1d526260d55d6a1b1981a717e6d9dd04adab5","size":15278,"path":"media/images/sample_images_0_57b003a7d23e5882d9ff.png"},"_wandb":{"runtime":12},"train_loss":0.5530771453150903,"test_accuracy":84.57000000000001,"train_accuracy":86.59074074074074,"epoch":14,"learning_curves":{"size":66065,"path":"media/images/learning_curves_17_113702c68e8004548431.png","format":"png","width":1500,"height":500,"_type":"image-file","sha256":"113702c68e8004548431cc5d3494f57f768d5e9a007eeea7ac5233e4392815a4"},"_step":17,"val_accuracy":84.96666666666667,"val_loss":0.5966988566204687,"test_loss":0.6297820728094438,"_timestamp":1.7421889469023244e+09,"_runtime":12.5651223}