{"sample_images":{"_type":"image-file","sha256":"57b003a7d23e5882d9ff9f9a6bb1d526260d55d6a1b1981a717e6d9dd04adab5","size":15278,"path":"media/images/sample_images_0_57b003a7d23e5882d9ff.png","format":"png","width":1200,"height":600},"_timestamp":1.7422254619637353e+09,"_wandb":{"runtime":36},"test_accuracy":95,"epoch":4,"train_accuracy":94.4962962962963,"_runtime":35.9501273,"val_accuracy":95.35,"_step":7,"test_loss":0.19990795908815953,"train_loss":0.34425094569138,"val_loss":0.196564221488811,"learning_curves":{"path":"media/images/learning_curves_7_4929d73de402ea18db4c.png","format":"png","width":1500,"height":500,"_type":"image-file","sha256":"4929d73de402ea18db4c4fc0043042cc784beb8f19bd037b461f8c79917b34be","size":46433}}