{"_step":12,"train_loss":1.9781433519354004,"test_loss":1.9263945319690727,"_runtime":22.5622678,"val_accuracy":51.28333333333334,"sample_images":{"format":"png","width":1200,"height":600,"_type":"image-file","sha256":"77ee7a6052947e5d44d9fa2d7ba2735f1b3e51413e8c4eee21f851f552664b7b","size":31364,"path":"media/images/sample_images_0_77ee7a6052947e5d44d9.png"},"learning_curves":{"_type":"image-file","sha256":"5b3b93dab1f9be1f4f6f22e834177c55a8ad1d1128bd94238813e8fde18b2c6c","size":61163,"path":"media/images/learning_curves_12_5b3b93dab1f9be1f4f6f.png","format":"png","width":1500,"height":500},"_wandb":{"runtime":22},"_timestamp":1.7415894102701201e+09,"val_loss":1.9277270905008144,"train_accuracy":51.31666666666666,"epoch":9,"test_accuracy":51.67}