{"_timestamp":1.7421880964038754e+09,"sample_images":{"sha256":"57b003a7d23e5882d9ff9f9a6bb1d526260d55d6a1b1981a717e6d9dd04adab5","size":15278,"path":"media/images/sample_images_0_57b003a7d23e5882d9ff.png","format":"png","width":1200,"height":600,"_type":"image-file"},"train_accuracy":92.48518518518519,"_step":17,"learning_curves":{"height":500,"_type":"image-file","sha256":"5f3f256dc31e13e4365ffc67e6ff7fcfa87cf09dcdc75d22229f98b68d9911f1","size":46916,"path":"media/images/learning_curves_17_5f3f256dc31e13e4365f.png","format":"png","width":1500},"_wandb":{"runtime":10},"test_loss":0.2699250555610515,"val_loss":0.2725326171081237,"epoch":14,"_runtime":10.3695563,"train_loss":0.27074540467330016,"val_accuracy":92.35,"test_accuracy":92.47999999999999}