{"test_accuracy":10.100000000000001,"_step":12,"learning_curves":{"path":"media/images/learning_curves_12_8743f78f827799073f88.png","format":"png","width":1500,"height":500,"_type":"image-file","sha256":"8743f78f827799073f8802a44cbce0241232f4b951d8c4c3fb11a2b03bf39ab2","size":73921},"epoch":9,"_runtime":20.9244927,"sample_images":{"sha256":"57b003a7d23e5882d9ff9f9a6bb1d526260d55d6a1b1981a717e6d9dd04adab5","size":15278,"path":"media/images/sample_images_0_57b003a7d23e5882d9ff.png","format":"png","width":1200,"height":600,"_type":"image-file"},"val_loss":2.3107476855719025,"test_loss":2.307086200301205,"_timestamp":1.7415901090317926e+09,"train_loss":2.3045505824063994,"val_accuracy":9.816666666666666,"train_accuracy":10.238888888888889,"_wandb":{"runtime":20}}