{"epoch":4,"_step":7,"val_loss":0.15169631918878843,"sample_images":{"path":"media/images/sample_images_0_57b003a7d23e5882d9ff.png","format":"png","width":1200,"height":600,"_type":"image-file","sha256":"57b003a7d23e5882d9ff9f9a6bb1d526260d55d6a1b1981a717e6d9dd04adab5","size":15278},"val_accuracy":95.86666666666666,"test_accuracy":95.59,"learning_curves":{"width":1500,"height":500,"_type":"image-file","sha256":"c17facabcff4be934fad2cc8abbf739f07d111b0b949265c7620d0f1a79e07dc","size":51892,"path":"media/images/learning_curves_7_c17facabcff4be934fad.png","format":"png"},"train_loss":0.2351975555341359,"_wandb":{"runtime":7},"_runtime":7.6189069,"train_accuracy":95.53888888888889,"test_loss":0.15301405855070338,"_timestamp":1.7422262665465329e+09}