{"train_loss":0.18645995324038753,"_timestamp":1.741591394829271e+09,"_step":17,"learning_curves":{"height":500,"_type":"image-file","sha256":"5d1a26e3269f77f263fea802d9607a218d7b5a00d0aa6d08ba196ad3e02dc281","size":51475,"path":"media/images/learning_curves_17_5d1a26e3269f77f263fe.png","format":"png","width":1500},"_wandb":{"runtime":17},"test_accuracy":96.1,"val_loss":0.14638575273788165,"val_accuracy":95.83333333333334,"epoch":14,"train_accuracy":96.12962962962963,"test_loss":0.14189017834326628,"sample_images":{"sha256":"57b003a7d23e5882d9ff9f9a6bb1d526260d55d6a1b1981a717e6d9dd04adab5","size":15278,"path":"media/images/sample_images_0_57b003a7d23e5882d9ff.png","format":"png","width":1200,"height":600,"_type":"image-file"},"_runtime":17.0820291}