{"test_accuracy":97.28999999999999,"_wandb":{"runtime":15},"train_loss":0.060769524036354924,"_timestamp":1.7422141938571532e+09,"_runtime":15.6921634,"_step":17,"val_loss":0.07914987883913724,"test_loss":0.08649031573496961,"sample_images":{"sha256":"57b003a7d23e5882d9ff9f9a6bb1d526260d55d6a1b1981a717e6d9dd04adab5","size":15278,"path":"media/images/sample_images_0_57b003a7d23e5882d9ff.png","format":"png","width":1200,"height":600,"_type":"image-file"},"train_accuracy":99.02037037037037,"val_accuracy":97.8,"learning_curves":{"width":1500,"height":500,"_type":"image-file","sha256":"d4705353d7d85ba3c88e937d1bd21862fb366204f0e4501407ca7bb5dfd96aea","size":52285,"path":"media/images/learning_curves_17_d4705353d7d85ba3c88e.png","format":"png"},"epoch":14}