{"train_accuracy":28.366666666666667,"train_loss":1.7344590671353275,"sample_images":{"width":1200,"height":600,"_type":"image-file","sha256":"57b003a7d23e5882d9ff9f9a6bb1d526260d55d6a1b1981a717e6d9dd04adab5","size":15278,"path":"media/images/sample_images_0_57b003a7d23e5882d9ff.png","format":"png"},"test_accuracy":30.39,"learning_curves":{"path":"media/images/learning_curves_12_4536b90bcd1218e6948d.png","format":"png","width":1500,"height":500,"_type":"image-file","sha256":"4536b90bcd1218e6948df1880c9d29394c8614ac2e53eb530a511dfeb8e3c60c","size":62774},"_step":12,"_timestamp":1.7422233315718248e+09,"epoch":9,"_runtime":17.7888298,"val_loss":1.7177948286930158,"val_accuracy":30.816666666666663,"test_loss":1.725489045495521,"_wandb":{"runtime":17}}