{"train_accuracy":97.88333333333334,"val_loss":0.08965481962029072,"epoch":4,"train_loss":0.08562770634560303,"_step":7,"sample_images":{"width":1200,"height":600,"_type":"image-file","sha256":"57b003a7d23e5882d9ff9f9a6bb1d526260d55d6a1b1981a717e6d9dd04adab5","size":15278,"path":"media/images/sample_images_0_57b003a7d23e5882d9ff.png","format":"png"},"_wandb":{"runtime":13},"test_loss":0.0859174687855526,"_runtime":13.4101834,"_timestamp":1.7422246653807414e+09,"test_accuracy":97.34,"learning_curves":{"size":58220,"path":"media/images/learning_curves_7_53bbe802da24f35f7b31.png","format":"png","width":1500,"height":500,"_type":"image-file","sha256":"53bbe802da24f35f7b315c26d8e5c3c615de7de8451bb5ff68c149bfcb187078"},"val_accuracy":97.38333333333333}