{"_timestamp":1.7422123836552055e+09,"val_accuracy":94.1,"test_loss":0.21034321515755597,"sample_images":{"sha256":"57b003a7d23e5882d9ff9f9a6bb1d526260d55d6a1b1981a717e6d9dd04adab5","size":15278,"path":"media/images/sample_images_0_57b003a7d23e5882d9ff.png","format":"png","width":1200,"height":600,"_type":"image-file"},"val_loss":0.21261633820621328,"_wandb":{"runtime":13},"_runtime":13.556106400000001,"epoch":9,"train_loss":0.22100310050242566,"_step":12,"test_accuracy":94.05,"train_accuracy":93.74444444444444,"learning_curves":{"sha256":"694b367470811d7f5c0dbf9cfff59f9c1a50aefe41b66ff39179afef7687de98","size":47340,"path":"media/images/learning_curves_12_694b367470811d7f5c0d.png","format":"png","width":1500,"height":500,"_type":"image-file"}}