{"_timestamp":1.7421864110169594e+09,"val_loss":0.5733279359750152,"val_accuracy":77.41666666666667,"_wandb":{"runtime":48},"_runtime":48.8182805,"_step":17,"learning_curves":{"width":1500,"height":500,"_type":"image-file","sha256":"8de9a8b9fdbc31d3123d3604b04fbce23fa8ddac00524f80ec418899876a943b","size":65588,"path":"media/images/learning_curves_17_8de9a8b9fdbc31d3123d.png","format":"png"},"test_loss":0.6011802495220566,"train_accuracy":81.46296296296296,"sample_images":{"path":"media/images/sample_images_0_77ee7a6052947e5d44d9.png","format":"png","width":1200,"height":600,"_type":"image-file","sha256":"77ee7a6052947e5d44d9fa2d7ba2735f1b3e51413e8c4eee21f851f552664b7b","size":31364},"epoch":14,"train_loss":0.6550559349982621,"test_accuracy":77.17}