{"_runtime":32.5988218,"val_accuracy":94.08333333333333,"learning_curves":{"width":1500,"height":500,"_type":"image-file","sha256":"7dd8a9b930a1f318e738f61a27146a3a1c8bfd62048b3cb0df76234b50ee0115","size":66927,"path":"media/images/learning_curves_17_7dd8a9b930a1f318e738.png","format":"png"},"_wandb":{"runtime":32},"epoch":14,"test_loss":0.2244063502310654,"train_accuracy":94.00925925925925,"sample_images":{"size":15278,"path":"media/images/sample_images_0_57b003a7d23e5882d9ff.png","format":"png","width":1200,"height":600,"_type":"image-file","sha256":"57b003a7d23e5882d9ff9f9a6bb1d526260d55d6a1b1981a717e6d9dd04adab5"},"test_accuracy":93.87,"_timestamp":1.742213110182631e+09,"val_loss":0.20745717603266353,"_step":17,"train_loss":0.2165621037812505}