{"train_loss":0.3823962241394014,"train_accuracy":89.37592592592593,"test_loss":0.35183841056683807,"_step":7,"learning_curves":{"size":51776,"path":"media/images/learning_curves_7_d592b41d1661f3ed9556.png","format":"png","width":1500,"height":500,"_type":"image-file","sha256":"d592b41d1661f3ed955691190d8f50654c72d164f6671be2785e53ec9ecf80b8"},"_timestamp":1.7421857989618247e+09,"val_accuracy":89.76666666666667,"_wandb":{"runtime":6},"_runtime":5.9714107,"epoch":4,"test_accuracy":89.92,"val_loss":0.36213153602458026,"sample_images":{"width":1200,"height":600,"_type":"image-file","sha256":"57b003a7d23e5882d9ff9f9a6bb1d526260d55d6a1b1981a717e6d9dd04adab5","size":15278,"path":"media/images/sample_images_0_57b003a7d23e5882d9ff.png","format":"png"}}