{"test_accuracy":92.17,"_step":7,"_timestamp":1.7422279410167723e+09,"_runtime":11.9391113,"test_loss":0.2767332224766845,"train_accuracy":92.11481481481482,"_wandb":{"runtime":11},"val_loss":0.2793606095188159,"learning_curves":{"path":"media/images/learning_curves_7_9a52b612f8b24f0eca36.png","format":"png","width":1500,"height":500,"_type":"image-file","sha256":"9a52b612f8b24f0eca36c7a033bf98238a2941d26010b1eb3be9577c0565da57","size":50903},"sample_images":{"format":"png","width":1200,"height":600,"_type":"image-file","sha256":"57b003a7d23e5882d9ff9f9a6bb1d526260d55d6a1b1981a717e6d9dd04adab5","size":15278,"path":"media/images/sample_images_0_57b003a7d23e5882d9ff.png"},"epoch":4,"val_accuracy":92.15,"train_loss":0.31002526591127955}