{"epoch":14,"val_accuracy":94.31666666666668,"train_loss":0.19591859588707686,"_runtime":14.6422436,"test_loss":0.197067404378038,"sample_images":{"_type":"image-file","sha256":"57b003a7d23e5882d9ff9f9a6bb1d526260d55d6a1b1981a717e6d9dd04adab5","size":15278,"path":"media/images/sample_images_0_57b003a7d23e5882d9ff.png","format":"png","width":1200,"height":600},"_timestamp":1.7422119737771137e+09,"train_accuracy":94.50185185185185,"learning_curves":{"sha256":"c2353e43678092ecc254f565c77acf3c4311661a4540f282702f9ac2573071c1","size":51242,"path":"media/images/learning_curves_17_c2353e43678092ecc254.png","format":"png","width":1500,"height":500,"_type":"image-file"},"_step":17,"_wandb":{"runtime":14},"val_loss":0.19716625819691547,"test_accuracy":94.31}