{"learning_curves":{"height":500,"_type":"image-file","sha256":"05470c41b540981aeba0165f4d1dfb27a0dddef6fd8064793e4741566cb5f748","size":46990,"path":"media/images/learning_curves_17_05470c41b540981aeba0.png","format":"png","width":1500},"sample_images":{"format":"png","width":1200,"height":600,"_type":"image-file","sha256":"57b003a7d23e5882d9ff9f9a6bb1d526260d55d6a1b1981a717e6d9dd04adab5","size":15278,"path":"media/images/sample_images_0_57b003a7d23e5882d9ff.png"},"val_loss":0.10244401005160167,"train_accuracy":97.89259259259259,"val_accuracy":96.95,"test_loss":0.10326039818433498,"_timestamp":1.7422246287073994e+09,"_wandb":{"runtime":25},"_runtime":25.6174555,"train_loss":0.10350600839056624,"epoch":14,"_step":17,"test_accuracy":96.85000000000001}