{"_timestamp":1.7422272557590723e+09,"val_accuracy":96.21666666666667,"val_loss":0.12829658321246443,"sample_images":{"size":15278,"path":"media/images/sample_images_0_57b003a7d23e5882d9ff.png","format":"png","width":1200,"height":600,"_type":"image-file","sha256":"57b003a7d23e5882d9ff9f9a6bb1d526260d55d6a1b1981a717e6d9dd04adab5"},"test_accuracy":95.93,"_runtime":24.8690653,"train_accuracy":96.95370370370371,"epoch":14,"train_loss":0.10401597832791838,"_step":17,"test_loss":0.13586265337083142,"learning_curves":{"path":"media/images/learning_curves_17_da56b5059e71de4d872e.png","format":"png","width":1500,"height":500,"_type":"image-file","sha256":"da56b5059e71de4d872ef242badc74431fc4c3d1c64b437c6193f15943f70cdf","size":51366},"_wandb":{"runtime":24}}