{"test_accuracy":97.25,"train_accuracy":99.29074074074074,"learning_curves":{"width":1500,"height":500,"_type":"image-file","sha256":"58ed6fe23c8a86771c566cddf02becdeff1c320e9c773f64c8600c76b7049269","size":44072,"path":"media/images/learning_curves_17_58ed6fe23c8a86771c56.png","format":"png"},"_runtime":52.5815298,"test_loss":0.10119304299275692,"_wandb":{"runtime":52},"_timestamp":1.7421858895166578e+09,"sample_images":{"_type":"image-file","sha256":"57b003a7d23e5882d9ff9f9a6bb1d526260d55d6a1b1981a717e6d9dd04adab5","size":15278,"path":"media/images/sample_images_0_57b003a7d23e5882d9ff.png","format":"png","width":1200,"height":600},"val_accuracy":97.46666666666667,"val_loss":0.09315530413381776,"train_loss":0.047294125289351625,"_step":17,"epoch":14}