{"train_loss":0.5245927692229294,"_runtime":6.7824608,"test_accuracy":80.7,"test_loss":0.5446885906398546,"epoch":4,"train_accuracy":81.6462962962963,"_wandb":{"runtime":6},"_step":7,"learning_curves":{"sha256":"fbad95bb359dda56d42d4aefa7a68b15059bc6c731f918a23b8d7ed7937d11f4","size":55814,"path":"media/images/learning_curves_7_fbad95bb359dda56d42d.png","format":"png","width":1500,"height":500,"_type":"image-file"},"_timestamp":1.7415932024339237e+09,"sample_images":{"path":"media/images/sample_images_0_77ee7a6052947e5d44d9.png","format":"png","width":1200,"height":600,"_type":"image-file","sha256":"77ee7a6052947e5d44d9fa2d7ba2735f1b3e51413e8c4eee21f851f552664b7b","size":31364},"val_loss":0.5245422336506227,"val_accuracy":81.01666666666667}