{"_runtime":13.842573,"epoch":14,"_timestamp":1.7422279687744808e+09,"val_accuracy":84.78333333333333,"test_accuracy":83.88,"learning_curves":{"_type":"image-file","sha256":"d51f52c5a1873c1a917d33af4d79c537890a82bc25a177bab32f56ed427a0de5","size":51077,"path":"media/images/learning_curves_17_d51f52c5a1873c1a917d.png","format":"png","width":1500,"height":500},"_wandb":{"runtime":13},"val_loss":0.4332930161481773,"_step":17,"sample_images":{"size":31364,"path":"media/images/sample_images_0_77ee7a6052947e5d44d9.png","format":"png","width":1200,"height":600,"_type":"image-file","sha256":"77ee7a6052947e5d44d9fa2d7ba2735f1b3e51413e8c4eee21f851f552664b7b"},"train_accuracy":85.62407407407407,"train_loss":0.4277003611759794,"test_loss":0.45786052547565503}