{"val_loss":0.07967932448665704,"_wandb":{"runtime":56},"_timestamp":1.742187698037484e+09,"train_accuracy":99.1037037037037,"learning_curves":{"size":51119,"path":"media/images/learning_curves_12_ea4b11989cbe91295968.png","format":"png","width":1500,"height":500,"_type":"image-file","sha256":"ea4b11989cbe91295968fea6aca13638a204c6d1d2a0a4bdfd1b0eda168102b2"},"train_loss":0.06371568897766731,"_step":12,"val_accuracy":97.66666666666667,"epoch":9,"test_accuracy":97.48,"_runtime":56.245601,"test_loss":0.07823348129200632,"sample_images":{"format":"png","width":1200,"height":600,"_type":"image-file","sha256":"57b003a7d23e5882d9ff9f9a6bb1d526260d55d6a1b1981a717e6d9dd04adab5","size":15278,"path":"media/images/sample_images_0_57b003a7d23e5882d9ff.png"}}