{"test_accuracy":97.35000000000001,"_runtime":64.9112995,"learning_curves":{"height":500,"_type":"image-file","sha256":"0ae9896e4587983a265c10c12b13824e7b190496edba6c87c91cb4ec42ca40dd","size":50403,"path":"media/images/learning_curves_12_0ae9896e4587983a265c.png","format":"png","width":1500},"train_accuracy":98.13148148148149,"_timestamp":1.7422278970989676e+09,"_step":12,"val_loss":0.08891804456107746,"_wandb":{"runtime":64},"test_loss":0.09072241175274703,"epoch":9,"train_loss":0.15160008146274032,"val_accuracy":97.45,"sample_images":{"height":600,"_type":"image-file","sha256":"57b003a7d23e5882d9ff9f9a6bb1d526260d55d6a1b1981a717e6d9dd04adab5","size":15278,"path":"media/images/sample_images_0_57b003a7d23e5882d9ff.png","format":"png","width":1200}}