{"_timestamp":1.742141421028632e+09,"train_accuracy":86.00740740740741,"_wandb":{"runtime":20},"test_accuracy":83.12,"sample_images":{"format":"png","width":1200,"height":600,"_type":"image-file","sha256":"77ee7a6052947e5d44d9fa2d7ba2735f1b3e51413e8c4eee21f851f552664b7b","size":31364,"path":"media/images/sample_images_0_77ee7a6052947e5d44d9.png"},"_step":17,"val_accuracy":83.95,"_runtime":20.0385469,"epoch":14,"test_loss":0.4772045701288037,"train_loss":0.3978395620319196,"val_loss":0.4497429052919751,"learning_curves":{"sha256":"b26154cb87c1bf3cd0841ca762d98b586e5f758effa02c2407e4e16410db4af4","size":64514,"path":"media/images/learning_curves_17_b26154cb87c1bf3cd084.png","format":"png","width":1500,"height":500,"_type":"image-file"}}