{"learning_curves":{"format":"png","width":1500,"height":500,"_type":"image-file","sha256":"8626aeb8aa8b48fdd267b51a75452feb65351d709b8558fa1be968da3b185566","size":51479,"path":"media/images/learning_curves_12_8626aeb8aa8b48fdd267.png"},"_timestamp":1.7421888529901013e+09,"sample_images":{"width":1200,"height":600,"_type":"image-file","sha256":"57b003a7d23e5882d9ff9f9a6bb1d526260d55d6a1b1981a717e6d9dd04adab5","size":15278,"path":"media/images/sample_images_0_57b003a7d23e5882d9ff.png","format":"png"},"val_loss":0.27360043649838683,"epoch":9,"train_loss":0.2761463664610377,"test_loss":0.272840887315587,"val_accuracy":92.46666666666667,"test_accuracy":92.2,"train_accuracy":92.27407407407408,"_wandb":{"runtime":16},"_step":12,"_runtime":16.7354389}