{"train_loss":0.04591564352316332,"val_accuracy":96.55,"_timestamp":1.742207852387254e+09,"test_loss":0.1297831365382436,"_step":17,"train_accuracy":98.5537037037037,"sample_images":{"sha256":"57b003a7d23e5882d9ff9f9a6bb1d526260d55d6a1b1981a717e6d9dd04adab5","size":15278,"path":"media/images/sample_images_0_57b003a7d23e5882d9ff.png","format":"png","width":1200,"height":600,"_type":"image-file"},"val_loss":0.1211007129243086,"_wandb":{"runtime":20},"test_accuracy":96.54,"learning_curves":{"sha256":"58b68ae728df8c03bb89f1cf67a247d4b028c8b8442670b1f8c2bbb6c40d5853","size":54840,"path":"media/images/learning_curves_17_58b68ae728df8c03bb89.png","format":"png","width":1500,"height":500,"_type":"image-file"},"_runtime":20.1701019,"epoch":14}