{"_runtime":9.8755803,"val_accuracy":10.9,"val_loss":2.3024998079629313,"_timestamp":1.7421355711478732e+09,"train_accuracy":11.274074074074074,"test_loss":2.3024577196060454,"learning_curves":{"format":"png","width":1500,"height":500,"_type":"image-file","sha256":"2e3aabb26a34ece4cfb16cc95547d2b8ecc7c3b204d4edc4b4dd887100efbec0","size":38327,"path":"media/images/learning_curves_7_2e3aabb26a34ece4cfb1.png"},"_step":7,"epoch":4,"sample_images":{"height":600,"_type":"image-file","sha256":"57b003a7d23e5882d9ff9f9a6bb1d526260d55d6a1b1981a717e6d9dd04adab5","size":15278,"path":"media/images/sample_images_0_57b003a7d23e5882d9ff.png","format":"png","width":1200},"train_loss":2.3033354647658832,"test_accuracy":11.35,"_wandb":{"runtime":9}}