{"val_accuracy":10.4,"_step":12,"_runtime":18.4364374,"val_loss":2.319997236171077,"test_loss":2.3243540071014497,"train_accuracy":10.15,"sample_images":{"_type":"image-file","sha256":"57b003a7d23e5882d9ff9f9a6bb1d526260d55d6a1b1981a717e6d9dd04adab5","size":15278,"path":"media/images/sample_images_0_57b003a7d23e5882d9ff.png","format":"png","width":1200,"height":600},"test_accuracy":9.8,"_timestamp":1.7422277305123894e+09,"learning_curves":{"format":"png","width":1500,"height":500,"_type":"image-file","sha256":"15390bc111c432ecfd4e8d2c8f3ec549459d81ae3241dfcca27635e53fcda542","size":67654,"path":"media/images/learning_curves_12_15390bc111c432ecfd4e.png"},"_wandb":{"runtime":18},"train_loss":2.3104129324263347,"epoch":9}