{"learning_curves":{"path":"media/images/learning_curves_12_89f21c60ee7c32bbf241.png","format":"png","width":1500,"height":500,"_type":"image-file","sha256":"89f21c60ee7c32bbf24147ba7267b70566d1ab84db19acadaa7e1b674de58335","size":51819},"train_loss":0.16249508628699738,"epoch":9,"val_accuracy":96.45,"_step":12,"val_loss":0.12834876221585823,"test_accuracy":96.49,"_wandb":{"runtime":24},"sample_images":{"format":"png","width":1200,"height":600,"_type":"image-file","sha256":"57b003a7d23e5882d9ff9f9a6bb1d526260d55d6a1b1981a717e6d9dd04adab5","size":15278,"path":"media/images/sample_images_0_57b003a7d23e5882d9ff.png"},"train_accuracy":96.5925925925926,"test_loss":0.12348938943707011,"_timestamp":1.7415895337121239e+09,"_runtime":24.0181048}