{"val_loss":0.32699800679034835,"val_accuracy":90.63333333333333,"test_accuracy":90.91,"train_accuracy":90.45925925925926,"train_loss":0.3361178373120845,"learning_curves":{"_type":"image-file","sha256":"fff8e7933ce7be6de0021cdf2e167c7a9a003cb3f489b94ae0bdaa1ce11aa79f","size":54471,"path":"media/images/learning_curves_12_fff8e7933ce7be6de002.png","format":"png","width":1500,"height":500},"sample_images":{"height":600,"_type":"image-file","sha256":"57b003a7d23e5882d9ff9f9a6bb1d526260d55d6a1b1981a717e6d9dd04adab5","size":15278,"path":"media/images/sample_images_0_57b003a7d23e5882d9ff.png","format":"png","width":1200},"test_loss":0.31635091405750343,"_wandb":{"runtime":27},"_step":12,"_timestamp":1.7422101530169942e+09,"_runtime":27.3196243,"epoch":9}