{"sample_images":{"size":31364,"path":"media/images/sample_images_0_77ee7a6052947e5d44d9.png","format":"png","width":1200,"height":600,"_type":"image-file","sha256":"77ee7a6052947e5d44d9fa2d7ba2735f1b3e51413e8c4eee21f851f552664b7b"},"_step":17,"_wandb":{"runtime":13},"_runtime":13.2234352,"train_accuracy":64.61851851851851,"_timestamp":1.7421855528047671e+09,"val_accuracy":64.55,"val_loss":1.4659664949456488,"test_accuracy":63.75999999999999,"epoch":14,"learning_curves":{"height":500,"_type":"image-file","sha256":"50a6fddfb6111cc303744e513e747b1c0ff8ecb1a049008240d65b1280811971","size":60928,"path":"media/images/learning_curves_17_50a6fddfb6111cc30374.png","format":"png","width":1500},"train_loss":1.4900464125181276,"test_loss":1.4733234415052943}