{"val_loss":0.507788228292837,"train_accuracy":82.32037037037037,"sample_images":{"height":600,"_type":"image-file","sha256":"77ee7a6052947e5d44d9fa2d7ba2735f1b3e51413e8c4eee21f851f552664b7b","size":31364,"path":"media/images/sample_images_0_77ee7a6052947e5d44d9.png","format":"png","width":1200},"train_loss":0.5510241669384931,"_timestamp":1.7421345917859275e+09,"test_accuracy":81.54,"val_accuracy":82.23333333333333,"_wandb":{"runtime":30},"epoch":4,"test_loss":0.5276074892968637,"learning_curves":{"height":500,"_type":"image-file","sha256":"7f21f3e7d271924613432c69d4bcb78249a3ccf14f83d58c4ce0aa7102d41c8d","size":56343,"path":"media/images/learning_curves_7_7f21f3e7d27192461343.png","format":"png","width":1500},"_runtime":30.7173805,"_step":7}