{"test_accuracy":90.86999999999999,"_timestamp":1.7422242210082264e+09,"val_accuracy":90.88333333333334,"_wandb":{"runtime":24},"epoch":14,"learning_curves":{"_type":"image-file","sha256":"ff270dd431221eb5b9bfd54a4b33162a3836647a5b96c65d7922c40e7709ad88","size":61808,"path":"media/images/learning_curves_17_ff270dd431221eb5b9bf.png","format":"png","width":1500,"height":500},"train_accuracy":90.67592592592592,"train_loss":0.3566550739857319,"val_loss":0.34200357616650184,"_step":17,"sample_images":{"height":600,"_type":"image-file","sha256":"57b003a7d23e5882d9ff9f9a6bb1d526260d55d6a1b1981a717e6d9dd04adab5","size":15278,"path":"media/images/sample_images_0_57b003a7d23e5882d9ff.png","format":"png","width":1200},"test_loss":0.34165601215384644,"_runtime":24.3034303}