{"train_loss":0.06274331935955627,"_step":17,"val_accuracy":96.98333333333333,"epoch":14,"val_loss":0.14803761202382326,"train_accuracy":98.46481481481482,"test_loss":0.15102077995694385,"learning_curves":{"height":500,"_type":"image-file","sha256":"225a4c3776a1acdde040a7486c71294ffbfe91d07d5d011fbd0b1201a4edc5b9","size":61944,"path":"media/images/learning_curves_17_225a4c3776a1acdde040.png","format":"png","width":1500},"test_accuracy":96.74000000000001,"_runtime":36.9164125,"_wandb":{"runtime":36},"sample_images":{"path":"media/images/sample_images_0_57b003a7d23e5882d9ff.png","format":"png","width":1200,"height":600,"_type":"image-file","sha256":"57b003a7d23e5882d9ff9f9a6bb1d526260d55d6a1b1981a717e6d9dd04adab5","size":15278},"_timestamp":1.7422097254799504e+09}