{"epoch":9,"train_loss":1.8682163037449775,"test_loss":1.8309185546991449,"val_loss":1.8357138511349398,"_wandb":{"runtime":34},"_step":12,"learning_curves":{"size":60807,"path":"media/images/learning_curves_12_165f58e02a2964ce1320.png","format":"png","width":1500,"height":500,"_type":"image-file","sha256":"165f58e02a2964ce1320306d05d7ee8e4a0ef7ed2e7d0e86fa5aefb22873645a"},"val_accuracy":56.733333333333334,"test_accuracy":56.330000000000005,"_timestamp":1.7422123040011342e+09,"sample_images":{"sha256":"57b003a7d23e5882d9ff9f9a6bb1d526260d55d6a1b1981a717e6d9dd04adab5","size":15278,"path":"media/images/sample_images_0_57b003a7d23e5882d9ff.png","format":"png","width":1200,"height":600,"_type":"image-file"},"_runtime":34.274755,"train_accuracy":55.15185185185185}