{"_runtime":15.2151471,"epoch":14,"_wandb":{"runtime":15},"val_loss":0.42114636124311755,"train_accuracy":85.47962962962963,"test_loss":0.4479190975726885,"test_accuracy":84.07,"val_accuracy":85.13333333333334,"_timestamp":1.742207960410875e+09,"train_loss":0.4258357028130034,"_step":17,"learning_curves":{"_type":"image-file","sha256":"e214b95b7398e9ecf7a7ff3387fdc6a89b0085f0f906306e7b0ea8d67773ca34","size":53446,"path":"media/images/learning_curves_17_e214b95b7398e9ecf7a7.png","format":"png","width":1500,"height":500},"sample_images":{"height":600,"_type":"image-file","sha256":"77ee7a6052947e5d44d9fa2d7ba2735f1b3e51413e8c4eee21f851f552664b7b","size":31364,"path":"media/images/sample_images_0_77ee7a6052947e5d44d9.png","format":"png","width":1200}}