{"val_loss":2.1456376297287028,"learning_curves":{"path":"media/images/learning_curves_12_e1be4cb097f017bd3aec.png","format":"png","width":1500,"height":500,"_type":"image-file","sha256":"e1be4cb097f017bd3aeca53c553eb6ee539b3a1178ce2f0ce3cb6996bcaa696a","size":64099},"_wandb":{"runtime":11},"sample_images":{"width":1200,"height":600,"_type":"image-file","sha256":"57b003a7d23e5882d9ff9f9a6bb1d526260d55d6a1b1981a717e6d9dd04adab5","size":15278,"path":"media/images/sample_images_0_57b003a7d23e5882d9ff.png","format":"png"},"_timestamp":1.742223935462352e+09,"test_loss":2.1432874894289493,"_runtime":11.0505831,"epoch":9,"test_accuracy":43.72,"_step":12,"val_accuracy":43.833333333333336,"train_loss":2.1600024479439437,"train_accuracy":44.385185185185186}