{"test_loss":0.1352197445915477,"epoch":14,"_timestamp":1.7422115430260198e+09,"train_loss":0.05217547879214798,"val_loss":0.13211588432666796,"_wandb":{"runtime":24},"sample_images":{"sha256":"57b003a7d23e5882d9ff9f9a6bb1d526260d55d6a1b1981a717e6d9dd04adab5","size":15278,"path":"media/images/sample_images_0_57b003a7d23e5882d9ff.png","format":"png","width":1200,"height":600,"_type":"image-file"},"val_accuracy":96.5,"_step":17,"train_accuracy":98.55740740740741,"_runtime":24.2340918,"learning_curves":{"sha256":"10b1bb6292ed80aa0de3ee99b9516cbb7623e25e90474f8e7c8065459bfc643d","size":47304,"path":"media/images/learning_curves_17_10b1bb6292ed80aa0de3.png","format":"png","width":1500,"height":500,"_type":"image-file"},"test_accuracy":96.56}