{"val_accuracy":94.43333333333334,"_runtime":16.8355826,"test_loss":0.1916639850425027,"_wandb":{"runtime":16},"train_accuracy":94.64444444444445,"val_loss":0.1922529179012745,"_step":17,"_timestamp":1.7422155522462306e+09,"epoch":14,"train_loss":0.19036393627772993,"test_accuracy":94.41000000000001,"learning_curves":{"height":500,"_type":"image-file","sha256":"c3d9a36776f64970cb06e1e35861c653a546e377b4c86205c60f3688ab2dce08","size":49722,"path":"media/images/learning_curves_17_c3d9a36776f64970cb06.png","format":"png","width":1500},"sample_images":{"size":15278,"path":"media/images/sample_images_0_57b003a7d23e5882d9ff.png","format":"png","width":1200,"height":600,"_type":"image-file","sha256":"57b003a7d23e5882d9ff9f9a6bb1d526260d55d6a1b1981a717e6d9dd04adab5"}}