{"epoch":14,"test_accuracy":82.57,"train_accuracy":84.10185185185185,"learning_curves":{"_type":"image-file","sha256":"fc78b0c7d421235266f31e9ab36c01ec4f639e7d8b036dcda3dd55a79d0ab7b9","size":52069,"path":"media/images/learning_curves_17_fc78b0c7d421235266f3.png","format":"png","width":1500,"height":500},"val_accuracy":83.63333333333334,"_timestamp":1.742138108044103e+09,"train_loss":0.46974676027329243,"_wandb":{"runtime":24},"sample_images":{"sha256":"77ee7a6052947e5d44d9fa2d7ba2735f1b3e51413e8c4eee21f851f552664b7b","size":31364,"path":"media/images/sample_images_0_77ee7a6052947e5d44d9.png","format":"png","width":1200,"height":600,"_type":"image-file"},"val_loss":0.46921332757009926,"_runtime":24.046727,"_step":17,"test_loss":0.4956633329173027}