{"_timestamp":1.7421380489634151e+09,"train_accuracy":88.57037037037037,"val_loss":0.3405441072921432,"_runtime":47.021775,"train_loss":0.32972862672935493,"sample_images":{"path":"media/images/sample_images_0_77ee7a6052947e5d44d9.png","format":"png","width":1200,"height":600,"_type":"image-file","sha256":"77ee7a6052947e5d44d9fa2d7ba2735f1b3e51413e8c4eee21f851f552664b7b","size":31364},"learning_curves":{"_type":"image-file","sha256":"fedfba394dd6df16facab3ae88963798d97ea6aa322f70c904dd537e49e587be","size":54385,"path":"media/images/learning_curves_17_fedfba394dd6df16faca.png","format":"png","width":1500,"height":500},"test_loss":0.3771924751342932,"_step":17,"epoch":14,"_wandb":{"runtime":47},"val_accuracy":87.9,"test_accuracy":86.55000000000001}