{"epoch":9,"train_loss":0.5055623181548594,"_wandb":{"runtime":7},"test_accuracy":86.77,"val_loss":0.4860131289663083,"val_accuracy":86.65,"train_accuracy":85.72222222222223,"sample_images":{"sha256":"57b003a7d23e5882d9ff9f9a6bb1d526260d55d6a1b1981a717e6d9dd04adab5","size":15278,"path":"media/images/sample_images_0_57b003a7d23e5882d9ff.png","format":"png","width":1200,"height":600,"_type":"image-file"},"_timestamp":1.7422253120611403e+09,"learning_curves":{"width":1500,"height":500,"_type":"image-file","sha256":"975de36ec290cc7acce4636173d1979f881e5fed4b3fd5c71a96a70bdb5644d5","size":55765,"path":"media/images/learning_curves_12_975de36ec290cc7acce4.png","format":"png"},"_step":12,"test_loss":0.46771132352100797,"_runtime":7.6780631}