{"train_loss":0.4459931523973858,"sample_images":{"height":600,"_type":"image-file","sha256":"57b003a7d23e5882d9ff9f9a6bb1d526260d55d6a1b1981a717e6d9dd04adab5","size":15278,"path":"media/images/sample_images_0_57b003a7d23e5882d9ff.png","format":"png","width":1200},"_wandb":{"runtime":19},"_runtime":19.4468675,"test_accuracy":91.27,"_step":7,"_timestamp":1.7422282208395147e+09,"val_accuracy":90.96666666666667,"val_loss":0.385677572050052,"test_loss":0.3799074831034551,"learning_curves":{"format":"png","width":1500,"height":500,"_type":"image-file","sha256":"d26443080de39f39af5dccddf527701f612d297998d6835548d279a0fc9248ba","size":59084,"path":"media/images/learning_curves_7_d26443080de39f39af5d.png"},"train_accuracy":90.28333333333333,"epoch":4}