{"learning_curves":{"_type":"image-file","sha256":"453bcb3ba7e225dafb6c2bd5d578f26284aa11a920a31c801e9bd454f1b5d75c","size":51045,"path":"media/images/learning_curves_12_453bcb3ba7e225dafb6c.png","format":"png","width":1500,"height":500},"val_loss":0.11655775065304133,"test_accuracy":97.64,"epoch":9,"train_loss":0.038194472111140444,"test_loss":0.12381869853666147,"_timestamp":1.7422114912303438e+09,"_step":12,"val_accuracy":97.93333333333332,"_wandb":{"runtime":41},"_runtime":41.1599214,"sample_images":{"height":600,"_type":"image-file","sha256":"57b003a7d23e5882d9ff9f9a6bb1d526260d55d6a1b1981a717e6d9dd04adab5","size":15278,"path":"media/images/sample_images_0_57b003a7d23e5882d9ff.png","format":"png","width":1200},"train_accuracy":98.97037037037038}