{"train_accuracy":90.21111111111111,"_wandb":{"runtime":8},"_timestamp":1.7421864946339238e+09,"sample_images":{"_type":"image-file","sha256":"77ee7a6052947e5d44d9fa2d7ba2735f1b3e51413e8c4eee21f851f552664b7b","size":31364,"path":"media/images/sample_images_0_77ee7a6052947e5d44d9.png","format":"png","width":1200,"height":600},"epoch":9,"test_accuracy":87.62,"_runtime":8.6432679,"learning_curves":{"format":"png","width":1500,"height":500,"_type":"image-file","sha256":"c7c4e2d1933a3bca34f0f7c8ced018a654f2dbf316473b0fca93c4b514d0bf94","size":53891,"path":"media/images/learning_curves_12_c7c4e2d1933a3bca34f0.png"},"test_loss":0.34208327577497366,"_step":12,"train_loss":0.26634475429611665,"val_loss":0.31343004396400265,"val_accuracy":88.46666666666667}