{"test_loss":1.4132427680730677,"sample_images":{"size":15278,"path":"media/images/sample_images_0_57b003a7d23e5882d9ff.png","format":"png","width":1200,"height":600,"_type":"image-file","sha256":"57b003a7d23e5882d9ff9f9a6bb1d526260d55d6a1b1981a717e6d9dd04adab5"},"_timestamp":1.74213622267074e+09,"train_loss":6.180991956473723,"train_accuracy":43.574074074074076,"learning_curves":{"path":"media/images/learning_curves_17_b14a8698813bae82fd65.png","format":"png","width":1500,"height":500,"_type":"image-file","sha256":"b14a8698813bae82fd65fcfe4aa774df3bc451e5b1d983980404dea1e978995f","size":59526},"test_accuracy":59.88,"_step":17,"_runtime":101.2242149,"epoch":14,"val_accuracy":59.599999999999994,"val_loss":1.410233886754685,"_wandb":{"runtime":101}}