{"_wandb":{"runtime":15},"_step":17,"sample_images":{"height":600,"_type":"image-file","sha256":"57b003a7d23e5882d9ff9f9a6bb1d526260d55d6a1b1981a717e6d9dd04adab5","size":15278,"path":"media/images/sample_images_0_57b003a7d23e5882d9ff.png","format":"png","width":1200},"train_loss":0.2617927593754049,"_runtime":15.0385114,"train_accuracy":92.72962962962963,"epoch":14,"test_loss":0.28147462661586264,"val_accuracy":92.23333333333333,"_timestamp":1.7421892158373044e+09,"learning_curves":{"_type":"image-file","sha256":"ad60b3c4a6f152a50722ac7e13042155097dab63abd5af1d115d3ea86c50c205","size":54925,"path":"media/images/learning_curves_17_ad60b3c4a6f152a50722.png","format":"png","width":1500,"height":500},"val_loss":0.27355703462039316,"test_accuracy":92.43}