{"_wandb":{"runtime":19},"val_accuracy":93.58333333333333,"epoch":14,"test_loss":0.21232598107942963,"sample_images":{"width":1200,"height":600,"_type":"image-file","sha256":"57b003a7d23e5882d9ff9f9a6bb1d526260d55d6a1b1981a717e6d9dd04adab5","size":15278,"path":"media/images/sample_images_0_57b003a7d23e5882d9ff.png","format":"png"},"learning_curves":{"size":47440,"path":"media/images/learning_curves_17_5cbef1972ac71bf0e7f0.png","format":"png","width":1500,"height":500,"_type":"image-file","sha256":"5cbef1972ac71bf0e7f003318b2c855983aa1c5b813a16d224f92734703a629d"},"train_accuracy":93.97037037037038,"test_accuracy":93.83,"train_loss":0.22576947476520492,"_timestamp":1.7422133065313802e+09,"_runtime":19.0472743,"_step":17,"val_loss":0.2139702706796405}