{"_timestamp":1.742223279498134e+09,"val_loss":0.14854278994833153,"epoch":4,"learning_curves":{"size":57350,"path":"media/images/learning_curves_7_8b37fc4e8d55339f5766.png","format":"png","width":1500,"height":500,"_type":"image-file","sha256":"8b37fc4e8d55339f5766b22d9e7ce46c6348590e9063365e5907985efe6f489d"},"_runtime":16.084363,"val_accuracy":95.56666666666666,"test_loss":0.14709520671699758,"train_accuracy":95.70555555555555,"_wandb":{"runtime":16},"sample_images":{"sha256":"57b003a7d23e5882d9ff9f9a6bb1d526260d55d6a1b1981a717e6d9dd04adab5","size":15278,"path":"media/images/sample_images_0_57b003a7d23e5882d9ff.png","format":"png","width":1200,"height":600,"_type":"image-file"},"test_accuracy":95.6,"train_loss":0.15037978078196382,"_step":7}