{"test_accuracy":83.76,"_wandb":{"runtime":14},"_step":17,"val_accuracy":84.63333333333334,"epoch":14,"_timestamp":1.7415903191055324e+09,"_runtime":14.4411444,"test_loss":0.4531374602059416,"learning_curves":{"sha256":"6984939d847f4d2d7104f5db3c8d7347214ae70d76fa3c9e6edf8bf9b0ccce2e","size":52153,"path":"media/images/learning_curves_17_6984939d847f4d2d7104.png","format":"png","width":1500,"height":500,"_type":"image-file"},"train_loss":0.41824385017428717,"val_loss":0.4229716091964579,"train_accuracy":85.27407407407406,"sample_images":{"format":"png","width":1200,"height":600,"_type":"image-file","sha256":"77ee7a6052947e5d44d9fa2d7ba2735f1b3e51413e8c4eee21f851f552664b7b","size":31364,"path":"media/images/sample_images_0_77ee7a6052947e5d44d9.png"}}