{"learning_curves":{"format":"png","width":1500,"height":500,"_type":"image-file","sha256":"7dba593f5537a5eef06ffa9b7d0987c520c38991eef8b1b6d3a77e062d2cfe3e","size":48747,"path":"media/images/learning_curves_17_7dba593f5537a5eef06f.png"},"test_loss":0.18833665554640347,"_runtime":71.3847176,"epoch":14,"val_accuracy":94.16666666666667,"_timestamp":1.742208170491198e+09,"train_accuracy":94.33148148148149,"train_loss":0.19938243389886337,"_wandb":{"runtime":71},"test_accuracy":94.24,"val_loss":0.19798458926614623,"sample_images":{"format":"png","width":1200,"height":600,"_type":"image-file","sha256":"57b003a7d23e5882d9ff9f9a6bb1d526260d55d6a1b1981a717e6d9dd04adab5","size":15278,"path":"media/images/sample_images_0_57b003a7d23e5882d9ff.png"},"_step":17}