{"test_accuracy":10,"epoch":4,"_step":7,"sample_images":{"width":1200,"height":600,"_type":"image-file","sha256":"77ee7a6052947e5d44d9fa2d7ba2735f1b3e51413e8c4eee21f851f552664b7b","size":31364,"path":"media/images/sample_images_0_77ee7a6052947e5d44d9.png","format":"png"},"_runtime":15.396224,"val_loss":2.3192096322447395,"val_accuracy":10.35,"train_accuracy":16.546296296296294,"_timestamp":1.741589171261881e+09,"train_loss":2.2534423494767553,"learning_curves":{"width":1500,"height":500,"_type":"image-file","sha256":"4598547740a96891953219bcdc648abd6c0d9e7f625e1e4faaab6e0e3901cb77","size":62068,"path":"media/images/learning_curves_7_4598547740a968919532.png","format":"png"},"_wandb":{"runtime":15},"test_loss":2.320117360175855}