{"_runtime":16.9379644,"_wandb":{"runtime":17},"_step":17,"val_loss":0.11196341977771873,"test_accuracy":96.67,"_timestamp":1.7422135942335854e+09,"sample_images":{"format":"png","width":1200,"height":600,"_type":"image-file","sha256":"57b003a7d23e5882d9ff9f9a6bb1d526260d55d6a1b1981a717e6d9dd04adab5","size":15278,"path":"media/images/sample_images_0_57b003a7d23e5882d9ff.png"},"train_loss":0.06141310079580792,"train_accuracy":98.32222222222222,"test_loss":0.1126826175727136,"learning_curves":{"_type":"image-file","sha256":"d15118254a95565cacf37764818d8a108a2e08d6769965c8c0d99813757700ef","size":53080,"path":"media/images/learning_curves_17_d15118254a95565cacf3.png","format":"png","width":1500,"height":500},"epoch":14,"val_accuracy":97.13333333333334}