{"val_accuracy":18.21666666666667,"train_accuracy":17.635185185185183,"_step":17,"train_loss":2.2973372183097664,"test_loss":2.2971330288690597,"test_accuracy":17.57,"sample_images":{"width":1200,"height":600,"_type":"image-file","sha256":"77ee7a6052947e5d44d9fa2d7ba2735f1b3e51413e8c4eee21f851f552664b7b","size":31364,"path":"media/images/sample_images_0_77ee7a6052947e5d44d9.png","format":"png"},"_timestamp":1.7421417837815847e+09,"_wandb":{"runtime":12},"epoch":14,"val_loss":2.2969899677057084,"learning_curves":{"width":1500,"height":500,"_type":"image-file","sha256":"d4e7ef663080526b4047ea3b06dcd8cab3487d9f213e48014bd7e7e5fa663338","size":63262,"path":"media/images/learning_curves_17_d4e7ef663080526b4047.png","format":"png"},"_runtime":11.660514599999999}