{"val_loss":0.49996826098608504,"_runtime":11.0156825,"test_loss":0.5215842703357074,"test_accuracy":82.1,"_wandb":{"runtime":11},"train_loss":0.5157862778445984,"_timestamp":1.7422241425929186e+09,"sample_images":{"height":600,"_type":"image-file","sha256":"77ee7a6052947e5d44d9fa2d7ba2735f1b3e51413e8c4eee21f851f552664b7b","size":31364,"path":"media/images/sample_images_0_77ee7a6052947e5d44d9.png","format":"png","width":1200},"epoch":9,"learning_curves":{"height":500,"_type":"image-file","sha256":"e405ff716c09e9c343ddb6f997e77396810ac8b10e3c9dc17997db007b5f66b7","size":59393,"path":"media/images/learning_curves_12_e405ff716c09e9c343dd.png","format":"png","width":1500},"train_accuracy":82.47962962962963,"_step":12,"val_accuracy":82.16666666666667}