{"_wandb":{"runtime":11},"val_accuracy":96.41666666666666,"test_loss":0.126055879019916,"sample_images":{"_type":"image-file","sha256":"57b003a7d23e5882d9ff9f9a6bb1d526260d55d6a1b1981a717e6d9dd04adab5","size":15278,"path":"media/images/sample_images_0_57b003a7d23e5882d9ff.png","format":"png","width":1200,"height":600},"_timestamp":1.7421406501242623e+09,"train_loss":0.09159468319372212,"_step":17,"val_loss":0.1328941671946723,"train_accuracy":97.99814814814815,"test_accuracy":96.32,"learning_curves":{"width":1500,"height":500,"_type":"image-file","sha256":"2df0737b57a3103d50b31d1ec3d5d6372e20ac4bacecf3a4ede15f08612a4320","size":47654,"path":"media/images/learning_curves_17_2df0737b57a3103d50b3.png","format":"png"},"epoch":14,"_runtime":11.4034103}