{"val_accuracy":92.43333333333334,"_wandb":{"runtime":7},"epoch":9,"test_accuracy":92.63,"_runtime":7.3958586,"learning_curves":{"size":55690,"path":"media/images/learning_curves_12_cbfe1971cbb9adfaa464.png","format":"png","width":1500,"height":500,"_type":"image-file","sha256":"cbfe1971cbb9adfaa46456aebb2aa0ed5b413680bb5cd24c3df665cdf773af41"},"_timestamp":1.7421878600819557e+09,"val_loss":0.2680371532733589,"train_accuracy":92.97592592592594,"sample_images":{"height":600,"_type":"image-file","sha256":"57b003a7d23e5882d9ff9f9a6bb1d526260d55d6a1b1981a717e6d9dd04adab5","size":15278,"path":"media/images/sample_images_0_57b003a7d23e5882d9ff.png","format":"png","width":1200},"test_loss":0.27450879472944395,"train_loss":0.2541076480482163,"_step":12}