{"_timestamp":1.7422074629443333e+09,"learning_curves":{"size":81193,"path":"media/images/learning_curves_12_23c073b68c416ee4451e.png","format":"png","width":1500,"height":500,"_type":"image-file","sha256":"23c073b68c416ee4451efbe7fc85ccb63cdd1598ed18e8b5c2610eb36478330e"},"val_accuracy":75.13333333333333,"test_accuracy":75.2,"epoch":9,"val_loss":0.6409312279988121,"train_accuracy":77.16481481481482,"sample_images":{"sha256":"77ee7a6052947e5d44d9fa2d7ba2735f1b3e51413e8c4eee21f851f552664b7b","size":31364,"path":"media/images/sample_images_0_77ee7a6052947e5d44d9.png","format":"png","width":1200,"height":600,"_type":"image-file"},"_runtime":27.7840333,"_step":12,"train_loss":0.6467605643307336,"_wandb":{"runtime":27},"test_loss":0.6469333702248888}