{"val_loss":2.3030634285471656,"test_loss":2.3019949427286854,"_runtime":27.2848989,"_step":12,"epoch":9,"train_accuracy":11.274074074074074,"test_accuracy":11.35,"_wandb":{"runtime":27},"train_loss":2.3080702777873743,"val_accuracy":10.9,"learning_curves":{"_type":"image-file","sha256":"2ce917f199cfae42b00685cd4cfaf28c8b4780cbdeb5efd5e06191ac20ac8ce0","size":46235,"path":"media/images/learning_curves_12_2ce917f199cfae42b006.png","format":"png","width":1500,"height":500},"sample_images":{"path":"media/images/sample_images_0_57b003a7d23e5882d9ff.png","format":"png","width":1200,"height":600,"_type":"image-file","sha256":"57b003a7d23e5882d9ff9f9a6bb1d526260d55d6a1b1981a717e6d9dd04adab5","size":15278},"_timestamp":1.741589302880715e+09}