{"_step":17,"train_accuracy":88.67962962962963,"learning_curves":{"size":59870,"path":"media/images/learning_curves_17_02a57679e282eff91ba4.png","format":"png","width":1500,"height":500,"_type":"image-file","sha256":"02a57679e282eff91ba48e09abdb4b71780cd394a79d307e25439a30582d4ccb"},"_timestamp":1.7421365197333763e+09,"epoch":14,"val_loss":0.39004090468616265,"train_loss":0.4193359890867597,"_runtime":18.7724815,"sample_images":{"_type":"image-file","sha256":"57b003a7d23e5882d9ff9f9a6bb1d526260d55d6a1b1981a717e6d9dd04adab5","size":15278,"path":"media/images/sample_images_0_57b003a7d23e5882d9ff.png","format":"png","width":1200,"height":600},"val_accuracy":88.44999999999999,"test_loss":0.37765133546047636,"_wandb":{"runtime":18},"test_accuracy":89.2}