{"epoch":14,"test_loss":0.18232937079093506,"_runtime":21.339531,"train_loss":0.1864182274517685,"val_accuracy":94.58333333333333,"test_accuracy":94.8,"sample_images":{"width":1200,"height":600,"_type":"image-file","sha256":"57b003a7d23e5882d9ff9f9a6bb1d526260d55d6a1b1981a717e6d9dd04adab5","size":15278,"path":"media/images/sample_images_0_57b003a7d23e5882d9ff.png","format":"png"},"_wandb":{"runtime":21},"val_loss":0.1873736198920217,"_step":17,"_timestamp":1.742189034652836e+09,"train_accuracy":94.91111111111111,"learning_curves":{"sha256":"935559b2df6ed36335a03042828909f485ba0a5d822d78142350af12641f6e68","size":56604,"path":"media/images/learning_curves_17_935559b2df6ed36335a0.png","format":"png","width":1500,"height":500,"_type":"image-file"}}