{"train_accuracy":96.64074074074074,"val_accuracy":96.26666666666667,"_timestamp":1.7421864579563127e+09,"test_loss":0.13114039898407323,"test_accuracy":95.96000000000001,"_step":17,"val_loss":0.1279316736617317,"_runtime":29.2804145,"learning_curves":{"sha256":"be579a1cd853dd00d0412b240b5c673dafcd83e8eefb7324f81b96294b43de2a","size":52130,"path":"media/images/learning_curves_17_be579a1cd853dd00d041.png","format":"png","width":1500,"height":500,"_type":"image-file"},"sample_images":{"width":1200,"height":600,"_type":"image-file","sha256":"57b003a7d23e5882d9ff9f9a6bb1d526260d55d6a1b1981a717e6d9dd04adab5","size":15278,"path":"media/images/sample_images_0_57b003a7d23e5882d9ff.png","format":"png"},"train_loss":0.11811454985968439,"epoch":14,"_wandb":{"runtime":29}}