{"_timestamp":1.742224691065305e+09,"val_loss":0.17732527720090427,"test_loss":0.1812278133043606,"_step":17,"train_accuracy":95.27407407407408,"sample_images":{"width":1200,"height":600,"_type":"image-file","sha256":"57b003a7d23e5882d9ff9f9a6bb1d526260d55d6a1b1981a717e6d9dd04adab5","size":15278,"path":"media/images/sample_images_0_57b003a7d23e5882d9ff.png","format":"png"},"learning_curves":{"path":"media/images/learning_curves_17_59d6daf18b999bb05435.png","format":"png","width":1500,"height":500,"_type":"image-file","sha256":"59d6daf18b999bb054357ecf7c13811852788064f9e9b2bb4a429268c51aec5b","size":54700},"_wandb":{"runtime":17},"epoch":14,"train_loss":0.19044192887730801,"test_accuracy":94.92,"val_accuracy":95.05,"_runtime":17.302205}