{"train_accuracy":96.82037037037037,"_timestamp":1.742187981181483e+09,"learning_curves":{"path":"media/images/learning_curves_12_294156a3c893effb3f45.png","format":"png","width":1500,"height":500,"_type":"image-file","sha256":"294156a3c893effb3f456d5c7f12aad75ff960d52776c6184eaa0697de476f15","size":52138},"test_loss":0.12280837584976555,"val_loss":0.13173076651182833,"sample_images":{"height":600,"_type":"image-file","sha256":"57b003a7d23e5882d9ff9f9a6bb1d526260d55d6a1b1981a717e6d9dd04adab5","size":15278,"path":"media/images/sample_images_0_57b003a7d23e5882d9ff.png","format":"png","width":1200},"_runtime":17.3020669,"train_loss":0.19320133817188462,"epoch":9,"_wandb":{"runtime":17},"test_accuracy":96.32,"_step":12,"val_accuracy":96.39999999999999}