{"sample_images":{"width":1200,"height":600,"_type":"image-file","sha256":"57b003a7d23e5882d9ff9f9a6bb1d526260d55d6a1b1981a717e6d9dd04adab5","size":15278,"path":"media/images/sample_images_0_57b003a7d23e5882d9ff.png","format":"png"},"epoch":9,"train_loss":0.11430011350963372,"test_loss":0.17076366639478813,"test_accuracy":95.63000000000001,"val_loss":0.1713623684067119,"train_accuracy":96.90925925925926,"val_accuracy":95.63333333333334,"learning_curves":{"path":"media/images/learning_curves_12_2078e47fb965b8dfddeb.png","format":"png","width":1500,"height":500,"_type":"image-file","sha256":"2078e47fb965b8dfddeb6dbc810c25ac8513873d8f089f5e49da14238ec24cf4","size":58261},"_timestamp":1.7422142260610774e+09,"_step":12,"_wandb":{"runtime":13},"_runtime":13.3946952}