{"val_loss":0.10219024702109812,"train_accuracy":98.13888888888889,"test_loss":0.10146155727112383,"test_accuracy":96.81,"learning_curves":{"sha256":"8657fefbff17c1c703a871f4ccd4403973e5f6d5b6c24f74c62606d48f45dc42","size":54764,"path":"media/images/learning_curves_12_8657fefbff17c1c703a8.png","format":"png","width":1500,"height":500,"_type":"image-file"},"train_loss":0.06764359192338673,"epoch":9,"val_accuracy":97.08333333333333,"_timestamp":1.7421884973527937e+09,"_wandb":{"runtime":8},"sample_images":{"format":"png","width":1200,"height":600,"_type":"image-file","sha256":"57b003a7d23e5882d9ff9f9a6bb1d526260d55d6a1b1981a717e6d9dd04adab5","size":15278,"path":"media/images/sample_images_0_57b003a7d23e5882d9ff.png"},"_runtime":8.7326497,"_step":12}