{"train_accuracy":95.02407407407406,"val_accuracy":94.8,"train_loss":0.24693074069919868,"sample_images":{"size":15278,"path":"media/images/sample_images_0_57b003a7d23e5882d9ff.png","format":"png","width":1200,"height":600,"_type":"image-file","sha256":"57b003a7d23e5882d9ff9f9a6bb1d526260d55d6a1b1981a717e6d9dd04adab5"},"learning_curves":{"width":1500,"height":500,"_type":"image-file","sha256":"83ffed2f45f927519c37434ca9ee4609a77e049a68ceab73966b93c703a09bc7","size":66496,"path":"media/images/learning_curves_17_83ffed2f45f927519c37.png","format":"png"},"_wandb":{"runtime":20},"_runtime":20.7604118,"_timestamp":1.7422245350353658e+09,"epoch":14,"test_loss":0.17610165921140322,"_step":17,"val_loss":0.18342279975902243,"test_accuracy":95.06}