{"val_loss":2.3027490919089595,"val_accuracy":9.166666666666666,"_timestamp":1.741589117111482e+09,"_runtime":11.875319900000001,"test_loss":2.302627091373582,"train_loss":2.3027999327705535,"sample_images":{"_type":"image-file","sha256":"77ee7a6052947e5d44d9fa2d7ba2735f1b3e51413e8c4eee21f851f552664b7b","size":31364,"path":"media/images/sample_images_0_77ee7a6052947e5d44d9.png","format":"png","width":1200,"height":600},"_wandb":{"runtime":11},"test_accuracy":10,"_step":7,"train_accuracy":9.85925925925926,"learning_curves":{"_type":"image-file","sha256":"d4381536df83c9cbb37968c57200bcb18362434ab332500db3e323817a59e80b","size":63191,"path":"media/images/learning_curves_7_d4381536df83c9cbb379.png","format":"png","width":1500,"height":500},"epoch":4}