{"_timestamp":1.742212936925692e+09,"val_accuracy":96.75,"test_accuracy":96.33,"test_loss":0.12758108026678763,"_runtime":18.8455182,"epoch":9,"train_accuracy":97.8962962962963,"_wandb":{"runtime":18},"sample_images":{"format":"png","width":1200,"height":600,"_type":"image-file","sha256":"57b003a7d23e5882d9ff9f9a6bb1d526260d55d6a1b1981a717e6d9dd04adab5","size":15278,"path":"media/images/sample_images_0_57b003a7d23e5882d9ff.png"},"val_loss":0.11403920928149609,"learning_curves":{"_type":"image-file","sha256":"e96195449fd4b7fc623181e2fee27e44558ddd6899df7096623f90f093a81d96","size":51983,"path":"media/images/learning_curves_12_e96195449fd4b7fc6231.png","format":"png","width":1500,"height":500},"_step":12,"train_loss":0.07050089372722394}