{"epoch":14,"val_accuracy":95.68333333333334,"train_loss":0.1479068413278557,"val_loss":0.1495841735909873,"learning_curves":{"sha256":"a06bf4d6b2144340a252029d95e56f017605fa9e8b419b0aea14648af024f4d0","size":53901,"path":"media/images/learning_curves_17_a06bf4d6b2144340a252.png","format":"png","width":1500,"height":500,"_type":"image-file"},"_runtime":23.9748705,"sample_images":{"width":1200,"height":600,"_type":"image-file","sha256":"57b003a7d23e5882d9ff9f9a6bb1d526260d55d6a1b1981a717e6d9dd04adab5","size":15278,"path":"media/images/sample_images_0_57b003a7d23e5882d9ff.png","format":"png"},"_step":17,"train_accuracy":95.7962962962963,"_wandb":{"runtime":24},"_timestamp":1.7422155912968116e+09,"test_accuracy":95.59,"test_loss":0.15021613384460286}