{"test_loss":0.3696912923661742,"val_loss":0.3603639320921123,"learning_curves":{"width":1500,"height":500,"_type":"image-file","sha256":"9ab1bf3ac95616523ec4c29bfc03786a8d5d4cda8b4f745f069c0a2e7e497326","size":56328,"path":"media/images/learning_curves_12_9ab1bf3ac95616523ec4.png","format":"png"},"epoch":9,"train_accuracy":89.60185185185185,"test_accuracy":89.92,"_wandb":{"runtime":28},"sample_images":{"format":"png","width":1200,"height":600,"_type":"image-file","sha256":"57b003a7d23e5882d9ff9f9a6bb1d526260d55d6a1b1981a717e6d9dd04adab5","size":15278,"path":"media/images/sample_images_0_57b003a7d23e5882d9ff.png"},"train_loss":0.4189585523370732,"val_accuracy":90.23333333333333,"_runtime":28.3083978,"_timestamp":1.7422280251868877e+09,"_step":12}