{"train_accuracy":10.072222222222223,"_timestamp":1.7421860409239113e+09,"_runtime":27.9848463,"_step":17,"test_loss":2.8487532013991754,"test_accuracy":10.09,"val_loss":2.8410566192096924,"train_loss":2.798144049632895,"sample_images":{"height":600,"_type":"image-file","sha256":"57b003a7d23e5882d9ff9f9a6bb1d526260d55d6a1b1981a717e6d9dd04adab5","size":15278,"path":"media/images/sample_images_0_57b003a7d23e5882d9ff.png","format":"png","width":1200},"val_accuracy":10.533333333333333,"epoch":14,"_wandb":{"runtime":28},"learning_curves":{"width":1500,"height":500,"_type":"image-file","sha256":"130f86c971a83f4975eb118a01e70526facfb133b8d3e33b48c99a8e9b171c51","size":77417,"path":"media/images/learning_curves_17_130f86c971a83f4975eb.png","format":"png"}}