{"_runtime":41.1383516,"val_accuracy":92.58333333333333,"_step":12,"_wandb":{"runtime":41},"train_loss":0.28604908234456994,"learning_curves":{"sha256":"14b7cd92d3a573daa540839fb838d865c7c08fa384f355941d0ad22f80bafdc4","size":53616,"path":"media/images/learning_curves_12_14b7cd92d3a573daa540.png","format":"png","width":1500,"height":500,"_type":"image-file"},"sample_images":{"height":600,"_type":"image-file","sha256":"57b003a7d23e5882d9ff9f9a6bb1d526260d55d6a1b1981a717e6d9dd04adab5","size":15278,"path":"media/images/sample_images_0_57b003a7d23e5882d9ff.png","format":"png","width":1200},"val_loss":0.2814088085619256,"test_loss":0.2894702117175844,"_timestamp":1.7422268036361446e+09,"test_accuracy":92.25,"epoch":9,"train_accuracy":92.6537037037037}