{"test_accuracy":70.53,"test_loss":0.8039596149674212,"_step":17,"train_loss":0.7990444833002229,"learning_curves":{"format":"png","width":1500,"height":500,"_type":"image-file","sha256":"c36752505457a0304c22aa8a01e88b5af6733147cf307acbea8950ad49d6355f","size":59314,"path":"media/images/learning_curves_17_c36752505457a0304c22.png"},"_timestamp":1.7421363037866058e+09,"train_accuracy":70.55185185185185,"epoch":14,"_runtime":14.0449397,"val_accuracy":70.78333333333333,"_wandb":{"runtime":14},"val_loss":0.7860162456013148,"sample_images":{"width":1200,"height":600,"_type":"image-file","sha256":"77ee7a6052947e5d44d9fa2d7ba2735f1b3e51413e8c4eee21f851f552664b7b","size":31364,"path":"media/images/sample_images_0_77ee7a6052947e5d44d9.png","format":"png"}}