{"_wandb":{"runtime":18},"test_loss":0.4541449669542459,"sample_images":{"sha256":"57b003a7d23e5882d9ff9f9a6bb1d526260d55d6a1b1981a717e6d9dd04adab5","size":15278,"path":"media/images/sample_images_0_57b003a7d23e5882d9ff.png","format":"png","width":1200,"height":600,"_type":"image-file"},"learning_curves":{"path":"media/images/learning_curves_12_c3c0d2860836832b4fea.png","format":"png","width":1500,"height":500,"_type":"image-file","sha256":"c3c0d2860836832b4fea714490dca523f3c07c4a84cd194fa30746190fea716c","size":55775},"_timestamp":1.7421879218191602e+09,"epoch":9,"_step":12,"val_accuracy":95.66666666666667,"train_loss":0.24875810051215558,"test_accuracy":95.7,"train_accuracy":97.22777777777777,"val_loss":0.5185578343710404,"_runtime":18.8620339}