{"train_loss":0.17841742215686318,"test_loss":0.0873487800790273,"_runtime":75.8683125,"val_accuracy":96.86666666666667,"train_accuracy":97.47222222222223,"sample_images":{"path":"media/images/sample_images_0_57b003a7d23e5882d9ff.png","format":"png","width":1200,"height":600,"_type":"image-file","sha256":"57b003a7d23e5882d9ff9f9a6bb1d526260d55d6a1b1981a717e6d9dd04adab5","size":15278},"val_loss":0.09351457307845465,"_step":12,"test_accuracy":96.98,"learning_curves":{"format":"png","width":1500,"height":500,"_type":"image-file","sha256":"27c31d6f7218e3a27cf3585aced6d80123a680203dc960f3b2f41178dec6652d","size":50732,"path":"media/images/learning_curves_12_27c31d6f7218e3a27cf3.png"},"_wandb":{"runtime":75},"_timestamp":1.7415897303795557e+09,"epoch":9}