{"test_accuracy":87.24,"_step":17,"_runtime":79.7481486,"train_loss":0.29505667133919355,"val_loss":0.32488670650999024,"_timestamp":1.7421425668436785e+09,"sample_images":{"format":"png","width":1200,"height":600,"_type":"image-file","sha256":"77ee7a6052947e5d44d9fa2d7ba2735f1b3e51413e8c4eee21f851f552664b7b","size":31364,"path":"media/images/sample_images_0_77ee7a6052947e5d44d9.png"},"_wandb":{"runtime":79},"test_loss":0.35785537725867317,"epoch":14,"train_accuracy":89.36851851851851,"val_accuracy":88.28333333333333,"learning_curves":{"path":"media/images/learning_curves_17_2fed701c7f9b9aeae85d.png","format":"png","width":1500,"height":500,"_type":"image-file","sha256":"2fed701c7f9b9aeae85d37df450f0056c10ed61981d059f4e85f740a47a01fde","size":52913}}