{"val_loss":1.0128947489182167,"val_accuracy":79.26666666666667,"test_loss":1.0034199205330039,"_timestamp":1.7421406000348186e+09,"test_accuracy":80.06,"train_loss":1.0296279197410758,"learning_curves":{"width":1500,"height":500,"_type":"image-file","sha256":"103266cead97b2cf8c8fabc33b3b3400ca9904bf5dc411a6cc1d6af7741e88f2","size":61710,"path":"media/images/learning_curves_17_103266cead97b2cf8c8f.png","format":"png"},"_wandb":{"runtime":44},"_runtime":44.0913256,"_step":17,"epoch":14,"sample_images":{"_type":"image-file","sha256":"57b003a7d23e5882d9ff9f9a6bb1d526260d55d6a1b1981a717e6d9dd04adab5","size":15278,"path":"media/images/sample_images_0_57b003a7d23e5882d9ff.png","format":"png","width":1200,"height":600},"train_accuracy":79.29074074074074}