{"epoch":4,"_wandb":{"runtime":15},"_runtime":15.0276825,"learning_curves":{"format":"png","width":1500,"height":500,"_type":"image-file","sha256":"843703a881c7d64ad43d76299605a7129dc82f7268221581315a2e6da8f77e34","size":64425,"path":"media/images/learning_curves_7_843703a881c7d64ad43d.png"},"train_loss":2.3204078961595713,"train_accuracy":10.112962962962962,"_timestamp":1.7415891521003711e+09,"_step":7,"test_accuracy":10,"sample_images":{"width":1200,"height":600,"_type":"image-file","sha256":"77ee7a6052947e5d44d9fa2d7ba2735f1b3e51413e8c4eee21f851f552664b7b","size":31364,"path":"media/images/sample_images_0_77ee7a6052947e5d44d9.png","format":"png"},"val_loss":2.3289405855892844,"val_accuracy":9.783333333333333,"test_loss":2.3252014818700224}