{"test_accuracy":95.78,"epoch":4,"_wandb":{"runtime":18},"val_accuracy":96.2,"_step":7,"_timestamp":1.742227281861787e+09,"val_loss":0.12399378887497318,"train_accuracy":96.63333333333334,"train_loss":0.16243863045751486,"test_loss":0.1505914436671528,"learning_curves":{"width":1500,"height":500,"_type":"image-file","sha256":"3834eeb58b8adff6d46e515578308f8adb47e42a79fb06ed48a1156c39168075","size":49117,"path":"media/images/learning_curves_7_3834eeb58b8adff6d46e.png","format":"png"},"_runtime":18.1039542,"sample_images":{"sha256":"57b003a7d23e5882d9ff9f9a6bb1d526260d55d6a1b1981a717e6d9dd04adab5","size":15278,"path":"media/images/sample_images_0_57b003a7d23e5882d9ff.png","format":"png","width":1200,"height":600,"_type":"image-file"}}