{"_timestamp":1.742140455367317e+09,"val_accuracy":96.95,"_wandb":{"runtime":47},"_runtime":46.731102,"_step":17,"val_loss":0.11176210268969265,"train_accuracy":99.52222222222223,"test_loss":0.11177607314262211,"learning_curves":{"format":"png","width":1500,"height":500,"_type":"image-file","sha256":"a8774dd79b65874a09f9c42d81f53167975b83a815f097d8d50f12c5ce3d54ef","size":50817,"path":"media/images/learning_curves_17_a8774dd79b65874a09f9.png"},"sample_images":{"_type":"image-file","sha256":"57b003a7d23e5882d9ff9f9a6bb1d526260d55d6a1b1981a717e6d9dd04adab5","size":15278,"path":"media/images/sample_images_0_57b003a7d23e5882d9ff.png","format":"png","width":1200,"height":600},"test_accuracy":97.13000000000001,"epoch":14,"train_loss":0.01697120035970413}