{"learning_curves":{"_type":"image-file","sha256":"76d0f6264e879c4e2020f09e9449180bb29773c36fa6782fd9c3368cb51fcc05","size":50984,"path":"media/images/learning_curves_12_76d0f6264e879c4e2020.png","format":"png","width":1500,"height":500},"_wandb":{"runtime":28},"_timestamp":1.7422274018762207e+09,"test_accuracy":95.34,"epoch":9,"_step":12,"val_loss":0.1629733427326063,"train_accuracy":95.74259259259259,"val_accuracy":95.39999999999999,"sample_images":{"path":"media/images/sample_images_0_57b003a7d23e5882d9ff.png","format":"png","width":1200,"height":600,"_type":"image-file","sha256":"57b003a7d23e5882d9ff9f9a6bb1d526260d55d6a1b1981a717e6d9dd04adab5","size":15278},"_runtime":28.8327086,"train_loss":0.21286040629011038,"test_loss":0.15804966579009547}