{"train_accuracy":96.51111111111112,"_timestamp":1.742226029442415e+09,"val_accuracy":96.25,"_runtime":134.439848,"_step":17,"val_loss":0.13190973534166353,"epoch":14,"test_accuracy":95.86,"_wandb":{"runtime":134},"train_loss":0.17808139863856484,"test_loss":0.13987054201670765,"sample_images":{"path":"media/images/sample_images_0_57b003a7d23e5882d9ff.png","format":"png","width":1200,"height":600,"_type":"image-file","sha256":"57b003a7d23e5882d9ff9f9a6bb1d526260d55d6a1b1981a717e6d9dd04adab5","size":15278},"learning_curves":{"width":1500,"height":500,"_type":"image-file","sha256":"96aadac9ea778f6405b55f3a4a6ed4632d88049c39f84e70552652b84f2ad6e1","size":50444,"path":"media/images/learning_curves_17_96aadac9ea778f6405b5.png","format":"png"}}