{"_timestamp":1.7421360344876008e+09,"_runtime":33.2581358,"_step":12,"val_loss":5.354453219233805,"epoch":9,"train_accuracy":81.93518518518519,"sample_images":{"sha256":"57b003a7d23e5882d9ff9f9a6bb1d526260d55d6a1b1981a717e6d9dd04adab5","size":15278,"path":"media/images/sample_images_0_57b003a7d23e5882d9ff.png","format":"png","width":1200,"height":600,"_type":"image-file"},"learning_curves":{"height":500,"_type":"image-file","sha256":"331f0c1fbbc90655ae25757fe3aaf20ff45c304a5ee6e6daebca2e173d9fb18a","size":62300,"path":"media/images/learning_curves_12_331f0c1fbbc90655ae25.png","format":"png","width":1500},"test_loss":5.164473732371113,"_wandb":{"runtime":33},"train_loss":24.907399226822015,"val_accuracy":84.61666666666666,"test_accuracy":85.07000000000001}