{"epoch":4,"train_accuracy":28.575925925925926,"sample_images":{"sha256":"77ee7a6052947e5d44d9fa2d7ba2735f1b3e51413e8c4eee21f851f552664b7b","size":31364,"path":"media/images/sample_images_0_77ee7a6052947e5d44d9.png","format":"png","width":1200,"height":600,"_type":"image-file"},"test_loss":2.2929432767583524,"_step":7,"_runtime":8.1131045,"train_loss":2.2942146519076947,"val_accuracy":42.86666666666667,"learning_curves":{"width":1500,"height":500,"_type":"image-file","sha256":"e38aa1636295e1f941429c44663cae02a64ec437bdcaa7078c5209fffc2a8359","size":61087,"path":"media/images/learning_curves_7_e38aa1636295e1f94142.png","format":"png"},"_wandb":{"runtime":8},"val_loss":2.2930489738079762,"test_accuracy":42.96,"_timestamp":1.7422071566017816e+09}