{"_runtime":15.9620296,"train_loss":2.3030731899441843,"epoch":4,"val_loss":2.3032240832444804,"test_loss":2.303112874319267,"_step":7,"test_accuracy":10,"_wandb":{"runtime":16},"train_accuracy":9.953703703703704,"val_accuracy":9.833333333333332,"learning_curves":{"sha256":"1d09197aa132686b4707ff7900ef438cd2de1947d2c2207f3642d0c38b741d38","size":70675,"path":"media/images/learning_curves_7_1d09197aa132686b4707.png","format":"png","width":1500,"height":500,"_type":"image-file"},"sample_images":{"height":600,"_type":"image-file","sha256":"77ee7a6052947e5d44d9fa2d7ba2735f1b3e51413e8c4eee21f851f552664b7b","size":31364,"path":"media/images/sample_images_0_77ee7a6052947e5d44d9.png","format":"png","width":1200},"_timestamp":1.7421410838752687e+09}