{"train_accuracy":97.56481481481481,"_wandb":{"runtime":11},"_step":12,"val_loss":0.13352207504752658,"_timestamp":1.7422283340393903e+09,"epoch":9,"train_loss":0.08217165040084008,"learning_curves":{"format":"png","width":1500,"height":500,"_type":"image-file","sha256":"3a9f36adf26d3e985d85589519542143252151832aea29ac3098b0d4cf574c29","size":45510,"path":"media/images/learning_curves_12_3a9f36adf26d3e985d85.png"},"test_accuracy":96.23,"val_accuracy":96.21666666666667,"sample_images":{"sha256":"57b003a7d23e5882d9ff9f9a6bb1d526260d55d6a1b1981a717e6d9dd04adab5","size":15278,"path":"media/images/sample_images_0_57b003a7d23e5882d9ff.png","format":"png","width":1200,"height":600,"_type":"image-file"},"_runtime":11.6594821,"test_loss":0.13169367008329233}