{"_runtime":27.2959391,"_step":17,"_wandb":{"runtime":27},"train_accuracy":98.98148148148148,"val_accuracy":97.46666666666667,"learning_curves":{"height":500,"_type":"image-file","sha256":"3e158faeb3dce1c06003cdfb166b246969df7705f6c06ab824aa0a5dabd20114","size":47068,"path":"media/images/learning_curves_17_3e158faeb3dce1c06003.png","format":"png","width":1500},"test_accuracy":96.98,"sample_images":{"_type":"image-file","sha256":"57b003a7d23e5882d9ff9f9a6bb1d526260d55d6a1b1981a717e6d9dd04adab5","size":15278,"path":"media/images/sample_images_0_57b003a7d23e5882d9ff.png","format":"png","width":1200,"height":600},"val_loss":0.0992369865536941,"epoch":14,"_timestamp":1.742212047270558e+09,"train_loss":0.036665825963948226,"test_loss":0.11347444970771489}