{"sample_images":{"size":31364,"path":"media/images/sample_images_0_77ee7a6052947e5d44d9.png","format":"png","width":1200,"height":600,"_type":"image-file","sha256":"77ee7a6052947e5d44d9fa2d7ba2735f1b3e51413e8c4eee21f851f552664b7b"},"test_accuracy":88.22,"learning_curves":{"height":500,"_type":"image-file","sha256":"6d3478d1032c1f6212485a5db68fa819cb0575ccb37904fd850ef895d6928387","size":54402,"path":"media/images/learning_curves_12_6d3478d1032c1f621248.png","format":"png","width":1500},"val_loss":0.35551851000380863,"_timestamp":1.742207742732932e+09,"_step":12,"train_loss":0.2562281510861712,"test_loss":0.3575839512949026,"train_accuracy":90.45185185185186,"epoch":9,"_runtime":21.6631161,"val_accuracy":88.35,"_wandb":{"runtime":21}}