{"test_loss":0.0888910212923776,"_runtime":44.0715649,"val_loss":0.09568330984732391,"_step":17,"test_accuracy":97.06,"_wandb":{"runtime":44},"learning_curves":{"size":50091,"path":"media/images/learning_curves_17_28a46583fec2c2fdd364.png","format":"png","width":1500,"height":500,"_type":"image-file","sha256":"28a46583fec2c2fdd3647ed1de522d3379d9986bed91c6659cf82e2185b44ee7"},"train_accuracy":98.57407407407408,"sample_images":{"width":1200,"height":600,"_type":"image-file","sha256":"57b003a7d23e5882d9ff9f9a6bb1d526260d55d6a1b1981a717e6d9dd04adab5","size":15278,"path":"media/images/sample_images_0_57b003a7d23e5882d9ff.png","format":"png"},"epoch":14,"train_loss":0.05189084737979424,"_timestamp":1.7422250900059319e+09,"val_accuracy":97.23333333333333}