{"epoch":14,"test_loss":0.20340390083867566,"train_loss":0.20563416916990832,"_wandb":{"runtime":13},"_runtime":13.4208177,"test_accuracy":94.1,"_timestamp":1.7421882318271296e+09,"val_loss":0.20915260070917122,"train_accuracy":94.25185185185185,"sample_images":{"height":600,"_type":"image-file","sha256":"57b003a7d23e5882d9ff9f9a6bb1d526260d55d6a1b1981a717e6d9dd04adab5","size":15278,"path":"media/images/sample_images_0_57b003a7d23e5882d9ff.png","format":"png","width":1200},"learning_curves":{"height":500,"_type":"image-file","sha256":"a7fc855c1737cb9dd529e8d7645eed9ad94e83676d8cb2d55fdbaf1b7863b996","size":48805,"path":"media/images/learning_curves_17_a7fc855c1737cb9dd529.png","format":"png","width":1500},"_step":17,"val_accuracy":94.21666666666667}