{"train_loss":0.5777195064493168,"_timestamp":1.742228313499334e+09,"test_loss":0.5064219389815152,"epoch":4,"learning_curves":{"format":"png","width":1500,"height":500,"_type":"image-file","sha256":"55445b3bfb298661787319605699821f5bc4ebcd9dd776ede207e3562655da3d","size":53329,"path":"media/images/learning_curves_7_55445b3bfb2986617873.png"},"test_accuracy":85.44,"sample_images":{"format":"png","width":1200,"height":600,"_type":"image-file","sha256":"57b003a7d23e5882d9ff9f9a6bb1d526260d55d6a1b1981a717e6d9dd04adab5","size":15278,"path":"media/images/sample_images_0_57b003a7d23e5882d9ff.png"},"train_accuracy":84.44444444444444,"_runtime":13.0111521,"val_accuracy":85.23333333333333,"val_loss":0.5145313048573065,"_wandb":{"runtime":13},"_step":7}