{"_wandb":{"runtime":8},"epoch":9,"_runtime":8.4386493,"test_accuracy":91.9,"train_loss":0.31805443229419783,"test_loss":0.30289966578934074,"train_accuracy":91.32037037037037,"_timestamp":1.7421891595005882e+09,"_step":12,"sample_images":{"sha256":"57b003a7d23e5882d9ff9f9a6bb1d526260d55d6a1b1981a717e6d9dd04adab5","size":15278,"path":"media/images/sample_images_0_57b003a7d23e5882d9ff.png","format":"png","width":1200,"height":600,"_type":"image-file"},"val_accuracy":91.91666666666667,"learning_curves":{"width":1500,"height":500,"_type":"image-file","sha256":"4e76c1bc6b796472ba68c452628638e27e3da130f0890cdb30b61b2c503df231","size":57609,"path":"media/images/learning_curves_12_4e76c1bc6b796472ba68.png","format":"png"},"val_loss":0.30432604838251015}