{"_runtime":47.4675866,"_timestamp":1.7421422332630615e+09,"test_accuracy":85.79,"epoch":9,"test_loss":0.48960518697740874,"_wandb":{"runtime":47},"_step":12,"sample_images":{"format":"png","width":1200,"height":600,"_type":"image-file","sha256":"77ee7a6052947e5d44d9fa2d7ba2735f1b3e51413e8c4eee21f851f552664b7b","size":31364,"path":"media/images/sample_images_0_77ee7a6052947e5d44d9.png"},"train_loss":0.38291974053168043,"val_loss":0.4447792574954043,"val_accuracy":85.9,"train_accuracy":86.93333333333332,"learning_curves":{"path":"media/images/learning_curves_12_1ca7cb891cad0884b8b8.png","format":"png","width":1500,"height":500,"_type":"image-file","sha256":"1ca7cb891cad0884b8b82d1eb7722187f4896481dc012429b56622eab4ef85e8","size":50638}}