{"_wandb":{"runtime":4},"val_accuracy":64.1,"train_accuracy":58.78888888888889,"_runtime":4.3151622,"learning_curves":{"_type":"image-file","sha256":"8370c92ef649d8e731e0ab5ae49705bbf29ae3abf84cca8f8443b786fd3a6c0b","size":61519,"path":"media/images/learning_curves_7_8370c92ef649d8e731e0.png","format":"png","width":1500,"height":500},"train_loss":1.5220930867967215,"test_loss":1.3993397641596628,"epoch":4,"sample_images":{"width":1200,"height":600,"_type":"image-file","sha256":"57b003a7d23e5882d9ff9f9a6bb1d526260d55d6a1b1981a717e6d9dd04adab5","size":15278,"path":"media/images/sample_images_0_57b003a7d23e5882d9ff.png","format":"png"},"test_accuracy":64.17,"val_loss":1.397325808476168,"_step":7,"_timestamp":1.7422239176796792e+09}