{"val_loss":2.3020420113397395,"test_loss":2.302007212985824,"_step":12,"train_accuracy":12.324074074074073,"train_loss":2.3036552429429347,"learning_curves":{"size":52577,"path":"media/images/learning_curves_12_0c6113c1080851fe7e4c.png","format":"png","width":1500,"height":500,"_type":"image-file","sha256":"0c6113c1080851fe7e4cb15a56eca1aa8ac510109eafae5941bb3840a3de2931"},"_wandb":{"runtime":14},"_timestamp":1.7421858296968331e+09,"sample_images":{"height":600,"_type":"image-file","sha256":"77ee7a6052947e5d44d9fa2d7ba2735f1b3e51413e8c4eee21f851f552664b7b","size":31364,"path":"media/images/sample_images_0_77ee7a6052947e5d44d9.png","format":"png","width":1200},"epoch":9,"val_accuracy":9.916666666666666,"_runtime":14.252822,"test_accuracy":10.83}