{"val_loss":0.5368064277327298,"_runtime":12.394878,"test_accuracy":86.94,"learning_curves":{"_type":"image-file","sha256":"fb9d775f8198aa5e2b269adc68fa6d3397d2a153704eb90c11ff2f25fe34ae66","size":61507,"path":"media/images/learning_curves_12_fb9d775f8198aa5e2b26.png","format":"png","width":1500,"height":500},"_step":12,"epoch":9,"train_loss":0.5623384740599638,"_timestamp":1.742215044024181e+09,"val_accuracy":86.41666666666666,"train_accuracy":85.6574074074074,"_wandb":{"runtime":12},"sample_images":{"_type":"image-file","sha256":"57b003a7d23e5882d9ff9f9a6bb1d526260d55d6a1b1981a717e6d9dd04adab5","size":15278,"path":"media/images/sample_images_0_57b003a7d23e5882d9ff.png","format":"png","width":1200,"height":600},"test_loss":0.5223019324439876}