{"learning_curves":{"width":1500,"height":500,"_type":"image-file","sha256":"bbac7882eecd24fa406769959b442391c6ec69a178d281863582a405622cf03c","size":77936,"path":"media/images/learning_curves_17_bbac7882eecd24fa4067.png","format":"png"},"test_accuracy":10,"val_accuracy":9.833333333333332,"test_loss":2.564169450290094,"sample_images":{"sha256":"77ee7a6052947e5d44d9fa2d7ba2735f1b3e51413e8c4eee21f851f552664b7b","size":31364,"path":"media/images/sample_images_0_77ee7a6052947e5d44d9.png","format":"png","width":1200,"height":600,"_type":"image-file"},"train_accuracy":10.057407407407409,"val_loss":2.5618727058257966,"_runtime":42.4740486,"epoch":14,"_step":17,"_wandb":{"runtime":42},"_timestamp":1.742226641534372e+09,"train_loss":2.5875168873182695}