{"val_accuracy":96.75,"sample_images":{"_type":"image-file","sha256":"57b003a7d23e5882d9ff9f9a6bb1d526260d55d6a1b1981a717e6d9dd04adab5","size":15278,"path":"media/images/sample_images_0_57b003a7d23e5882d9ff.png","format":"png","width":1200,"height":600},"train_loss":0.05329126170965373,"val_loss":0.14945961793084675,"train_accuracy":98.44814814814815,"test_loss":0.1446360650559717,"epoch":14,"_timestamp":1.7422262863765678e+09,"test_accuracy":96.92,"learning_curves":{"height":500,"_type":"image-file","sha256":"2a53f9104cfb237adf0e96c5ae6ad2211e04f48872947663931a1eb653291111","size":58209,"path":"media/images/learning_curves_17_2a53f9104cfb237adf0e.png","format":"png","width":1500},"_wandb":{"runtime":10},"_step":17,"_runtime":10.9131224}