{"train_loss":2.3025867338096613,"val_accuracy":9.166666666666666,"sample_images":{"_type":"image-file","sha256":"77ee7a6052947e5d44d9fa2d7ba2735f1b3e51413e8c4eee21f851f552664b7b","size":31364,"path":"media/images/sample_images_0_77ee7a6052947e5d44d9.png","format":"png","width":1200,"height":600},"_runtime":6.4866436,"epoch":4,"test_loss":2.302566645802563,"learning_curves":{"path":"media/images/learning_curves_7_5411c9ce75e0b069e598.png","format":"png","width":1500,"height":500,"_type":"image-file","sha256":"5411c9ce75e0b069e5983c5ed5802334f3c96fa82e9c0b1a5872d75716f5389a","size":47640},"test_accuracy":10,"train_accuracy":10.209259259259259,"_timestamp":1.7415894567564337e+09,"_step":7,"val_loss":2.302678646038039,"_wandb":{"runtime":6}}