{"val_loss":2.302715851862732,"_runtime":10.2093057,"train_accuracy":9.79074074074074,"_wandb":{"runtime":10},"val_accuracy":10.316666666666666,"sample_images":{"sha256":"77ee7a6052947e5d44d9fa2d7ba2735f1b3e51413e8c4eee21f851f552664b7b","size":31364,"path":"media/images/sample_images_0_77ee7a6052947e5d44d9.png","format":"png","width":1200,"height":600,"_type":"image-file"},"_timestamp":1.7415891298700016e+09,"epoch":4,"learning_curves":{"format":"png","width":1500,"height":500,"_type":"image-file","sha256":"06eda7c4629c6496f6b260d482563b8851952c54b53973573d160612ab8d8d99","size":68294,"path":"media/images/learning_curves_7_06eda7c4629c6496f6b2.png"},"test_accuracy":10,"_step":7,"test_loss":2.3026403105096116,"train_loss":2.302787654692454}