{"train_accuracy":89.38703703703703,"test_accuracy":87.89,"epoch":14,"_wandb":{"runtime":26},"val_accuracy":88,"val_loss":0.46590036340245644,"test_loss":0.4812753158698714,"learning_curves":{"format":"png","width":1500,"height":500,"_type":"image-file","sha256":"8a886365440c85976b2e29ef481a75a47078c6bcbc23d761f300e500766f7f32","size":85015,"path":"media/images/learning_curves_17_8a886365440c85976b2e.png"},"_timestamp":1.742187896419483e+09,"sample_images":{"height":600,"_type":"image-file","sha256":"57b003a7d23e5882d9ff9f9a6bb1d526260d55d6a1b1981a717e6d9dd04adab5","size":15278,"path":"media/images/sample_images_0_57b003a7d23e5882d9ff.png","format":"png","width":1200},"train_loss":0.4359886029567065,"_runtime":26.7267389,"_step":17}