{"_timestamp":1.7422070878914905e+09,"train_accuracy":85.84814814814816,"epoch":9,"_runtime":13.9258826,"_wandb":{"runtime":14},"val_loss":0.403272694568364,"test_loss":0.4326977171963689,"_step":12,"train_loss":0.3975059789632966,"val_accuracy":85.43333333333332,"test_accuracy":84.73,"sample_images":{"path":"media/images/sample_images_0_77ee7a6052947e5d44d9.png","format":"png","width":1200,"height":600,"_type":"image-file","sha256":"77ee7a6052947e5d44d9fa2d7ba2735f1b3e51413e8c4eee21f851f552664b7b","size":31364},"learning_curves":{"path":"media/images/learning_curves_12_e3cf6fe79cde6a636e72.png","format":"png","width":1500,"height":500,"_type":"image-file","sha256":"e3cf6fe79cde6a636e72fdfb6bb154c9805f64f33c4824a8c482bba071185703","size":54209}}