{"test_accuracy":83.97,"_step":17,"train_loss":0.34278711970743697,"val_loss":0.4339685159248372,"_wandb":{"runtime":30},"train_accuracy":88.05740740740741,"_runtime":30.7770551,"val_accuracy":84.6,"_timestamp":1.7421364515305452e+09,"sample_images":{"height":600,"_type":"image-file","sha256":"77ee7a6052947e5d44d9fa2d7ba2735f1b3e51413e8c4eee21f851f552664b7b","size":31364,"path":"media/images/sample_images_0_77ee7a6052947e5d44d9.png","format":"png","width":1200},"epoch":14,"test_loss":0.4529907638586925,"learning_curves":{"width":1500,"height":500,"_type":"image-file","sha256":"6af5c64336d201c71cc3ca1ebd839af3e5caf9b12d0b5fb7202ff112f957b597","size":56707,"path":"media/images/learning_curves_17_6af5c64336d201c71cc3.png","format":"png"}}