{"val_loss":0.5998016425116515,"_step":17,"test_accuracy":87.36,"test_loss":0.5807416964334572,"_timestamp":1.741590057361981e+09,"_wandb":{"runtime":22},"epoch":14,"learning_curves":{"path":"media/images/learning_curves_17_f80e96be96d800368fb6.png","format":"png","width":1500,"height":500,"_type":"image-file","sha256":"f80e96be96d800368fb6684e10d1b02cbeb233154d7838fb0e532f2ac2de9bbf","size":57398},"train_loss":0.612792666903931,"val_accuracy":86.9,"_runtime":22.711350799999998,"sample_images":{"sha256":"57b003a7d23e5882d9ff9f9a6bb1d526260d55d6a1b1981a717e6d9dd04adab5","size":15278,"path":"media/images/sample_images_0_57b003a7d23e5882d9ff.png","format":"png","width":1200,"height":600,"_type":"image-file"},"train_accuracy":86.44074074074074}