{"learning_curves":{"width":1500,"height":500,"_type":"image-file","sha256":"f1fd775ffc6d4b93dee98ce5005d970ab7695a8a12ff872c5418c24d23d2d942","size":50676,"path":"media/images/learning_curves_17_f1fd775ffc6d4b93dee9.png","format":"png"},"test_accuracy":96.71,"_wandb":{"runtime":42},"val_loss":0.12660907533955565,"val_accuracy":96.65,"_runtime":42.6331302,"_step":17,"train_loss":0.02976316869725336,"epoch":14,"_timestamp":1.7422128097862613e+09,"test_loss":0.14154614090897552,"sample_images":{"path":"media/images/sample_images_0_57b003a7d23e5882d9ff.png","format":"png","width":1200,"height":600,"_type":"image-file","sha256":"57b003a7d23e5882d9ff9f9a6bb1d526260d55d6a1b1981a717e6d9dd04adab5","size":15278},"train_accuracy":99.09444444444443}