{"_runtime":15.2038898,"train_accuracy":89.57037037037037,"_step":7,"_timestamp":1.7421421296921327e+09,"epoch":4,"sample_images":{"width":1200,"height":600,"_type":"image-file","sha256":"57b003a7d23e5882d9ff9f9a6bb1d526260d55d6a1b1981a717e6d9dd04adab5","size":15278,"path":"media/images/sample_images_0_57b003a7d23e5882d9ff.png","format":"png"},"train_loss":0.3864349339746175,"test_accuracy":90.19,"test_loss":0.3451075920068332,"val_accuracy":90.23333333333333,"val_loss":0.32540546310112634,"_wandb":{"runtime":15},"learning_curves":{"path":"media/images/learning_curves_7_00a091e178e76eb300f6.png","format":"png","width":1500,"height":500,"_type":"image-file","sha256":"00a091e178e76eb300f6a8f2f41e66a440566d8743d144b92e45cb4d6f224cb9","size":56243}}