{"_step":17,"test_accuracy":97.48,"_timestamp":1.7421871572283194e+09,"val_loss":0.09177835643610383,"epoch":14,"train_loss":0.011580779766747323,"train_accuracy":99.6537037037037,"val_accuracy":97.61666666666666,"test_loss":0.09794371926293091,"learning_curves":{"size":53411,"path":"media/images/learning_curves_17_33056d5b8eaf9ba8fd10.png","format":"png","width":1500,"height":500,"_type":"image-file","sha256":"33056d5b8eaf9ba8fd1091b7e9b065206e89395e3ceacd158bea9c7aa3ed152b"},"_wandb":{"runtime":19},"_runtime":19.5113904,"sample_images":{"path":"media/images/sample_images_0_57b003a7d23e5882d9ff.png","format":"png","width":1200,"height":600,"_type":"image-file","sha256":"57b003a7d23e5882d9ff9f9a6bb1d526260d55d6a1b1981a717e6d9dd04adab5","size":15278}}