{"epoch":14,"test_accuracy":94.78,"_step":17,"test_loss":0.18013934827105418,"_wandb":{"runtime":17},"sample_images":{"size":15278,"path":"media/images/sample_images_0_57b003a7d23e5882d9ff.png","format":"png","width":1200,"height":600,"_type":"image-file","sha256":"57b003a7d23e5882d9ff9f9a6bb1d526260d55d6a1b1981a717e6d9dd04adab5"},"_timestamp":1.7422118985578134e+09,"val_accuracy":94.55,"val_loss":0.1808837110040369,"train_accuracy":95.02777777777777,"train_loss":0.17698201888624876,"learning_curves":{"size":50016,"path":"media/images/learning_curves_17_94775a4a6f2d9dc3c75e.png","format":"png","width":1500,"height":500,"_type":"image-file","sha256":"94775a4a6f2d9dc3c75ea103a30b485d2976cb75945b8d0258a6ec42f7a4924a"},"_runtime":17.8114546}