{"val_accuracy":96,"_wandb":{"runtime":13},"test_loss":0.13300844272777446,"epoch":9,"train_loss":0.15725343376146667,"_step":12,"_runtime":13.3120635,"train_accuracy":96.50185185185185,"learning_curves":{"height":500,"_type":"image-file","sha256":"d790a81d208b2fed145e88b22ca753dbf4d5c562886a9fc086d10babbd855f20","size":54407,"path":"media/images/learning_curves_12_d790a81d208b2fed145e.png","format":"png","width":1500},"sample_images":{"height":600,"_type":"image-file","sha256":"57b003a7d23e5882d9ff9f9a6bb1d526260d55d6a1b1981a717e6d9dd04adab5","size":15278,"path":"media/images/sample_images_0_57b003a7d23e5882d9ff.png","format":"png","width":1200},"_timestamp":1.7422271107562826e+09,"val_loss":0.13031903741257372,"test_accuracy":96.02000000000001}