{"train_loss":0.15467674165432663,"val_loss":0.15608867070434695,"test_loss":0.15501511867532766,"learning_curves":{"sha256":"1f7864c4ca6ce755d61eae3c19aaff74df4696acf445e229605f16814eee03d8","size":51988,"path":"media/images/learning_curves_12_1f7864c4ca6ce755d61e.png","format":"png","width":1500,"height":500,"_type":"image-file"},"_wandb":{"runtime":22},"epoch":9,"_runtime":22.3747298,"_step":12,"sample_images":{"sha256":"57b003a7d23e5882d9ff9f9a6bb1d526260d55d6a1b1981a717e6d9dd04adab5","size":15278,"path":"media/images/sample_images_0_57b003a7d23e5882d9ff.png","format":"png","width":1200,"height":600,"_type":"image-file"},"_timestamp":1.7421855836722388e+09,"val_accuracy":95.5,"test_accuracy":95.39999999999999,"train_accuracy":95.60185185185185}