{"sample_images":{"path":"media/images/sample_images_0_77ee7a6052947e5d44d9.png","format":"png","width":1200,"height":600,"_type":"image-file","sha256":"77ee7a6052947e5d44d9fa2d7ba2735f1b3e51413e8c4eee21f851f552664b7b","size":31364},"_timestamp":1.7421418701129422e+09,"learning_curves":{"path":"media/images/learning_curves_17_6841a145bda183049442.png","format":"png","width":1500,"height":500,"_type":"image-file","sha256":"6841a145bda1830494429c7ffc0c9a7d4f42820424f7871f87f6ffea48cf8b12","size":56960},"epoch":14,"_runtime":19.0870503,"_wandb":{"runtime":19},"val_accuracy":88.4,"train_loss":0.28436074499007974,"train_accuracy":90.26851851851852,"val_loss":0.31943157761882257,"test_accuracy":87.51,"_step":17,"test_loss":0.3475900684619148}