{"_wandb":{"runtime":125},"learning_curves":{"_type":"image-file","sha256":"b8c886a10526b2258ff6c59b00f340f56961c34c8e2aadf94ea44923e258b099","size":56315,"path":"media/images/learning_curves_17_b8c886a10526b2258ff6.png","format":"png","width":1500,"height":500},"epoch":14,"sample_images":{"width":1200,"height":600,"_type":"image-file","sha256":"57b003a7d23e5882d9ff9f9a6bb1d526260d55d6a1b1981a717e6d9dd04adab5","size":15278,"path":"media/images/sample_images_0_57b003a7d23e5882d9ff.png","format":"png"},"train_accuracy":98.96481481481482,"_timestamp":1.7422147170545871e+09,"test_loss":0.09934723691317832,"test_accuracy":97.1,"val_loss":0.09435449962839572,"_runtime":125.4714771,"_step":17,"train_loss":0.07610598262702761,"val_accuracy":97.41666666666666}