{"_timestamp":1.7422275277966325e+09,"test_accuracy":89.75,"sample_images":{"_type":"image-file","sha256":"57b003a7d23e5882d9ff9f9a6bb1d526260d55d6a1b1981a717e6d9dd04adab5","size":15278,"path":"media/images/sample_images_0_57b003a7d23e5882d9ff.png","format":"png","width":1200,"height":600},"epoch":4,"learning_curves":{"width":1500,"height":500,"_type":"image-file","sha256":"18547cadffb0f95456c6783df0dc216c00f86dd989847461350d21d2239bba5e","size":55152,"path":"media/images/learning_curves_7_18547cadffb0f95456c6.png","format":"png"},"_runtime":22.1726627,"val_accuracy":89.31666666666666,"train_loss":0.7582725955434765,"test_loss":0.3538405156424454,"val_loss":0.367629002852146,"_wandb":{"runtime":22},"_step":7,"train_accuracy":89.31851851851852}