{"_runtime":12.789044,"_wandb":{"runtime":12},"train_loss":0.2461267437155265,"_step":17,"epoch":14,"val_accuracy":93.01666666666667,"train_accuracy":93.23148148148148,"sample_images":{"width":1200,"height":600,"_type":"image-file","sha256":"57b003a7d23e5882d9ff9f9a6bb1d526260d55d6a1b1981a717e6d9dd04adab5","size":15278,"path":"media/images/sample_images_0_57b003a7d23e5882d9ff.png","format":"png"},"test_loss":0.2706823532688605,"test_accuracy":92.61,"_timestamp":1.7421886985029898e+09,"val_loss":0.2616309000567957,"learning_curves":{"size":46664,"path":"media/images/learning_curves_17_2d99d07156effbf7eedb.png","format":"png","width":1500,"height":500,"_type":"image-file","sha256":"2d99d07156effbf7eedbace61b8e73047caf260c5592eed3b1564588458ac1c1"}}