{"_runtime":27.3232481,"train_accuracy":91.6462962962963,"_wandb":{"runtime":27},"val_accuracy":87.91666666666667,"val_loss":0.34984688638197853,"_timestamp":1.7422139062989812e+09,"test_accuracy":87.86,"learning_curves":{"height":500,"_type":"image-file","sha256":"8dc2d804928cdae893ccee58831ae681a5edeadccca08044d38cdb5255660c41","size":59696,"path":"media/images/learning_curves_17_8dc2d804928cdae893cc.png","format":"png","width":1500},"epoch":14,"test_loss":0.3656892581060381,"_step":17,"sample_images":{"width":1200,"height":600,"_type":"image-file","sha256":"77ee7a6052947e5d44d9fa2d7ba2735f1b3e51413e8c4eee21f851f552664b7b","size":31364,"path":"media/images/sample_images_0_77ee7a6052947e5d44d9.png","format":"png"},"train_loss":0.22593996845688802}