{"test_loss":0.15526656072776077,"test_accuracy":95.88,"learning_curves":{"sha256":"3f5933d2bfcb8b2df541046fa612f76a1ff59c6387cc299f0a9a2243a7fc1c41","size":60177,"path":"media/images/learning_curves_7_3f5933d2bfcb8b2df541.png","format":"png","width":1500,"height":500,"_type":"image-file"},"train_loss":0.1303237190206415,"val_loss":0.14498414498190937,"train_accuracy":96.21481481481482,"val_accuracy":95.38333333333333,"sample_images":{"path":"media/images/sample_images_0_57b003a7d23e5882d9ff.png","format":"png","width":1200,"height":600,"_type":"image-file","sha256":"57b003a7d23e5882d9ff9f9a6bb1d526260d55d6a1b1981a717e6d9dd04adab5","size":15278},"_step":7,"_wandb":{"runtime":6},"_timestamp":1.7422232493618245e+09,"epoch":4,"_runtime":6.4195384}