{"test_accuracy":23.62,"sample_images":{"path":"media/images/sample_images_0_77ee7a6052947e5d44d9.png","format":"png","width":1200,"height":600,"_type":"image-file","sha256":"77ee7a6052947e5d44d9fa2d7ba2735f1b3e51413e8c4eee21f851f552664b7b","size":31364},"_runtime":10.1347608,"train_loss":2.3020245363251006,"train_accuracy":23.84444444444444,"epoch":4,"val_accuracy":23.416666666666668,"val_loss":2.301962248966298,"test_loss":2.3019462653578406,"_wandb":{"runtime":10},"_timestamp":1.7421861609074078e+09,"learning_curves":{"height":500,"_type":"image-file","sha256":"5da424058f3ef8dc552ec52fb3eb1b7c57be94840bc73db760674459049a5ff7","size":63749,"path":"media/images/learning_curves_7_5da424058f3ef8dc552e.png","format":"png","width":1500},"_step":7}