{"test_loss":0.08663680699068185,"_step":17,"val_accuracy":97.35000000000001,"_runtime":76.8662062,"train_loss":0.052446879883298846,"sample_images":{"sha256":"57b003a7d23e5882d9ff9f9a6bb1d526260d55d6a1b1981a717e6d9dd04adab5","size":15278,"path":"media/images/sample_images_0_57b003a7d23e5882d9ff.png","format":"png","width":1200,"height":600,"_type":"image-file"},"test_accuracy":97.36,"epoch":14,"_wandb":{"runtime":76},"_timestamp":1.7422096021003504e+09,"train_accuracy":98.45555555555555,"val_loss":0.08492003170378325,"learning_curves":{"format":"png","width":1500,"height":500,"_type":"image-file","sha256":"7c65fd55a6deb840556e901a96a06c0f836366b98cf27be202014e4b1563ed65","size":54382,"path":"media/images/learning_curves_17_7c65fd55a6deb840556e.png"}}