{"val_loss":0.30291960252969224,"train_loss":0.3072415213375358,"train_accuracy":91.79814814814816,"test_loss":0.2971930729833526,"val_accuracy":91.68333333333332,"learning_curves":{"height":500,"_type":"image-file","sha256":"6844c6c649313569accffcb75e85d0c73dfd4fcc1a54cc02d8e9f3ccb6a2c543","size":53179,"path":"media/images/learning_curves_17_6844c6c649313569accf.png","format":"png","width":1500},"test_accuracy":92.19000000000001,"_wandb":{"runtime":19},"_step":17,"epoch":14,"sample_images":{"width":1200,"height":600,"_type":"image-file","sha256":"57b003a7d23e5882d9ff9f9a6bb1d526260d55d6a1b1981a717e6d9dd04adab5","size":15278,"path":"media/images/sample_images_0_57b003a7d23e5882d9ff.png","format":"png"},"_timestamp":1.741590390873262e+09,"_runtime":19.0528511}