{"train_accuracy":93.94444444444444,"train_loss":0.2147132298270376,"learning_curves":{"width":1500,"height":500,"_type":"image-file","sha256":"40f979c02e1178b2497c68304f94d875bbb643fae0c1eebc0262cd7329a8d180","size":54212,"path":"media/images/learning_curves_7_40f979c02e1178b2497c.png","format":"png"},"val_accuracy":94.05,"test_accuracy":93.85,"_wandb":{"runtime":9},"_runtime":9.8892416,"sample_images":{"size":15278,"path":"media/images/sample_images_0_57b003a7d23e5882d9ff.png","format":"png","width":1200,"height":600,"_type":"image-file","sha256":"57b003a7d23e5882d9ff9f9a6bb1d526260d55d6a1b1981a717e6d9dd04adab5"},"epoch":4,"_timestamp":1.7422253658211546e+09,"_step":7,"test_loss":0.21102032470413715,"val_loss":0.20707729404610953}