{"learning_curves":{"size":50564,"path":"media/images/learning_curves_12_76add813b57758c29153.png","format":"png","width":1500,"height":500,"_type":"image-file","sha256":"76add813b57758c2915309b7e242154c0f9e77689db4f86c7625786d85da32ee"},"_timestamp":1.742186354477712e+09,"_runtime":26.8266948,"val_accuracy":85,"val_loss":0.4281563212371576,"train_accuracy":85.81296296296296,"sample_images":{"height":600,"_type":"image-file","sha256":"77ee7a6052947e5d44d9fa2d7ba2735f1b3e51413e8c4eee21f851f552664b7b","size":31364,"path":"media/images/sample_images_0_77ee7a6052947e5d44d9.png","format":"png","width":1200},"test_loss":0.45099629662676205,"_step":12,"_wandb":{"runtime":26},"epoch":9,"test_accuracy":84.24000000000001,"train_loss":0.4104812171402144}