{"train_loss":0.2061701246060628,"epoch":9,"test_accuracy":94.23,"val_loss":0.20522136289566426,"_runtime":32.7761137,"_wandb":{"runtime":32},"sample_images":{"format":"png","width":1200,"height":600,"_type":"image-file","sha256":"57b003a7d23e5882d9ff9f9a6bb1d526260d55d6a1b1981a717e6d9dd04adab5","size":15278,"path":"media/images/sample_images_0_57b003a7d23e5882d9ff.png"},"_timestamp":1.7421875527747345e+09,"train_accuracy":94.25740740740741,"learning_curves":{"format":"png","width":1500,"height":500,"_type":"image-file","sha256":"bca3ce660c70639cb9eccb05389e2e2de7f470a352846bd23065eb1445b93e7e","size":52119,"path":"media/images/learning_curves_12_bca3ce660c70639cb9ec.png"},"val_accuracy":94.21666666666667,"_step":12,"test_loss":0.20042654229675633}