{"_runtime":18.7045398,"learning_curves":{"height":500,"_type":"image-file","sha256":"9d477b44febb1e5faac9b8d4fdfaebcb4cf763aa87ec6577365603cdfbdf8ac5","size":52713,"path":"media/images/learning_curves_12_9d477b44febb1e5faac9.png","format":"png","width":1500},"_wandb":{"runtime":18},"_timestamp":1.7422244801472268e+09,"val_loss":0.08734689125430059,"val_accuracy":97.5,"test_loss":0.0926816286682558,"train_accuracy":98.42962962962963,"test_accuracy":97.14,"_step":12,"epoch":9,"train_loss":0.11052063272372098,"sample_images":{"format":"png","width":1200,"height":600,"_type":"image-file","sha256":"57b003a7d23e5882d9ff9f9a6bb1d526260d55d6a1b1981a717e6d9dd04adab5","size":15278,"path":"media/images/sample_images_0_57b003a7d23e5882d9ff.png"}}