{"test_accuracy":11.35,"val_accuracy":10.9,"epoch":14,"test_loss":2.33834013583743,"learning_curves":{"_type":"image-file","sha256":"83a36962a192b5916846b1b21008309cd0ff9e891f6cf642a9a942ac704774da","size":50742,"path":"media/images/learning_curves_17_83a36962a192b5916846.png","format":"png","width":1500,"height":500},"val_loss":2.342528888540298,"train_loss":2.339144464345551,"train_accuracy":11.274074074074074,"sample_images":{"height":600,"_type":"image-file","sha256":"57b003a7d23e5882d9ff9f9a6bb1d526260d55d6a1b1981a717e6d9dd04adab5","size":15278,"path":"media/images/sample_images_0_57b003a7d23e5882d9ff.png","format":"png","width":1200},"_step":17,"_wandb":{"runtime":11},"_runtime":11.6201642,"_timestamp":1.7421406236157663e+09}