{"epoch":4,"val_accuracy":96.33333333333334,"learning_curves":{"size":54480,"path":"media/images/learning_curves_7_8adb8dbb276a9c7bffb2.png","format":"png","width":1500,"height":500,"_type":"image-file","sha256":"8adb8dbb276a9c7bffb29b23eefe19fd692a335d8515b596e61b0ddf14e91978"},"test_loss":0.1081111297319412,"train_loss":0.10689348713986661,"_wandb":{"runtime":5},"sample_images":{"path":"media/images/sample_images_0_57b003a7d23e5882d9ff.png","format":"png","width":1200,"height":600,"_type":"image-file","sha256":"57b003a7d23e5882d9ff9f9a6bb1d526260d55d6a1b1981a717e6d9dd04adab5","size":15278},"_step":7,"val_loss":0.11766932787809647,"train_accuracy":96.89444444444445,"test_accuracy":96.81,"_runtime":5.7261453,"_timestamp":1.7422245977341943e+09}