{"_timestamp":1.742222890062262e+09,"_step":17,"test_accuracy":10,"train_accuracy":10.035185185185187,"_wandb":{"runtime":18},"learning_curves":{"width":1500,"height":500,"_type":"image-file","sha256":"3299067f1a8b891422fbe1194e5351a8aa9e209e5c7c2f89f04923d2f823501a","size":80469,"path":"media/images/learning_curves_17_3299067f1a8b891422fb.png","format":"png"},"train_loss":2.619939341086982,"val_loss":2.974795691212753,"val_accuracy":9.833333333333332,"test_loss":2.9798925783383994,"sample_images":{"size":31364,"path":"media/images/sample_images_0_77ee7a6052947e5d44d9.png","format":"png","width":1200,"height":600,"_type":"image-file","sha256":"77ee7a6052947e5d44d9fa2d7ba2735f1b3e51413e8c4eee21f851f552664b7b"},"_runtime":17.9692009,"epoch":14}