{"test_loss":0.10258235869060374,"_timestamp":1.7422118110355492e+09,"learning_curves":{"height":500,"_type":"image-file","sha256":"2c0eeb3b184ebed0300125275782e12817489987a7e037fef81fae4aa9bd5e7b","size":54339,"path":"media/images/learning_curves_17_2c0eeb3b184ebed03001.png","format":"png","width":1500},"_step":17,"_runtime":14.1108412,"train_loss":0.02879321656831559,"val_loss":0.10323734706407074,"sample_images":{"sha256":"57b003a7d23e5882d9ff9f9a6bb1d526260d55d6a1b1981a717e6d9dd04adab5","size":15278,"path":"media/images/sample_images_0_57b003a7d23e5882d9ff.png","format":"png","width":1200,"height":600,"_type":"image-file"},"epoch":14,"val_accuracy":97.5,"_wandb":{"runtime":14},"test_accuracy":97.25,"train_accuracy":99.13888888888889}