{"epoch":9,"val_loss":0.8700338323605733,"_step":12,"_timestamp":1.74214036418949e+09,"val_accuracy":78.33333333333333,"test_loss":0.8374347178485998,"sample_images":{"sha256":"57b003a7d23e5882d9ff9f9a6bb1d526260d55d6a1b1981a717e6d9dd04adab5","size":15278,"path":"media/images/sample_images_0_57b003a7d23e5882d9ff.png","format":"png","width":1200,"height":600,"_type":"image-file"},"_runtime":11.8019733,"test_accuracy":78.8,"learning_curves":{"height":500,"_type":"image-file","sha256":"d2e9b62a4946af83bbe85ae734fd3b83fd8c096953e9011c8d2d67c2c647a947","size":67624,"path":"media/images/learning_curves_12_d2e9b62a4946af83bbe8.png","format":"png","width":1500},"_wandb":{"runtime":11},"train_loss":1.209541805510889,"train_accuracy":76.5925925925926}