{"train_accuracy":84.17222222222223,"val_accuracy":84.21666666666667,"learning_curves":{"sha256":"8bd8977ffd6a7306c7af8a07faa25eaa9cab85d1678bbb00c1b1705f9ec6dd1e","size":48230,"path":"media/images/learning_curves_12_8bd8977ffd6a7306c7af.png","format":"png","width":1500,"height":500,"_type":"image-file"},"test_loss":0.46008169215732747,"_wandb":{"runtime":25},"_step":12,"_timestamp":1.7421398258494911e+09,"sample_images":{"sha256":"77ee7a6052947e5d44d9fa2d7ba2735f1b3e51413e8c4eee21f851f552664b7b","size":31364,"path":"media/images/sample_images_0_77ee7a6052947e5d44d9.png","format":"png","width":1200,"height":600,"_type":"image-file"},"test_accuracy":83.27,"epoch":9,"_runtime":25.3839263,"train_loss":0.5172315884207787,"val_loss":0.43356113569774735}