{"train_accuracy":97.07037037037037,"_wandb":{"runtime":20},"epoch":9,"val_loss":0.1105065776427126,"_runtime":20.5190366,"_step":12,"sample_images":{"width":1200,"height":600,"_type":"image-file","sha256":"57b003a7d23e5882d9ff9f9a6bb1d526260d55d6a1b1981a717e6d9dd04adab5","size":15278,"path":"media/images/sample_images_0_57b003a7d23e5882d9ff.png","format":"png"},"_timestamp":1.7422241902362716e+09,"test_loss":0.11357664664573468,"train_loss":0.10627116975875325,"val_accuracy":96.8,"test_accuracy":96.66,"learning_curves":{"path":"media/images/learning_curves_12_41e58ab16ed9e29117f9.png","format":"png","width":1500,"height":500,"_type":"image-file","sha256":"41e58ab16ed9e29117f9899eea02f1245d31d0e1704bc2a0dba313c7c555c3a3","size":50621}}