{"learning_curves":{"height":500,"_type":"image-file","sha256":"bec03c652abc3773bf8befe07209afd940cd2f26fd3fb9e4c6c651d54b71eacc","size":45259,"path":"media/images/learning_curves_12_bec03c652abc3773bf8b.png","format":"png","width":1500},"_step":12,"_runtime":13.9921218,"test_loss":0.19356632211363922,"_timestamp":1.7421374676223338e+09,"epoch":9,"test_accuracy":94.48,"train_accuracy":94.45,"val_accuracy":94.46666666666667,"sample_images":{"height":600,"_type":"image-file","sha256":"57b003a7d23e5882d9ff9f9a6bb1d526260d55d6a1b1981a717e6d9dd04adab5","size":15278,"path":"media/images/sample_images_0_57b003a7d23e5882d9ff.png","format":"png","width":1200},"train_loss":0.20058375510061507,"_wandb":{"runtime":14},"val_loss":0.1992520947158783}