{"_runtime":14.3306131,"epoch":14,"test_accuracy":11.35,"_step":17,"train_loss":2.301129967097109,"test_loss":2.301017297183099,"_timestamp":1.742135592030318e+09,"val_loss":2.301903565306918,"learning_curves":{"_type":"image-file","sha256":"18e60e46a30f1317e495db84c03d467130d4334a55edce15b8e35f9bc5486896","size":45664,"path":"media/images/learning_curves_17_18e60e46a30f1317e495.png","format":"png","width":1500,"height":500},"val_accuracy":10.9,"_wandb":{"runtime":14},"train_accuracy":11.274074074074074,"sample_images":{"size":15278,"path":"media/images/sample_images_0_57b003a7d23e5882d9ff.png","format":"png","width":1200,"height":600,"_type":"image-file","sha256":"57b003a7d23e5882d9ff9f9a6bb1d526260d55d6a1b1981a717e6d9dd04adab5"}}