{"learning_curves":{"format":"png","width":1500,"height":500,"_type":"image-file","sha256":"fdad5ee3757f23b902b7b595af8587317becc01cb7fccb0ee78f541dfd83c88b","size":59050,"path":"media/images/learning_curves_7_fdad5ee3757f23b902b7.png"},"test_loss":0.6238854095069849,"train_loss":0.6477614892122752,"val_loss":0.6081471802956788,"_step":7,"train_accuracy":76.58888888888889,"val_accuracy":77.61666666666667,"test_accuracy":77.23,"sample_images":{"height":600,"_type":"image-file","sha256":"77ee7a6052947e5d44d9fa2d7ba2735f1b3e51413e8c4eee21f851f552664b7b","size":31364,"path":"media/images/sample_images_0_77ee7a6052947e5d44d9.png","format":"png","width":1200},"epoch":4,"_runtime":43.2474653,"_timestamp":1.7415908425470722e+09,"_wandb":{"runtime":43}}