{"learning_curves":{"path":"media/images/learning_curves_17_ef90c3501d133ff8729c.png","format":"png","width":1500,"height":500,"_type":"image-file","sha256":"ef90c3501d133ff8729c73e2fcaa1b5c34e6d3ac0426a39903a0d4612b5b3944","size":49709},"sample_images":{"_type":"image-file","sha256":"77ee7a6052947e5d44d9fa2d7ba2735f1b3e51413e8c4eee21f851f552664b7b","size":31364,"path":"media/images/sample_images_0_77ee7a6052947e5d44d9.png","format":"png","width":1200,"height":600},"val_accuracy":84.36666666666667,"test_loss":0.46705974707865516,"epoch":14,"train_accuracy":84.9962962962963,"train_loss":0.43424046119306614,"_wandb":{"runtime":19},"_step":17,"val_loss":0.43884434819217716,"test_accuracy":83.66,"_runtime":19.3719566,"_timestamp":1.7415921338053865e+09}