{"test_loss":0.10798732959281478,"_wandb":{"runtime":25},"val_accuracy":97.45,"train_loss":0.027617281335144628,"learning_curves":{"height":500,"_type":"image-file","sha256":"e1b72d66d40a8034c1d1d51b02ad2c46ee28b83494411521cba080994ac5020f","size":51377,"path":"media/images/learning_curves_17_e1b72d66d40a8034c1d1.png","format":"png","width":1500},"train_accuracy":99.33333333333333,"_timestamp":1.7422142828141608e+09,"_step":17,"sample_images":{"format":"png","width":1200,"height":600,"_type":"image-file","sha256":"57b003a7d23e5882d9ff9f9a6bb1d526260d55d6a1b1981a717e6d9dd04adab5","size":15278,"path":"media/images/sample_images_0_57b003a7d23e5882d9ff.png"},"test_accuracy":97.03,"_runtime":25.4861599,"val_loss":0.09955054113664728,"epoch":14}