{"_timestamp":1.742189194363105e+09,"learning_curves":{"_type":"image-file","sha256":"4bb27cc758afdfdda6839ff95a1397d4c2497dd3ad6a6971c1aeeb52295a9b78","size":61319,"path":"media/images/learning_curves_17_4bb27cc758afdfdda683.png","format":"png","width":1500,"height":500},"_step":17,"test_loss":0.18276897321265698,"sample_images":{"path":"media/images/sample_images_0_57b003a7d23e5882d9ff.png","format":"png","width":1200,"height":600,"_type":"image-file","sha256":"57b003a7d23e5882d9ff9f9a6bb1d526260d55d6a1b1981a717e6d9dd04adab5","size":15278},"val_loss":0.19139790482215088,"train_loss":0.18465614871565839,"test_accuracy":94.58,"_runtime":26.0773881,"train_accuracy":95.30925925925926,"_wandb":{"runtime":26},"val_accuracy":93.93333333333334,"epoch":14}