{"val_loss":0.07806738486725365,"test_accuracy":97.21,"sample_images":{"_type":"image-file","sha256":"57b003a7d23e5882d9ff9f9a6bb1d526260d55d6a1b1981a717e6d9dd04adab5","size":15278,"path":"media/images/sample_images_0_57b003a7d23e5882d9ff.png","format":"png","width":1200,"height":600},"epoch":9,"_runtime":97.5484108,"_step":12,"_timestamp":1.7422080771834497e+09,"train_loss":0.05056872607837635,"train_accuracy":98.54814814814816,"val_accuracy":97.65,"test_loss":0.09236110141981088,"_wandb":{"runtime":97},"learning_curves":{"_type":"image-file","sha256":"706df6fb97711947ff5d895e01c47ddeffb407167fd9094d7179518703734411","size":50771,"path":"media/images/learning_curves_12_706df6fb97711947ff5d.png","format":"png","width":1500,"height":500}}