{"test_accuracy":90.36999999999999,"epoch":14,"train_loss":0.33965285713691074,"_step":17,"learning_curves":{"size":58407,"path":"media/images/learning_curves_17_320ee159a958c0d225fc.png","format":"png","width":1500,"height":500,"_type":"image-file","sha256":"320ee159a958c0d225fc5f35ba3886aaafa8d9e2652137439eba2cd097b6269b"},"_runtime":39.4187132,"_wandb":{"runtime":39},"_timestamp":1.7422119483780832e+09,"train_accuracy":90.16296296296296,"val_loss":0.3269057441636885,"test_loss":0.3261428824346929,"sample_images":{"width":1200,"height":600,"_type":"image-file","sha256":"57b003a7d23e5882d9ff9f9a6bb1d526260d55d6a1b1981a717e6d9dd04adab5","size":15278,"path":"media/images/sample_images_0_57b003a7d23e5882d9ff.png","format":"png"},"val_accuracy":90.46666666666667}