{"_runtime":41.6373669,"test_loss":0.13913024138158073,"train_loss":0.020774626797855297,"learning_curves":{"format":"png","width":1500,"height":500,"_type":"image-file","sha256":"aae31b519defb5535e987c04a51311e05d42c69445391b850b47e550285b4dd4","size":55537,"path":"media/images/learning_curves_17_aae31b519defb5535e98.png"},"val_accuracy":97.5,"epoch":14,"_step":17,"test_accuracy":97.25,"_wandb":{"runtime":41},"_timestamp":1.742140013939627e+09,"sample_images":{"sha256":"57b003a7d23e5882d9ff9f9a6bb1d526260d55d6a1b1981a717e6d9dd04adab5","size":15278,"path":"media/images/sample_images_0_57b003a7d23e5882d9ff.png","format":"png","width":1200,"height":600,"_type":"image-file"},"train_accuracy":99.27037037037037,"val_loss":0.12440409388908633}