{"test_accuracy":97.1,"learning_curves":{"_type":"image-file","sha256":"ea8444e268baaaf484737afec4f5f837f55eabc8b4189e440ebf154a401ac6a4","size":48113,"path":"media/images/learning_curves_17_ea8444e268baaaf48473.png","format":"png","width":1500,"height":500},"train_loss":0.0697464202391584,"test_loss":0.09674249861555705,"_runtime":39.1652053,"sample_images":{"height":600,"_type":"image-file","sha256":"57b003a7d23e5882d9ff9f9a6bb1d526260d55d6a1b1981a717e6d9dd04adab5","size":15278,"path":"media/images/sample_images_0_57b003a7d23e5882d9ff.png","format":"png","width":1200},"epoch":14,"_wandb":{"runtime":39},"_timestamp":1.7422153503572335e+09,"_step":17,"train_accuracy":98.00740740740741,"val_accuracy":97.11666666666666,"val_loss":0.09733643860247435}