{"_wandb":{"runtime":4},"sample_images":{"format":"png","width":1200,"height":600,"_type":"image-file","sha256":"57b003a7d23e5882d9ff9f9a6bb1d526260d55d6a1b1981a717e6d9dd04adab5","size":15278,"path":"media/images/sample_images_0_57b003a7d23e5882d9ff.png"},"epoch":4,"train_accuracy":11.274074074074074,"_runtime":4.9327041000000005,"test_loss":2.3011689320794995,"val_accuracy":10.9,"_timestamp":1.742186422265366e+09,"train_loss":2.301480660672457,"test_accuracy":11.35,"_step":7,"val_loss":2.3021323259162196,"learning_curves":{"size":49255,"path":"media/images/learning_curves_7_0a424cc358a6ea0d3a99.png","format":"png","width":1500,"height":500,"_type":"image-file","sha256":"0a424cc358a6ea0d3a995d821fb8a19e0a086a3040797ee9b0c22b1090ae67f2"}}