{"val_accuracy":97.56666666666666,"learning_curves":{"height":500,"_type":"image-file","sha256":"006efea1dd216e04d7ca004945bfaba9703b09ede81f02ec47542b595597f7e8","size":51751,"path":"media/images/learning_curves_12_006efea1dd216e04d7ca.png","format":"png","width":1500},"_timestamp":1.7422113113783605e+09,"_wandb":{"runtime":19},"_step":12,"sample_images":{"size":15278,"path":"media/images/sample_images_0_57b003a7d23e5882d9ff.png","format":"png","width":1200,"height":600,"_type":"image-file","sha256":"57b003a7d23e5882d9ff9f9a6bb1d526260d55d6a1b1981a717e6d9dd04adab5"},"epoch":9,"test_accuracy":97.28,"train_accuracy":99.28703703703704,"train_loss":0.025042774571549405,"val_loss":0.08771172426452567,"_runtime":19.8348907,"test_loss":0.09555584610559485}