{"val_accuracy":87.78333333333333,"val_loss":0.42800185997653895,"test_loss":0.4220752897957456,"_timestamp":1.7422248731777873e+09,"train_accuracy":87.1962962962963,"epoch":9,"test_accuracy":87.9,"learning_curves":{"_type":"image-file","sha256":"bafae7fcdbfc8be2fae4e2294ece0062fe793aa1b5199c0bac442fa046cdecf7","size":56961,"path":"media/images/learning_curves_12_bafae7fcdbfc8be2fae4.png","format":"png","width":1500,"height":500},"_step":12,"_wandb":{"runtime":8},"sample_images":{"width":1200,"height":600,"_type":"image-file","sha256":"57b003a7d23e5882d9ff9f9a6bb1d526260d55d6a1b1981a717e6d9dd04adab5","size":15278,"path":"media/images/sample_images_0_57b003a7d23e5882d9ff.png","format":"png"},"_runtime":8.3231789,"train_loss":0.45514646089765304}