{"test_accuracy":89.5,"epoch":4,"_runtime":8.3292566,"sample_images":{"format":"png","width":1200,"height":600,"_type":"image-file","sha256":"57b003a7d23e5882d9ff9f9a6bb1d526260d55d6a1b1981a717e6d9dd04adab5","size":15278,"path":"media/images/sample_images_0_57b003a7d23e5882d9ff.png"},"train_loss":0.4499760331242624,"_step":7,"val_loss":0.41708720487873724,"train_accuracy":88.65925925925926,"learning_curves":{"height":500,"_type":"image-file","sha256":"e9111871a57810d20a3f452810b47cd2484109a7c526c693e58c44af74aed980","size":55845,"path":"media/images/learning_curves_7_e9111871a57810d20a3f.png","format":"png","width":1500},"_timestamp":1.7421862410203223e+09,"val_accuracy":89.41666666666667,"test_loss":0.4120519967563976,"_wandb":{"runtime":8}}