{"val_accuracy":65.66666666666666,"test_loss":0.8243548390412045,"_timestamp":1.742222710306131e+09,"_wandb":{"runtime":8},"_step":17,"epoch":14,"val_loss":0.814530051233961,"sample_images":{"height":600,"_type":"image-file","sha256":"77ee7a6052947e5d44d9fa2d7ba2735f1b3e51413e8c4eee21f851f552664b7b","size":31364,"path":"media/images/sample_images_0_77ee7a6052947e5d44d9.png","format":"png","width":1200},"train_accuracy":66.24074074074075,"learning_curves":{"_type":"image-file","sha256":"dc0ff8984e62c0501edcce24440e447894447c200d81a1a0a9cc8056cc316f32","size":60190,"path":"media/images/learning_curves_17_dc0ff8984e62c0501edc.png","format":"png","width":1500,"height":500},"_runtime":8.8070339,"train_loss":0.813668684448059,"test_accuracy":65.34}