{"_step":17,"train_loss":3.410229166864922,"sample_images":{"format":"png","width":1200,"height":600,"_type":"image-file","sha256":"77ee7a6052947e5d44d9fa2d7ba2735f1b3e51413e8c4eee21f851f552664b7b","size":31364,"path":"media/images/sample_images_0_77ee7a6052947e5d44d9.png"},"val_loss":3.563786554918914,"test_loss":3.6885562209948497,"test_accuracy":61.150000000000006,"learning_curves":{"_type":"image-file","sha256":"22705d3bdae24b0087d054904f299722972dbcb3465c164a7bdafec57dea6e4a","size":77038,"path":"media/images/learning_curves_17_22705d3bdae24b0087d0.png","format":"png","width":1500,"height":500},"_runtime":17.643972,"train_accuracy":70.6462962962963,"_wandb":{"runtime":17},"epoch":14,"_timestamp":1.7421861247313411e+09,"val_accuracy":60.9}