{"epoch":4,"test_loss":0.5773122232458554,"_runtime":39.2483998,"sample_images":{"path":"media/images/sample_images_0_77ee7a6052947e5d44d9.png","format":"png","width":1200,"height":600,"_type":"image-file","sha256":"77ee7a6052947e5d44d9fa2d7ba2735f1b3e51413e8c4eee21f851f552664b7b","size":31364},"test_accuracy":78.91,"_wandb":{"runtime":39},"val_accuracy":78.76666666666667,"val_loss":0.5613289226244601,"_timestamp":1.7415908845610647e+09,"train_loss":0.5803027456192684,"learning_curves":{"_type":"image-file","sha256":"6f116322833b1a7bb0f2d4888ab293c6ad1eff2bd9af8a1a0e59406277054ac8","size":58495,"path":"media/images/learning_curves_7_6f116322833b1a7bb0f2.png","format":"png","width":1500,"height":500},"train_accuracy":79.06481481481481,"_step":7}