{"train_loss":0.1380294964563715,"val_loss":0.14667616178565127,"val_accuracy":95.98333333333333,"test_accuracy":95.89,"train_accuracy":96.18703703703704,"sample_images":{"path":"media/images/sample_images_0_57b003a7d23e5882d9ff.png","format":"png","width":1200,"height":600,"_type":"image-file","sha256":"57b003a7d23e5882d9ff9f9a6bb1d526260d55d6a1b1981a717e6d9dd04adab5","size":15278},"learning_curves":{"size":52469,"path":"media/images/learning_curves_17_7a718893997837c9bc25.png","format":"png","width":1500,"height":500,"_type":"image-file","sha256":"7a718893997837c9bc2524cc39bd7abf77853b58a3d6b021977010f3025ff90f"},"_step":17,"test_loss":0.14461759661280482,"_wandb":{"runtime":39},"epoch":14,"_timestamp":1.7421891417432523e+09,"_runtime":39.789771}