{"epoch":9,"val_accuracy":21.133333333333333,"test_loss":1.9105631290830176,"_step":12,"_runtime":15.2041862,"sample_images":{"width":1200,"height":600,"_type":"image-file","sha256":"57b003a7d23e5882d9ff9f9a6bb1d526260d55d6a1b1981a717e6d9dd04adab5","size":15278,"path":"media/images/sample_images_0_57b003a7d23e5882d9ff.png","format":"png"},"test_accuracy":21.01,"learning_curves":{"height":500,"_type":"image-file","sha256":"f326f7e268b5e408deecd5196f8f922025b3bf81fdd8411e5193e2b24eb210ae","size":62373,"path":"media/images/learning_curves_12_f326f7e268b5e408deec.png","format":"png","width":1500},"_wandb":{"runtime":15},"_timestamp":1.741589213107561e+09,"train_loss":1.864623599520652,"train_accuracy":19.901851851851852,"val_loss":1.8959232723140347}