{"sample_images":{"_type":"image-file","sha256":"57b003a7d23e5882d9ff9f9a6bb1d526260d55d6a1b1981a717e6d9dd04adab5","size":15278,"path":"media/images/sample_images_0_57b003a7d23e5882d9ff.png","format":"png","width":1200,"height":600},"train_accuracy":97.26666666666667,"_runtime":8.2954922,"test_accuracy":97.05,"test_loss":0.10888008593420295,"_wandb":{"runtime":8},"_step":7,"_timestamp":1.7422136542867239e+09,"epoch":4,"val_loss":0.1092200122354335,"train_loss":0.08894475789268957,"learning_curves":{"size":56164,"path":"media/images/learning_curves_7_d312805c918ffa6756db.png","format":"png","width":1500,"height":500,"_type":"image-file","sha256":"d312805c918ffa6756db3680d02a24260f360bc7f89c4353e0334a14a6c37ee2"},"val_accuracy":96.81666666666666}