{"learning_curves":{"width":1500,"height":500,"_type":"image-file","sha256":"929a611489458e50067692541b1f314fbc4110a220ea47be8a1c930f64d816f4","size":70332,"path":"media/images/learning_curves_12_929a611489458e500676.png","format":"png"},"val_accuracy":9.183333333333334,"_wandb":{"runtime":20},"_step":12,"epoch":9,"train_loss":2.304573671695336,"sample_images":{"_type":"image-file","sha256":"57b003a7d23e5882d9ff9f9a6bb1d526260d55d6a1b1981a717e6d9dd04adab5","size":15278,"path":"media/images/sample_images_0_57b003a7d23e5882d9ff.png","format":"png","width":1200,"height":600},"train_accuracy":10.6,"test_accuracy":8.92,"test_loss":2.306090486108043,"_timestamp":1.7415901324203641e+09,"val_loss":2.3062547884821925,"_runtime":20.8789501}