{"sample_images":{"size":15278,"path":"media/images/sample_images_0_57b003a7d23e5882d9ff.png","format":"png","width":1200,"height":600,"_type":"image-file","sha256":"57b003a7d23e5882d9ff9f9a6bb1d526260d55d6a1b1981a717e6d9dd04adab5"},"_timestamp":1.7422156294312015e+09,"_runtime":22.7506725,"train_accuracy":94.82222222222222,"val_accuracy":94.51666666666667,"epoch":14,"test_accuracy":94.53,"learning_curves":{"width":1500,"height":500,"_type":"image-file","sha256":"6223729d60395e394c211a891933d0211a051c0947bfbfb1678c40726e6b8036","size":48732,"path":"media/images/learning_curves_17_6223729d60395e394c21.png","format":"png"},"_wandb":{"runtime":22},"_step":17,"val_loss":0.18470698429915317,"train_loss":0.18504047717111005,"test_loss":0.1859691092084207}