{"_step":12,"val_loss":0.08726300312072219,"epoch":9,"train_accuracy":99.29629629629629,"val_accuracy":97.63333333333334,"train_loss":0.02376131841102623,"test_loss":0.09294964333968425,"test_accuracy":97.49,"_timestamp":1.742225002952498e+09,"_wandb":{"runtime":11},"sample_images":{"_type":"image-file","sha256":"57b003a7d23e5882d9ff9f9a6bb1d526260d55d6a1b1981a717e6d9dd04adab5","size":15278,"path":"media/images/sample_images_0_57b003a7d23e5882d9ff.png","format":"png","width":1200,"height":600},"learning_curves":{"_type":"image-file","sha256":"cc1f84301f131e1701c062b6814a6a089f8ff9ebab7314acf4d7f83b65e00f80","size":51106,"path":"media/images/learning_curves_12_cc1f84301f131e1701c0.png","format":"png","width":1500,"height":500},"_runtime":11.6383739}