{"val_loss":0.10779160784889547,"learning_curves":{"format":"png","width":1500,"height":500,"_type":"image-file","sha256":"da15373acdd23dff7140f93ae1dfefb2e6f59d0c44bd9360c0e661fb52e11305","size":53551,"path":"media/images/learning_curves_12_da15373acdd23dff7140.png"},"_timestamp":1.7422251385942452e+09,"train_accuracy":97.47777777777777,"val_accuracy":96.76666666666667,"sample_images":{"size":15278,"path":"media/images/sample_images_0_57b003a7d23e5882d9ff.png","format":"png","width":1200,"height":600,"_type":"image-file","sha256":"57b003a7d23e5882d9ff9f9a6bb1d526260d55d6a1b1981a717e6d9dd04adab5"},"_wandb":{"runtime":34},"epoch":9,"train_loss":0.09787667057784459,"test_loss":0.1058298577092042,"_runtime":33.9755542,"_step":12,"test_accuracy":96.88}