{"val_accuracy":97.51666666666667,"_runtime":73.3350327,"train_accuracy":99.06666666666666,"_wandb":{"runtime":73},"_timestamp":1.7422255423875477e+09,"learning_curves":{"path":"media/images/learning_curves_17_c683886ec461f39fcff5.png","format":"png","width":1500,"height":500,"_type":"image-file","sha256":"c683886ec461f39fcff50c61952a6b32980a44c52782ae6e08c8f4003e767cf2","size":50721},"val_loss":0.08685946586336238,"train_loss":0.03449909630654477,"sample_images":{"sha256":"57b003a7d23e5882d9ff9f9a6bb1d526260d55d6a1b1981a717e6d9dd04adab5","size":15278,"path":"media/images/sample_images_0_57b003a7d23e5882d9ff.png","format":"png","width":1200,"height":600,"_type":"image-file"},"test_loss":0.0814225948111515,"test_accuracy":97.48,"_step":17,"epoch":14}