{"_step":7,"_wandb":{"runtime":8},"_timestamp":1.7421392422010484e+09,"train_loss":0.5570088833628041,"val_accuracy":85.93333333333332,"_runtime":8.2930814,"train_accuracy":85.19444444444444,"val_loss":0.48321890986092375,"test_accuracy":86.31,"sample_images":{"format":"png","width":1200,"height":600,"_type":"image-file","sha256":"57b003a7d23e5882d9ff9f9a6bb1d526260d55d6a1b1981a717e6d9dd04adab5","size":15278,"path":"media/images/sample_images_0_57b003a7d23e5882d9ff.png"},"epoch":4,"test_loss":0.48231953112210824,"learning_curves":{"height":500,"_type":"image-file","sha256":"c4990b504ea3d6eb966f83eccc12d8fd32b19044c30fbbcd4a4203a5f37fdbdc","size":61721,"path":"media/images/learning_curves_7_c4990b504ea3d6eb966f.png","format":"png","width":1500}}