{"test_loss":0.15891104025331895,"sample_images":{"_type":"image-file","sha256":"57b003a7d23e5882d9ff9f9a6bb1d526260d55d6a1b1981a717e6d9dd04adab5","size":15278,"path":"media/images/sample_images_0_57b003a7d23e5882d9ff.png","format":"png","width":1200,"height":600},"_runtime":28.6323461,"_step":12,"_wandb":{"runtime":28},"val_accuracy":95.35,"test_accuracy":95.57,"train_loss":0.21333663501128627,"val_loss":0.16279891708580832,"epoch":9,"_timestamp":1.7421885342791417e+09,"learning_curves":{"size":51526,"path":"media/images/learning_curves_12_d692fc3aac261c54bcf7.png","format":"png","width":1500,"height":500,"_type":"image-file","sha256":"d692fc3aac261c54bcf70147c8d46bd4af593ffc2afe809262042dbdc93e56ac"},"train_accuracy":95.65185185185186}