{"train_accuracy":86.97222222222221,"val_accuracy":85.55,"test_loss":0.4362285883134954,"test_accuracy":84.63000000000001,"sample_images":{"size":31364,"path":"media/images/sample_images_0_77ee7a6052947e5d44d9.png","format":"png","width":1200,"height":600,"_type":"image-file","sha256":"77ee7a6052947e5d44d9fa2d7ba2735f1b3e51413e8c4eee21f851f552664b7b"},"_timestamp":1.742223765988007e+09,"val_loss":0.398136728115559,"train_loss":0.3777895842995703,"learning_curves":{"format":"png","width":1500,"height":500,"_type":"image-file","sha256":"ddf824925cd6269bcccc3005b03a688cebd2c2cf9ea3937c0812636a801995ef","size":49360,"path":"media/images/learning_curves_7_ddf824925cd6269bcccc.png"},"_runtime":9.6377752,"_step":7,"epoch":4,"_wandb":{"runtime":9}}