{"_wandb":{"runtime":94},"val_loss":0.09719067561459756,"test_accuracy":97.78,"_runtime":94.3490273,"val_accuracy":97.73333333333333,"train_loss":0.024687453603496,"learning_curves":{"width":1500,"height":500,"_type":"image-file","sha256":"52f86f6ba688317fc19a081394d3353e6f33e6a70026ff852fa73fc76d5e9851","size":52801,"path":"media/images/learning_curves_17_52f86f6ba688317fc19a.png","format":"png"},"test_loss":0.10780530019357822,"_timestamp":1.7421874058442962e+09,"_step":17,"train_accuracy":99.44814814814815,"sample_images":{"path":"media/images/sample_images_0_57b003a7d23e5882d9ff.png","format":"png","width":1200,"height":600,"_type":"image-file","sha256":"57b003a7d23e5882d9ff9f9a6bb1d526260d55d6a1b1981a717e6d9dd04adab5","size":15278},"epoch":14}