{"_runtime":23.0170623,"train_loss":2.3025999970776074,"val_loss":2.3027194817984813,"_timestamp":1.7421860787801182e+09,"test_accuracy":10,"sample_images":{"size":31364,"path":"media/images/sample_images_0_77ee7a6052947e5d44d9.png","format":"png","width":1200,"height":600,"_type":"image-file","sha256":"77ee7a6052947e5d44d9fa2d7ba2735f1b3e51413e8c4eee21f851f552664b7b"},"_step":17,"learning_curves":{"sha256":"cd1a712fb784d142caa9f3adc6a8861bd04d6f09a684e5330ba0ca74e7e5d9db","size":46702,"path":"media/images/learning_curves_17_cd1a712fb784d142caa9.png","format":"png","width":1500,"height":500,"_type":"image-file"},"train_accuracy":10.092592592592593,"val_accuracy":9.166666666666666,"epoch":14,"test_loss":2.3025914441257767,"_wandb":{"runtime":23}}