{"_runtime":18.6623069,"train_accuracy":96.19074074074075,"epoch":14,"_timestamp":1.7422261100559728e+09,"learning_curves":{"format":"png","width":1500,"height":500,"_type":"image-file","sha256":"c8ff3d91109c8c3f433556d49c8aaf6571b2b5bdbb3bffbf78c9cc2db46573e3","size":52412,"path":"media/images/learning_curves_17_c8ff3d91109c8c3f4335.png"},"val_accuracy":95.78333333333333,"test_accuracy":95.67,"_wandb":{"runtime":18},"_step":17,"train_loss":0.15808314423367845,"val_loss":0.1408174792615001,"sample_images":{"width":1200,"height":600,"_type":"image-file","sha256":"57b003a7d23e5882d9ff9f9a6bb1d526260d55d6a1b1981a717e6d9dd04adab5","size":15278,"path":"media/images/sample_images_0_57b003a7d23e5882d9ff.png","format":"png"},"test_loss":0.14887452818483018}