{"train_accuracy":98.52962962962964,"val_loss":0.09270239918649066,"test_loss":0.08835086066424455,"_runtime":13.1509704,"sample_images":{"sha256":"57b003a7d23e5882d9ff9f9a6bb1d526260d55d6a1b1981a717e6d9dd04adab5","size":15278,"path":"media/images/sample_images_0_57b003a7d23e5882d9ff.png","format":"png","width":1200,"height":600,"_type":"image-file"},"epoch":14,"train_loss":0.050932991745747946,"_step":17,"test_accuracy":97.31,"_wandb":{"runtime":13},"_timestamp":1.7422154535344903e+09,"learning_curves":{"sha256":"7b385200974072e0be54a6bf2a584a9aa5e2a5ab479fb6e79f9e8badc3f233c8","size":51149,"path":"media/images/learning_curves_17_7b385200974072e0be54.png","format":"png","width":1500,"height":500,"_type":"image-file"},"val_accuracy":97.26666666666667}