{"val_loss":0.12023346439941718,"_runtime":25.1746353,"_timestamp":1.7422097618704243e+09,"epoch":14,"test_accuracy":96.67999999999999,"sample_images":{"size":15278,"path":"media/images/sample_images_0_57b003a7d23e5882d9ff.png","format":"png","width":1200,"height":600,"_type":"image-file","sha256":"57b003a7d23e5882d9ff9f9a6bb1d526260d55d6a1b1981a717e6d9dd04adab5"},"train_accuracy":98.36481481481482,"train_loss":0.05335133243828108,"_wandb":{"runtime":25},"_step":17,"val_accuracy":96.8,"test_loss":0.12245325587009019,"learning_curves":{"width":1500,"height":500,"_type":"image-file","sha256":"880e67534b22ec18c1d104eb2848d01b68b5816fa68e734b18aac59c891f5945","size":52507,"path":"media/images/learning_curves_17_880e67534b22ec18c1d1.png","format":"png"}}