{"_step":17,"sample_images":{"width":1200,"height":600,"_type":"image-file","sha256":"77ee7a6052947e5d44d9fa2d7ba2735f1b3e51413e8c4eee21f851f552664b7b","size":31364,"path":"media/images/sample_images_0_77ee7a6052947e5d44d9.png","format":"png"},"epoch":14,"test_loss":0.4508176292979873,"_wandb":{"runtime":12},"val_loss":0.425681302926241,"val_accuracy":85.36666666666667,"learning_curves":{"height":500,"_type":"image-file","sha256":"d290550520db5ecf766c44d6348406c5ff359b7cef70d36a03d3ec58ac6dd14d","size":59749,"path":"media/images/learning_curves_17_d290550520db5ecf766c.png","format":"png","width":1500},"test_accuracy":84.14,"_timestamp":1.7421890926427078e+09,"train_loss":0.3870895641396418,"train_accuracy":86.21296296296296,"_runtime":12.8772048}