{"_timestamp":1.7421876076316965e+09,"train_loss":0.20596033912080064,"sample_images":{"path":"media/images/sample_images_0_57b003a7d23e5882d9ff.png","format":"png","width":1200,"height":600,"_type":"image-file","sha256":"57b003a7d23e5882d9ff9f9a6bb1d526260d55d6a1b1981a717e6d9dd04adab5","size":15278},"train_accuracy":94.21666666666667,"val_accuracy":94.13333333333334,"test_loss":0.20352893802425384,"epoch":14,"_step":17,"test_accuracy":94.16,"_wandb":{"runtime":10},"val_loss":0.20561030103063807,"learning_curves":{"sha256":"cd3e063e8ebff9eac160d0533b353ced0120d525a7ba2d577d78d64c6608b681","size":51916,"path":"media/images/learning_curves_17_cd3e063e8ebff9eac160.png","format":"png","width":1500,"height":500,"_type":"image-file"},"_runtime":10.1616414}