{"learning_curves":{"width":1500,"height":500,"_type":"image-file","sha256":"88725a8d8f7cc5fbd2328e7d9bc6e887aa0183ecba75758341bc62ff247574f9","size":50682,"path":"media/images/learning_curves_12_88725a8d8f7cc5fbd232.png","format":"png"},"_timestamp":1.7415893330718157e+09,"val_loss":2.301937221361596,"train_accuracy":11.274074074074074,"test_loss":2.301440115466265,"test_accuracy":11.35,"_wandb":{"runtime":27},"train_loss":2.3075438143339304,"epoch":9,"_runtime":27.4039237,"_step":12,"val_accuracy":10.9,"sample_images":{"width":1200,"height":600,"_type":"image-file","sha256":"57b003a7d23e5882d9ff9f9a6bb1d526260d55d6a1b1981a717e6d9dd04adab5","size":15278,"path":"media/images/sample_images_0_57b003a7d23e5882d9ff.png","format":"png"}}