{"_timestamp":1.7422250248383858e+09,"val_loss":0.08630974600099225,"learning_curves":{"sha256":"48de1a319853bdaf1e2562127a7c3c5eeb0340eb908e756436e9608cb569e7c3","size":52082,"path":"media/images/learning_curves_7_48de1a319853bdaf1e25.png","format":"png","width":1500,"height":500,"_type":"image-file"},"_runtime":16.954434,"_step":7,"train_loss":0.049038538983438566,"train_accuracy":98.42592592592592,"test_accuracy":97.46000000000001,"test_loss":0.083555174701196,"epoch":4,"sample_images":{"format":"png","width":1200,"height":600,"_type":"image-file","sha256":"57b003a7d23e5882d9ff9f9a6bb1d526260d55d6a1b1981a717e6d9dd04adab5","size":15278,"path":"media/images/sample_images_0_57b003a7d23e5882d9ff.png"},"val_accuracy":97.58333333333333,"_wandb":{"runtime":16}}