{"train_loss":0.1727917461657452,"epoch":9,"train_accuracy":95.07407407407408,"val_accuracy":95.38333333333333,"val_loss":0.1712965300732503,"test_loss":0.17147675087984562,"_wandb":{"runtime":14},"_runtime":14.6723645,"learning_curves":{"_type":"image-file","sha256":"4cd51d2336871a1d097f51a02fa7b5b3f9b6a5f929294faa1d2a7553f088885f","size":45966,"path":"media/images/learning_curves_12_4cd51d2336871a1d097f.png","format":"png","width":1500,"height":500},"_timestamp":1.7422112450503142e+09,"sample_images":{"width":1200,"height":600,"_type":"image-file","sha256":"57b003a7d23e5882d9ff9f9a6bb1d526260d55d6a1b1981a717e6d9dd04adab5","size":15278,"path":"media/images/sample_images_0_57b003a7d23e5882d9ff.png","format":"png"},"_step":12,"test_accuracy":95}