{"_wandb":{"runtime":12},"learning_curves":{"sha256":"343c01232c0b27409334c9dca4ae4049b0f7292335543d60298428b79327cd83","size":51626,"path":"media/images/learning_curves_17_343c01232c0b27409334.png","format":"png","width":1500,"height":500,"_type":"image-file"},"_runtime":12.1072072,"_step":17,"val_loss":0.22449728633217775,"test_loss":0.2235756541124216,"test_accuracy":93.45,"sample_images":{"height":600,"_type":"image-file","sha256":"57b003a7d23e5882d9ff9f9a6bb1d526260d55d6a1b1981a717e6d9dd04adab5","size":15278,"path":"media/images/sample_images_0_57b003a7d23e5882d9ff.png","format":"png","width":1200},"val_accuracy":93.71666666666667,"epoch":14,"train_accuracy":93.62962962962963,"train_loss":0.22820396399166767,"_timestamp":1.7422127120951483e+09}