{"_timestamp":1.7422137817430801e+09,"epoch":9,"val_accuracy":89.21666666666667,"sample_images":{"format":"png","width":1200,"height":600,"_type":"image-file","sha256":"57b003a7d23e5882d9ff9f9a6bb1d526260d55d6a1b1981a717e6d9dd04adab5","size":15278,"path":"media/images/sample_images_0_57b003a7d23e5882d9ff.png"},"test_loss":0.536439152128784,"learning_curves":{"path":"media/images/learning_curves_12_66559315c234b349f3cc.png","format":"png","width":1500,"height":500,"_type":"image-file","sha256":"66559315c234b349f3cc3386c363d3ab1709741df66d22e43903fbcacf33177b","size":61243},"val_loss":0.543420993428858,"_wandb":{"runtime":14},"train_accuracy":88.42962962962963,"_runtime":14.3176315,"test_accuracy":89.3,"_step":12,"train_loss":0.5747209927429775}