{"test_accuracy":90.06,"epoch":9,"train_accuracy":90.31296296296296,"val_accuracy":90.18333333333334,"_timestamp":1.7421374447486925e+09,"_step":12,"val_loss":0.34217751572453425,"sample_images":{"width":1200,"height":600,"_type":"image-file","sha256":"57b003a7d23e5882d9ff9f9a6bb1d526260d55d6a1b1981a717e6d9dd04adab5","size":15278,"path":"media/images/sample_images_0_57b003a7d23e5882d9ff.png","format":"png"},"_wandb":{"runtime":19},"train_loss":0.377147553264869,"learning_curves":{"_type":"image-file","sha256":"f26a3e5dc914641b9df9db1cb200e364d4da3b86f2113770662ca351d7522e5e","size":71707,"path":"media/images/learning_curves_12_f26a3e5dc914641b9df9.png","format":"png","width":1500,"height":500},"test_loss":0.35013094373412235,"_runtime":19.5658305}