{"learning_curves":{"height":500,"_type":"image-file","sha256":"17029bbaed4b5bba1d49adc931811134fcd5a715cc73b751ee47954fef069f88","size":50765,"path":"media/images/learning_curves_17_17029bbaed4b5bba1d49.png","format":"png","width":1500},"_timestamp":1.7421424798139882e+09,"train_accuracy":97.97407407407407,"val_loss":0.11597015030330877,"_runtime":20.7760909,"_step":17,"train_loss":0.0670857538470932,"_wandb":{"runtime":21},"test_loss":0.1239677722940123,"sample_images":{"width":1200,"height":600,"_type":"image-file","sha256":"57b003a7d23e5882d9ff9f9a6bb1d526260d55d6a1b1981a717e6d9dd04adab5","size":15278,"path":"media/images/sample_images_0_57b003a7d23e5882d9ff.png","format":"png"},"epoch":14,"val_accuracy":96.6,"test_accuracy":96.3}