{"train_accuracy":89.46296296296296,"test_loss":0.4257940317613082,"test_accuracy":87.85,"learning_curves":{"_type":"image-file","sha256":"8287f2800e3c3e8ce0f666476ab02b304d7d793ccf054ace5b1287608a6ac38b","size":75417,"path":"media/images/learning_curves_17_8287f2800e3c3e8ce0f6.png","format":"png","width":1500,"height":500},"sample_images":{"size":15278,"path":"media/images/sample_images_0_57b003a7d23e5882d9ff.png","format":"png","width":1200,"height":600,"_type":"image-file","sha256":"57b003a7d23e5882d9ff9f9a6bb1d526260d55d6a1b1981a717e6d9dd04adab5"},"_timestamp":1.742213531867741e+09,"train_loss":0.406519033031351,"_runtime":41.6954253,"epoch":14,"val_accuracy":87.9,"val_loss":0.4334022877754584,"_wandb":{"runtime":41},"_step":17}