{"train_accuracy":97.82407407407408,"train_loss":0.07045483962684668,"test_accuracy":96.37,"epoch":9,"_runtime":9.6686871,"_step":12,"val_accuracy":96.3,"val_loss":0.11989522483756603,"sample_images":{"height":600,"_type":"image-file","sha256":"57b003a7d23e5882d9ff9f9a6bb1d526260d55d6a1b1981a717e6d9dd04adab5","size":15278,"path":"media/images/sample_images_0_57b003a7d23e5882d9ff.png","format":"png","width":1200},"_timestamp":1.7422242386234345e+09,"learning_curves":{"width":1500,"height":500,"_type":"image-file","sha256":"c20c99cf309978b54a12de38c2630bc3646091cf64540da9e296d4621709e803","size":52554,"path":"media/images/learning_curves_12_c20c99cf309978b54a12.png","format":"png"},"test_loss":0.12101814370043712,"_wandb":{"runtime":9}}