{"test_loss":0.0959974042586673,"test_accuracy":97.21,"train_accuracy":99.32962962962964,"_wandb":{"runtime":23},"_timestamp":1.7422131759227936e+09,"_step":17,"epoch":14,"train_loss":0.04620983835025787,"val_loss":0.09159490975253262,"_runtime":23.1135318,"val_accuracy":97.3,"sample_images":{"size":15278,"path":"media/images/sample_images_0_57b003a7d23e5882d9ff.png","format":"png","width":1200,"height":600,"_type":"image-file","sha256":"57b003a7d23e5882d9ff9f9a6bb1d526260d55d6a1b1981a717e6d9dd04adab5"},"learning_curves":{"sha256":"5017d77ffd9a5f656dd262227362093e2a089eb713755dfcd1d9c02b4e41ba9a","size":49803,"path":"media/images/learning_curves_17_5017d77ffd9a5f656dd2.png","format":"png","width":1500,"height":500,"_type":"image-file"}}