{"epoch":14,"test_accuracy":96.89,"train_accuracy":97.33703703703704,"sample_images":{"format":"png","width":1200,"height":600,"_type":"image-file","sha256":"57b003a7d23e5882d9ff9f9a6bb1d526260d55d6a1b1981a717e6d9dd04adab5","size":15278,"path":"media/images/sample_images_0_57b003a7d23e5882d9ff.png"},"_step":17,"val_accuracy":96.68333333333334,"_timestamp":1.7421406694245563e+09,"_runtime":13.3627691,"_wandb":{"runtime":13},"test_loss":0.10590827703651398,"val_loss":0.116906382150249,"train_loss":0.15611433008673567,"learning_curves":{"size":61380,"path":"media/images/learning_curves_17_8af6030fc0f773ae4cee.png","format":"png","width":1500,"height":500,"_type":"image-file","sha256":"8af6030fc0f773ae4ceed981b3e9b181cf532f2bcc114c3f3e75dc0b7e28e785"}}