{"_runtime":6.0432887,"epoch":4,"val_loss":2.30183400126946,"test_accuracy":11.35,"sample_images":{"size":15278,"path":"media/images/sample_images_0_57b003a7d23e5882d9ff.png","format":"png","width":1200,"height":600,"_type":"image-file","sha256":"57b003a7d23e5882d9ff9f9a6bb1d526260d55d6a1b1981a717e6d9dd04adab5"},"val_accuracy":10.9,"_wandb":{"runtime":6},"train_accuracy":11.274074074074074,"learning_curves":{"sha256":"838b489bc365f9f251a84882dc1a3559ab52e8212469251b59489edf5a50e5c3","size":48051,"path":"media/images/learning_curves_7_838b489bc365f9f251a8.png","format":"png","width":1500,"height":500,"_type":"image-file"},"_step":7,"_timestamp":1.7415920823379781e+09,"train_loss":2.3013494650485935,"test_loss":2.301048272176017}