{"val_loss":0.3259644446842711,"test_accuracy":87.6,"val_accuracy":88.31666666666666,"test_loss":0.3453403811316748,"train_accuracy":90.29629629629629,"learning_curves":{"width":1500,"height":500,"_type":"image-file","sha256":"ffd1043396aaf228b64a2f16f314fb913c3363c26e502a2a15ccfd001c277298","size":59235,"path":"media/images/learning_curves_12_ffd1043396aaf228b64a.png","format":"png"},"train_loss":0.3126020597988049,"_timestamp":1.742224455485438e+09,"epoch":9,"sample_images":{"format":"png","width":1200,"height":600,"_type":"image-file","sha256":"77ee7a6052947e5d44d9fa2d7ba2735f1b3e51413e8c4eee21f851f552664b7b","size":31364,"path":"media/images/sample_images_0_77ee7a6052947e5d44d9.png"},"_step":12,"_runtime":26.3759592,"_wandb":{"runtime":26}}