{"_timestamp":1.742223216505706e+09,"_runtime":11.6958911,"train_accuracy":91.09814814814816,"_step":17,"_wandb":{"runtime":11},"train_loss":0.3316287591405592,"val_accuracy":91.08333333333334,"learning_curves":{"_type":"image-file","sha256":"9905d754fc157d0eeb28ab3598cff58a0be7a79e0ae7adc11f4116e76595c185","size":57410,"path":"media/images/learning_curves_17_9905d754fc157d0eeb28.png","format":"png","width":1500,"height":500},"sample_images":{"path":"media/images/sample_images_0_57b003a7d23e5882d9ff.png","format":"png","width":1200,"height":600,"_type":"image-file","sha256":"57b003a7d23e5882d9ff9f9a6bb1d526260d55d6a1b1981a717e6d9dd04adab5","size":15278},"test_accuracy":91.24,"test_loss":0.31672622777982623,"epoch":14,"val_loss":0.3211278779578996}