{"train_loss":0.7599563276342635,"epoch":4,"val_accuracy":80.65,"test_accuracy":80.17999999999999,"_step":7,"_wandb":{"runtime":15},"test_loss":0.5723000241028139,"_runtime":15.6073797,"val_loss":0.553657403057057,"learning_curves":{"format":"png","width":1500,"height":500,"_type":"image-file","sha256":"dc35fbb2799ae15d8449b7b53a4175688727a60db180c4f5717b22729f05b79f","size":50159,"path":"media/images/learning_curves_7_dc35fbb2799ae15d8449.png"},"_timestamp":1.7421404785967436e+09,"sample_images":{"size":31364,"path":"media/images/sample_images_0_77ee7a6052947e5d44d9.png","format":"png","width":1200,"height":600,"_type":"image-file","sha256":"77ee7a6052947e5d44d9fa2d7ba2735f1b3e51413e8c4eee21f851f552664b7b"},"train_accuracy":79.84629629629629}