{"learning_curves":{"path":"media/images/learning_curves_12_5d5ec4f6f4a08d1987c1.png","format":"png","width":1500,"height":500,"_type":"image-file","sha256":"5d5ec4f6f4a08d1987c18743c96b91de285192bd8357fd61f3b39ed251e1b770","size":48461},"_runtime":8.0394653,"_timestamp":1.7421879996267502e+09,"val_loss":0.10058987921928796,"sample_images":{"size":15278,"path":"media/images/sample_images_0_57b003a7d23e5882d9ff.png","format":"png","width":1200,"height":600,"_type":"image-file","sha256":"57b003a7d23e5882d9ff9f9a6bb1d526260d55d6a1b1981a717e6d9dd04adab5"},"test_accuracy":96.99,"train_accuracy":98.53148148148149,"train_loss":0.07677874883567623,"test_loss":0.1051654255034495,"_wandb":{"runtime":8},"val_accuracy":96.85000000000001,"epoch":9,"_step":12}