{"val_loss":0.20728264056499232,"val_accuracy":94.39999999999999,"learning_curves":{"height":500,"_type":"image-file","sha256":"2308aff4a9048aeceac20d1abb841238c55790990a6b1b119efd24ee584d83ec","size":56677,"path":"media/images/learning_curves_12_2308aff4a9048aeceac2.png","format":"png","width":1500},"_timestamp":1.7422265673400962e+09,"test_loss":0.2120836688948013,"sample_images":{"path":"media/images/sample_images_0_57b003a7d23e5882d9ff.png","format":"png","width":1200,"height":600,"_type":"image-file","sha256":"57b003a7d23e5882d9ff9f9a6bb1d526260d55d6a1b1981a717e6d9dd04adab5","size":15278},"epoch":9,"_wandb":{"runtime":7},"_runtime":7.8206714,"_step":12,"train_loss":0.2021197816258517,"test_accuracy":94.31,"train_accuracy":94.73888888888888}