{"_timestamp":1.742227460598595e+09,"train_accuracy":80.7962962962963,"test_loss":0.6007382973856702,"test_accuracy":82.06,"_step":7,"val_loss":0.6187908668886152,"epoch":4,"_wandb":{"runtime":21},"val_accuracy":81.39999999999999,"_runtime":21.8764748,"train_loss":0.6295435414425545,"sample_images":{"format":"png","width":1200,"height":600,"_type":"image-file","sha256":"57b003a7d23e5882d9ff9f9a6bb1d526260d55d6a1b1981a717e6d9dd04adab5","size":15278,"path":"media/images/sample_images_0_57b003a7d23e5882d9ff.png"},"learning_curves":{"height":500,"_type":"image-file","sha256":"08bfdeed408360cae7091fe230c32ecc32ab351574db6c5a04ba960561c3e965","size":57242,"path":"media/images/learning_curves_7_08bfdeed408360cae709.png","format":"png","width":1500}}