{"test_accuracy":84.76,"_runtime":11.9173852,"val_accuracy":85.85000000000001,"sample_images":{"size":31364,"path":"media/images/sample_images_0_77ee7a6052947e5d44d9.png","format":"png","width":1200,"height":600,"_type":"image-file","sha256":"77ee7a6052947e5d44d9fa2d7ba2735f1b3e51413e8c4eee21f851f552664b7b"},"val_loss":0.5302031550117817,"test_loss":0.5839929763061364,"_wandb":{"runtime":11},"learning_curves":{"sha256":"1657e0ea4f1d39809ebf60831abec3229b94d879524388aa305f48a209d9b50d","size":56716,"path":"media/images/learning_curves_12_1657e0ea4f1d39809ebf.png","format":"png","width":1500,"height":500,"_type":"image-file"},"train_accuracy":87.0037037037037,"_step":12,"_timestamp":1.7421856107148123e+09,"train_loss":0.37529767305722694,"epoch":9}