{"_runtime":16.6849496,"test_accuracy":15.190000000000001,"val_accuracy":15.516666666666667,"val_loss":1.9700460851925534,"test_loss":1.9679517596555838,"train_loss":2.619923369591839,"sample_images":{"_type":"image-file","sha256":"77ee7a6052947e5d44d9fa2d7ba2735f1b3e51413e8c4eee21f851f552664b7b","size":31364,"path":"media/images/sample_images_0_77ee7a6052947e5d44d9.png","format":"png","width":1200,"height":600},"train_accuracy":29.16111111111111,"_step":7,"epoch":4,"learning_curves":{"width":1500,"height":500,"_type":"image-file","sha256":"1aae4692ca86a726a3befcff3ae540fc7f9b45d50869e84d8b08c260f8bbd776","size":54804,"path":"media/images/learning_curves_7_1aae4692ca86a726a3be.png","format":"png"},"_timestamp":1.7421398919562654e+09,"_wandb":{"runtime":16}}