{"_runtime":7.0828922,"val_loss":0.10951400596421439,"epoch":4,"_timestamp":1.7422267486913052e+09,"train_loss":0.09684821445815113,"test_loss":0.10731321715746146,"test_accuracy":96.74000000000001,"_step":7,"_wandb":{"runtime":7},"train_accuracy":97.21666666666667,"val_accuracy":96.63333333333334,"sample_images":{"sha256":"57b003a7d23e5882d9ff9f9a6bb1d526260d55d6a1b1981a717e6d9dd04adab5","size":15278,"path":"media/images/sample_images_0_57b003a7d23e5882d9ff.png","format":"png","width":1200,"height":600,"_type":"image-file"},"learning_curves":{"size":53835,"path":"media/images/learning_curves_7_a74eff4998615a8e1054.png","format":"png","width":1500,"height":500,"_type":"image-file","sha256":"a74eff4998615a8e105438c112675702c160397a4dc956fb22912b92066c528f"}}