{"train_loss":0.4398383554598086,"train_accuracy":85.03333333333333,"test_loss":0.4639335414923974,"val_accuracy":84.6,"test_accuracy":83.75,"learning_curves":{"_type":"image-file","sha256":"55c7596aabe9a45530625323b79c065fe4269c259905752f01a7e4763e62a930","size":50842,"path":"media/images/learning_curves_12_55c7596aabe9a4553062.png","format":"png","width":1500,"height":500},"_runtime":16.0969838,"_timestamp":1.7422072360426047e+09,"epoch":9,"val_loss":0.4349183418128716,"_wandb":{"runtime":16},"sample_images":{"_type":"image-file","sha256":"77ee7a6052947e5d44d9fa2d7ba2735f1b3e51413e8c4eee21f851f552664b7b","size":31364,"path":"media/images/sample_images_0_77ee7a6052947e5d44d9.png","format":"png","width":1200,"height":600},"_step":12}