{"_timestamp":1.7422099692016373e+09,"_runtime":17.2466453,"_step":12,"learning_curves":{"path":"media/images/learning_curves_12_5658ea65129f1acf63dc.png","format":"png","width":1500,"height":500,"_type":"image-file","sha256":"5658ea65129f1acf63dcb6b04b4d6a36a8b86a5b0110e3d33b2766927ab33eb7","size":50057},"val_accuracy":97.41666666666666,"train_accuracy":98.7611111111111,"_wandb":{"runtime":17},"train_loss":0.04438821756457472,"test_loss":0.09045374881514466,"sample_images":{"format":"png","width":1200,"height":600,"_type":"image-file","sha256":"57b003a7d23e5882d9ff9f9a6bb1d526260d55d6a1b1981a717e6d9dd04adab5","size":15278,"path":"media/images/sample_images_0_57b003a7d23e5882d9ff.png"},"test_accuracy":97.25,"epoch":9,"val_loss":0.08349684319691435}