{"test_accuracy":97.04,"epoch":4,"_step":7,"val_loss":0.09562761709921894,"_runtime":8.9234222,"val_accuracy":97.01666666666667,"train_accuracy":97.67592592592592,"sample_images":{"path":"media/images/sample_images_0_57b003a7d23e5882d9ff.png","format":"png","width":1200,"height":600,"_type":"image-file","sha256":"57b003a7d23e5882d9ff9f9a6bb1d526260d55d6a1b1981a717e6d9dd04adab5","size":15278},"_timestamp":1.7422276397437522e+09,"train_loss":0.07900189113443634,"learning_curves":{"width":1500,"height":500,"_type":"image-file","sha256":"50d4593b55641b4445a25c71f5cc065b9b1b6a3c867371f38e6195cc856ccc45","size":53000,"path":"media/images/learning_curves_7_50d4593b55641b4445a2.png","format":"png"},"test_loss":0.09378460628315817,"_wandb":{"runtime":8}}