{"_wandb":{"runtime":14},"val_loss":2.305252712052621,"epoch":9,"sample_images":{"_type":"image-file","sha256":"57b003a7d23e5882d9ff9f9a6bb1d526260d55d6a1b1981a717e6d9dd04adab5","size":15278,"path":"media/images/sample_images_0_57b003a7d23e5882d9ff.png","format":"png","width":1200,"height":600},"_timestamp":1.7415891951079311e+09,"_step":12,"learning_curves":{"path":"media/images/learning_curves_12_3d4002e5863e2b2fde6f.png","format":"png","width":1500,"height":500,"_type":"image-file","sha256":"3d4002e5863e2b2fde6f1f6bfc8056170a77741128e09c8f947097028018701a","size":60677},"test_loss":2.3009875767535397,"_runtime":14.5701451,"train_loss":2.3049869360431225,"train_accuracy":10.761111111111111,"val_accuracy":9.883333333333333,"test_accuracy":10.27}