{"test_accuracy":76.84,"_step":17,"epoch":14,"learning_curves":{"size":55866,"path":"media/images/learning_curves_17_19f3bb0fd5924427e89b.png","format":"png","width":1500,"height":500,"_type":"image-file","sha256":"19f3bb0fd5924427e89bb9fb8a9d6bcf6c8f0016ef55a323ea59aeb8c895e567"},"sample_images":{"path":"media/images/sample_images_0_77ee7a6052947e5d44d9.png","format":"png","width":1200,"height":600,"_type":"image-file","sha256":"77ee7a6052947e5d44d9fa2d7ba2735f1b3e51413e8c4eee21f851f552664b7b","size":31364},"train_loss":0.5687011478490198,"val_accuracy":78.10000000000001,"test_loss":0.6419468098690168,"_runtime":8.4266236,"val_loss":0.6079397038327283,"_timestamp":1.7421862995719433e+09,"train_accuracy":80.25185185185185,"_wandb":{"runtime":8}}