{"_runtime":11.8063777,"test_accuracy":46.58,"train_loss":1.9420464166364402,"learning_curves":{"path":"media/images/learning_curves_17_3881984f1f3735c0ea02.png","format":"png","width":1500,"height":500,"_type":"image-file","sha256":"3881984f1f3735c0ea02ed73a454f211993f890b1bcc9ff4ff1b0de80a13810a","size":61639},"_step":17,"train_accuracy":46.300000000000004,"val_accuracy":46.7,"sample_images":{"size":31364,"path":"media/images/sample_images_0_77ee7a6052947e5d44d9.png","format":"png","width":1200,"height":600,"_type":"image-file","sha256":"77ee7a6052947e5d44d9fa2d7ba2735f1b3e51413e8c4eee21f851f552664b7b"},"test_loss":1.92684822342597,"val_loss":1.929536935951372,"_wandb":{"runtime":11},"epoch":14,"_timestamp":1.7422227616793377e+09}