{"_wandb":{"runtime":16},"train_loss":0.5003278274177934,"sample_images":{"height":600,"_type":"image-file","sha256":"77ee7a6052947e5d44d9fa2d7ba2735f1b3e51413e8c4eee21f851f552664b7b","size":31364,"path":"media/images/sample_images_0_77ee7a6052947e5d44d9.png","format":"png","width":1200},"_runtime":16.8651826,"val_loss":0.5110227540036238,"test_accuracy":81.28999999999999,"learning_curves":{"size":57388,"path":"media/images/learning_curves_17_91d90d098213085ba977.png","format":"png","width":1500,"height":500,"_type":"image-file","sha256":"91d90d098213085ba977ac626831f9cffa8f4ac560518dfadb4f1ef6d1dd941c"},"epoch":14,"train_accuracy":83.92777777777778,"val_accuracy":82.1,"_timestamp":1.7422235942663805e+09,"test_loss":0.5330615479097955,"_step":17}