{"_step":12,"learning_curves":{"width":1500,"height":500,"_type":"image-file","sha256":"cc0ec8d0ef6cc8ba9efee39b0d020165f29a7acabecdf4b2ac981cf612de39f8","size":50023,"path":"media/images/learning_curves_12_cc0ec8d0ef6cc8ba9efe.png","format":"png"},"epoch":9,"val_loss":0.22086120525516817,"_wandb":{"runtime":13},"val_accuracy":93.8,"_runtime":13.6020573,"_timestamp":1.7422118726900473e+09,"train_accuracy":93.59444444444445,"test_accuracy":93.66,"test_loss":0.22633932032304066,"sample_images":{"_type":"image-file","sha256":"57b003a7d23e5882d9ff9f9a6bb1d526260d55d6a1b1981a717e6d9dd04adab5","size":15278,"path":"media/images/sample_images_0_57b003a7d23e5882d9ff.png","format":"png","width":1200,"height":600},"train_loss":0.23023652697318817}