{"test_accuracy":87.8,"val_accuracy":87.3,"learning_curves":{"_type":"image-file","sha256":"afd460c5a3f661b6c89c619283f7dda027eaebb9e837e75a586e80357086bb68","size":59354,"path":"media/images/learning_curves_7_afd460c5a3f661b6c89c.png","format":"png","width":1500,"height":500},"_runtime":5.9613526,"_step":7,"train_accuracy":86.3962962962963,"val_loss":0.479256998779511,"_timestamp":1.7422237513829775e+09,"epoch":4,"sample_images":{"width":1200,"height":600,"_type":"image-file","sha256":"57b003a7d23e5882d9ff9f9a6bb1d526260d55d6a1b1981a717e6d9dd04adab5","size":15278,"path":"media/images/sample_images_0_57b003a7d23e5882d9ff.png","format":"png"},"train_loss":0.5167240748529796,"test_loss":0.4579803387852725,"_wandb":{"runtime":5}}