{"_wandb":{"runtime":16},"train_loss":0.1542177124247926,"_timestamp":1.7422117227301483e+09,"epoch":14,"learning_curves":{"height":500,"_type":"image-file","sha256":"108f363d86671658815c153af3fca745bb1a8b69ddfcc5ccf13b6ac00c0e1c3e","size":49200,"path":"media/images/learning_curves_17_108f363d86671658815c.png","format":"png","width":1500},"test_accuracy":95.24000000000001,"test_loss":0.15888671361148268,"sample_images":{"sha256":"57b003a7d23e5882d9ff9f9a6bb1d526260d55d6a1b1981a717e6d9dd04adab5","size":15278,"path":"media/images/sample_images_0_57b003a7d23e5882d9ff.png","format":"png","width":1200,"height":600,"_type":"image-file"},"val_loss":0.15733638612192427,"_step":17,"train_accuracy":95.52037037037037,"_runtime":16.8450979,"val_accuracy":95.26666666666667}