{"_step":17,"_timestamp":1.7421870534900637e+09,"val_accuracy":96.88333333333333,"_wandb":{"runtime":13},"sample_images":{"format":"png","width":1200,"height":600,"_type":"image-file","sha256":"57b003a7d23e5882d9ff9f9a6bb1d526260d55d6a1b1981a717e6d9dd04adab5","size":15278,"path":"media/images/sample_images_0_57b003a7d23e5882d9ff.png"},"learning_curves":{"_type":"image-file","sha256":"229ac37dbff260acce0e2f4f50fa179b4bb93745d2a1ef2e4e6917b1e1cd7a39","size":52335,"path":"media/images/learning_curves_17_229ac37dbff260acce0e.png","format":"png","width":1500,"height":500},"train_loss":0.07355503693316912,"train_accuracy":97.91111111111111,"test_loss":0.13578417999463133,"_runtime":13.2582017,"val_loss":0.12717831384905393,"epoch":14,"test_accuracy":96.73}