{"val_loss":0.12187684508409274,"sample_images":{"path":"media/images/sample_images_0_57b003a7d23e5882d9ff.png","format":"png","width":1200,"height":600,"_type":"image-file","sha256":"57b003a7d23e5882d9ff9f9a6bb1d526260d55d6a1b1981a717e6d9dd04adab5","size":15278},"val_accuracy":96.48333333333333,"test_loss":0.13115494001046532,"test_accuracy":96.37,"train_accuracy":97.87407407407407,"train_loss":0.07843368353155836,"_wandb":{"runtime":11},"learning_curves":{"path":"media/images/learning_curves_12_881edbcba0a5bfee308e.png","format":"png","width":1500,"height":500,"_type":"image-file","sha256":"881edbcba0a5bfee308eefd7e0e30d06d11172b987079b9c31a896a9fce7f921","size":52541},"epoch":9,"_runtime":11.7525926,"_timestamp":1.7422245545430906e+09,"_step":12}