{"_timestamp":1.7415892669259694e+09,"_step":17,"sample_images":{"height":600,"_type":"image-file","sha256":"57b003a7d23e5882d9ff9f9a6bb1d526260d55d6a1b1981a717e6d9dd04adab5","size":15278,"path":"media/images/sample_images_0_57b003a7d23e5882d9ff.png","format":"png","width":1200},"_runtime":21.0387193,"val_loss":2.310881401928686,"test_loss":2.308595051859273,"train_loss":2.307223949051805,"_wandb":{"runtime":21},"train_accuracy":10.314814814814815,"val_accuracy":10.549999999999999,"learning_curves":{"height":500,"_type":"image-file","sha256":"bd045555fd1c056d7ff2ddb4f978141e3cced365fb088a09c0553a678d774395","size":69013,"path":"media/images/learning_curves_17_bd045555fd1c056d7ff2.png","format":"png","width":1500},"test_accuracy":10.280000000000001,"epoch":14}