{"_wandb":{"runtime":22},"test_loss":0.15173825929693438,"train_accuracy":95.93518518518519,"learning_curves":{"format":"png","width":1500,"height":500,"_type":"image-file","sha256":"72b2b6980dd851a822745c0f5ff4cf82607a60a4e27af3d4160935a9a6ae14cd","size":47731,"path":"media/images/learning_curves_17_72b2b6980dd851a82274.png"},"sample_images":{"_type":"image-file","sha256":"57b003a7d23e5882d9ff9f9a6bb1d526260d55d6a1b1981a717e6d9dd04adab5","size":15278,"path":"media/images/sample_images_0_57b003a7d23e5882d9ff.png","format":"png","width":1200,"height":600},"epoch":14,"train_loss":0.14853385953798667,"_runtime":22.8100123,"val_accuracy":95.85000000000001,"_timestamp":1.7422144586447232e+09,"_step":17,"val_loss":0.15335318660350314,"test_accuracy":95.78999999999999}