{"test_loss":0.5319477065043059,"test_accuracy":88.86,"val_loss":0.5408113539706267,"_wandb":{"runtime":8},"train_loss":0.5723675816020544,"epoch":9,"_runtime":8.5999379,"_step":12,"_timestamp":1.742225348153746e+09,"train_accuracy":88,"val_accuracy":88.71666666666667,"sample_images":{"_type":"image-file","sha256":"57b003a7d23e5882d9ff9f9a6bb1d526260d55d6a1b1981a717e6d9dd04adab5","size":15278,"path":"media/images/sample_images_0_57b003a7d23e5882d9ff.png","format":"png","width":1200,"height":600},"learning_curves":{"path":"media/images/learning_curves_12_42428fa058dae5a3cd70.png","format":"png","width":1500,"height":500,"_type":"image-file","sha256":"42428fa058dae5a3cd7055b4c57359bc439199c697744a9dd49bf8f1740c50c7","size":60276}}