{"_timestamp":1.7422273657838678e+09,"_step":17,"train_loss":0.10840708495121902,"val_loss":0.09053916148175109,"train_accuracy":98.42037037037036,"_wandb":{"runtime":52},"sample_images":{"width":1200,"height":600,"_type":"image-file","sha256":"57b003a7d23e5882d9ff9f9a6bb1d526260d55d6a1b1981a717e6d9dd04adab5","size":15278,"path":"media/images/sample_images_0_57b003a7d23e5882d9ff.png","format":"png"},"val_accuracy":97.41666666666666,"epoch":14,"test_loss":0.08925241816927285,"_runtime":52.6561348,"learning_curves":{"_type":"image-file","sha256":"0e85f7a9e7d13c1c3ff778db5a5142e416aaa894a9b69aa618f45f5239f760c4","size":49928,"path":"media/images/learning_curves_17_0e85f7a9e7d13c1c3ff7.png","format":"png","width":1500,"height":500},"test_accuracy":97.27}