{"train_accuracy":79.61666666666667,"_wandb":{"runtime":16},"_runtime":16.9238458,"epoch":4,"learning_curves":{"sha256":"24cd5e933e593acc1f8c6503715a9adb4ac8a544268fdee4bcecae3155d5df53","size":50778,"path":"media/images/learning_curves_7_24cd5e933e593acc1f8c.png","format":"png","width":1500,"height":500,"_type":"image-file"},"sample_images":{"sha256":"77ee7a6052947e5d44d9fa2d7ba2735f1b3e51413e8c4eee21f851f552664b7b","size":31364,"path":"media/images/sample_images_0_77ee7a6052947e5d44d9.png","format":"png","width":1200,"height":600,"_type":"image-file"},"_step":7,"_timestamp":1.742223811224807e+09,"val_loss":0.5776091142329637,"test_loss":0.5987627721359091,"val_accuracy":79.3,"train_loss":0.579685200075311,"test_accuracy":79.09}