{"_step":12,"test_loss":0.11133708206764482,"test_accuracy":97.3,"train_accuracy":99.16111111111111,"val_accuracy":97.61666666666666,"epoch":9,"train_loss":0.025790029099430685,"sample_images":{"width":1200,"height":600,"_type":"image-file","sha256":"57b003a7d23e5882d9ff9f9a6bb1d526260d55d6a1b1981a717e6d9dd04adab5","size":15278,"path":"media/images/sample_images_0_57b003a7d23e5882d9ff.png","format":"png"},"_runtime":25.3704374,"_wandb":{"runtime":25},"learning_curves":{"format":"png","width":1500,"height":500,"_type":"image-file","sha256":"89d15f749c5b5b1361d4faf2ba9a80762936bc0fe6d48b923ae96aaf73d91e29","size":52473,"path":"media/images/learning_curves_12_89d15f749c5b5b1361d4.png"},"val_loss":0.09896324746680049,"_timestamp":1.7422106996410964e+09}