{"test_accuracy":91.53,"sample_images":{"width":1200,"height":600,"_type":"image-file","sha256":"57b003a7d23e5882d9ff9f9a6bb1d526260d55d6a1b1981a717e6d9dd04adab5","size":15278,"path":"media/images/sample_images_0_57b003a7d23e5882d9ff.png","format":"png"},"epoch":14,"val_loss":0.31243074304886614,"_runtime":18.266527,"train_accuracy":91.31296296296296,"test_loss":0.31560672461030637,"val_accuracy":91.38333333333334,"_wandb":{"runtime":18},"_step":17,"learning_curves":{"height":500,"_type":"image-file","sha256":"dce6cea423bcd552092eb0f8ca1685249703e2d4c3b5bdc98dbdaf5ac8addf4f","size":76122,"path":"media/images/learning_curves_17_dce6cea423bcd552092e.png","format":"png","width":1500},"_timestamp":1.742213681633939e+09,"train_loss":0.30412556396294943}