{"_runtime":30.5447002,"epoch":4,"test_loss":0.08937996607807311,"sample_images":{"width":1200,"height":600,"_type":"image-file","sha256":"57b003a7d23e5882d9ff9f9a6bb1d526260d55d6a1b1981a717e6d9dd04adab5","size":15278,"path":"media/images/sample_images_0_57b003a7d23e5882d9ff.png","format":"png"},"val_loss":0.09262844860681661,"train_accuracy":97.68333333333334,"test_accuracy":97.39999999999999,"_step":7,"train_loss":0.10499383070908765,"learning_curves":{"size":53025,"path":"media/images/learning_curves_7_0d1208515e0620f0faee.png","format":"png","width":1500,"height":500,"_type":"image-file","sha256":"0d1208515e0620f0faee8ae3f95f05183db4aaa044f4df98e27ecd19fbf89606"},"_wandb":{"runtime":30},"val_accuracy":97.6,"_timestamp":1.742225270330084e+09}