{"sample_images":{"_type":"image-file","sha256":"57b003a7d23e5882d9ff9f9a6bb1d526260d55d6a1b1981a717e6d9dd04adab5","size":15278,"path":"media/images/sample_images_0_57b003a7d23e5882d9ff.png","format":"png","width":1200,"height":600},"val_loss":1.8230390838503734,"test_loss":1.817653450690011,"_timestamp":1.7421862808074744e+09,"train_accuracy":51.101851851851855,"test_accuracy":52.59,"_runtime":9.2013284,"val_accuracy":52.53333333333333,"train_loss":1.8402162106363484,"learning_curves":{"format":"png","width":1500,"height":500,"_type":"image-file","sha256":"6257214b5119cd3bdacffaebb49cc77e24f645cec680ac8c8a7dfa2ee33ef895","size":61678,"path":"media/images/learning_curves_12_6257214b5119cd3bdacf.png"},"_wandb":{"runtime":9},"_step":12,"epoch":9}