{"val_accuracy":13.433333333333334,"test_loss":2.301494930563664,"train_loss":2.301842819763644,"learning_curves":{"path":"media/images/learning_curves_7_7770c0639335e0c63c5f.png","format":"png","width":1500,"height":500,"_type":"image-file","sha256":"7770c0639335e0c63c5f238132fdb1b08a32b010a903b13a675f71e5136c82e5","size":57680},"train_accuracy":13.612962962962962,"_wandb":{"runtime":15},"val_loss":2.301601782250034,"_runtime":15.156961,"_timestamp":1.7421428404410443e+09,"epoch":4,"test_accuracy":14.540000000000001,"_step":7,"sample_images":{"sha256":"77ee7a6052947e5d44d9fa2d7ba2735f1b3e51413e8c4eee21f851f552664b7b","size":31364,"path":"media/images/sample_images_0_77ee7a6052947e5d44d9.png","format":"png","width":1200,"height":600,"_type":"image-file"}}