{"test_accuracy":96.48,"sample_images":{"height":600,"_type":"image-file","sha256":"57b003a7d23e5882d9ff9f9a6bb1d526260d55d6a1b1981a717e6d9dd04adab5","size":15278,"path":"media/images/sample_images_0_57b003a7d23e5882d9ff.png","format":"png","width":1200},"val_loss":0.1264895579027604,"_step":17,"epoch":14,"val_accuracy":96.53333333333333,"_wandb":{"runtime":22},"train_accuracy":96.81296296296297,"train_loss":0.18539868087078276,"_runtime":22.7758832,"learning_curves":{"_type":"image-file","sha256":"d3689a958b857ecd2033cfd80298e49f5b44dd878d1c3c3e5df82f5899f893f0","size":57938,"path":"media/images/learning_curves_17_d3689a958b857ecd2033.png","format":"png","width":1500,"height":500},"_timestamp":1.7422156916991363e+09,"test_loss":0.1297567655904153}