{"epoch":14,"learning_curves":{"sha256":"a91fd2c214b23d97fadf3d7a3d70f39475dc60ae9aa4c59971fcdfb31a7b26e4","size":51277,"path":"media/images/learning_curves_17_a91fd2c214b23d97fadf.png","format":"png","width":1500,"height":500,"_type":"image-file"},"_timestamp":1.742187208204067e+09,"train_accuracy":94.74814814814815,"test_loss":0.19973561088116254,"_runtime":11.766653999999999,"val_loss":0.19356364283618802,"_wandb":{"runtime":11},"_step":17,"sample_images":{"width":1200,"height":600,"_type":"image-file","sha256":"57b003a7d23e5882d9ff9f9a6bb1d526260d55d6a1b1981a717e6d9dd04adab5","size":15278,"path":"media/images/sample_images_0_57b003a7d23e5882d9ff.png","format":"png"},"test_accuracy":94.39,"train_loss":0.19109324073556155,"val_accuracy":94.43333333333334}