{"_timestamp":1.7422156532646313e+09,"val_loss":0.13042567156213578,"val_accuracy":96.5,"test_loss":0.12447534590885813,"_step":17,"epoch":14,"train_loss":0.06521856060657523,"learning_curves":{"sha256":"0ad112f6f9c08c441a6fe59da64d9228374abfbe20e37d133d75955c6c8030aa","size":53209,"path":"media/images/learning_curves_17_0ad112f6f9c08c441a6f.png","format":"png","width":1500,"height":500,"_type":"image-file"},"train_accuracy":98.13703703703703,"_wandb":{"runtime":16},"test_accuracy":96.39999999999999,"sample_images":{"size":15278,"path":"media/images/sample_images_0_57b003a7d23e5882d9ff.png","format":"png","width":1200,"height":600,"_type":"image-file","sha256":"57b003a7d23e5882d9ff9f9a6bb1d526260d55d6a1b1981a717e6d9dd04adab5"},"_runtime":16.6781703}