{"epoch":14,"test_accuracy":84.66,"val_loss":0.39978120503849124,"sample_images":{"format":"png","width":1200,"height":600,"_type":"image-file","sha256":"77ee7a6052947e5d44d9fa2d7ba2735f1b3e51413e8c4eee21f851f552664b7b","size":31364,"path":"media/images/sample_images_0_77ee7a6052947e5d44d9.png"},"_timestamp":1.74159210826321e+09,"_step":17,"_wandb":{"runtime":21},"_runtime":21.3201509,"val_accuracy":85.65,"train_accuracy":85.87962962962963,"learning_curves":{"path":"media/images/learning_curves_17_f25b308c6b036c5a4228.png","format":"png","width":1500,"height":500,"_type":"image-file","sha256":"f25b308c6b036c5a4228183f7765e5d37f1913ca3ae9d266e756712ca3a36544","size":67612},"train_loss":0.454312925843055,"test_loss":0.42516951290848304}