{"train_accuracy":95.93888888888888,"val_accuracy":95.39999999999999,"sample_images":{"_type":"image-file","sha256":"57b003a7d23e5882d9ff9f9a6bb1d526260d55d6a1b1981a717e6d9dd04adab5","size":15278,"path":"media/images/sample_images_0_57b003a7d23e5882d9ff.png","format":"png","width":1200,"height":600},"_step":12,"test_accuracy":95.54,"_timestamp":1.7421882943546534e+09,"_wandb":{"runtime":20},"learning_curves":{"format":"png","width":1500,"height":500,"_type":"image-file","sha256":"7f989a465a3dc15d6ba687549ffc42e154d3f77e1f2dcf6ff4b5479729cec8a8","size":51795,"path":"media/images/learning_curves_12_7f989a465a3dc15d6ba6.png"},"test_loss":0.15157238859472055,"epoch":9,"train_loss":0.151944772625151,"_runtime":20.6833275,"val_loss":0.15628432163913103}