{"_timestamp":1.7415889100569618e+09,"val_accuracy":9.833333333333332,"val_loss":2.302845569022401,"_wandb":{"runtime":41},"_step":17,"_runtime":41.5263839,"learning_curves":{"height":500,"_type":"image-file","sha256":"a7fc1a2c5953a4198276f5e4d6df0f728bd1a2839c3e578c317821fc100ee662","size":86671,"path":"media/images/learning_curves_17_a7fc1a2c5953a4198276.png","format":"png","width":1500},"train_loss":2.3029829378046163,"test_accuracy":10,"test_loss":2.3028019429782702,"sample_images":{"size":31364,"path":"media/images/sample_images_0_77ee7a6052947e5d44d9.png","format":"png","width":1200,"height":600,"_type":"image-file","sha256":"77ee7a6052947e5d44d9fa2d7ba2735f1b3e51413e8c4eee21f851f552664b7b"},"epoch":14,"train_accuracy":9.883333333333333}