{"_timestamp":1.7422071944963453e+09,"epoch":14,"train_accuracy":11.274074074074074,"_wandb":{"runtime":29},"test_loss":2.30104773612994,"_step":17,"sample_images":{"_type":"image-file","sha256":"57b003a7d23e5882d9ff9f9a6bb1d526260d55d6a1b1981a717e6d9dd04adab5","size":15278,"path":"media/images/sample_images_0_57b003a7d23e5882d9ff.png","format":"png","width":1200,"height":600},"learning_curves":{"height":500,"_type":"image-file","sha256":"cee90fc29e6e45b5f39b838beee9c499c3b784e0e9172e682d92653e48dc73b8","size":50053,"path":"media/images/learning_curves_17_cee90fc29e6e45b5f39b.png","format":"png","width":1500},"_runtime":29.0607634,"val_accuracy":10.9,"test_accuracy":11.35,"train_loss":2.3012036982948634,"val_loss":2.3020136781448346}