{"epoch":14,"val_loss":0.10388062568458319,"_wandb":{"runtime":22},"train_loss":0.07156955616903608,"val_accuracy":96.98333333333333,"learning_curves":{"path":"media/images/learning_curves_17_98e87b4312c769e7bf9a.png","format":"png","width":1500,"height":500,"_type":"image-file","sha256":"98e87b4312c769e7bf9ae57c2fd59745426686c048af69c2643c327e6cd62295","size":47727},"_timestamp":1.7422133474401286e+09,"_step":17,"_runtime":22.9368046,"train_accuracy":98.20740740740742,"test_loss":0.11135000607601307,"test_accuracy":96.69,"sample_images":{"path":"media/images/sample_images_0_57b003a7d23e5882d9ff.png","format":"png","width":1200,"height":600,"_type":"image-file","sha256":"57b003a7d23e5882d9ff9f9a6bb1d526260d55d6a1b1981a717e6d9dd04adab5","size":15278}}