{"epoch":9,"val_loss":0.3243996457306452,"val_accuracy":90.88333333333334,"train_accuracy":91.1462962962963,"learning_curves":{"format":"png","width":1500,"height":500,"_type":"image-file","sha256":"b81cbab6abaa94e4cf9474605dc4c8725b6bf8ce65c88cfac944d38498f63cf5","size":58411,"path":"media/images/learning_curves_12_b81cbab6abaa94e4cf94.png"},"sample_images":{"size":15278,"path":"media/images/sample_images_0_57b003a7d23e5882d9ff.png","format":"png","width":1200,"height":600,"_type":"image-file","sha256":"57b003a7d23e5882d9ff9f9a6bb1d526260d55d6a1b1981a717e6d9dd04adab5"},"_wandb":{"runtime":10},"_timestamp":1.7421391612798734e+09,"test_accuracy":90.44,"_step":12,"train_loss":0.3150652418761855,"test_loss":0.3346105337199207,"_runtime":10.9211123}