{"learning_curves":{"_type":"image-file","sha256":"13c1c553cdb7f660289f69b5aba255decafb9244039410f4b58802d937b2df01","size":47623,"path":"media/images/learning_curves_17_13c1c553cdb7f660289f.png","format":"png","width":1500,"height":500},"train_loss":0.2543451404832081,"sample_images":{"format":"png","width":1200,"height":600,"_type":"image-file","sha256":"57b003a7d23e5882d9ff9f9a6bb1d526260d55d6a1b1981a717e6d9dd04adab5","size":15278,"path":"media/images/sample_images_0_57b003a7d23e5882d9ff.png"},"test_accuracy":92.72,"val_loss":0.26382849390461593,"test_loss":0.2650121375545251,"_timestamp":1.7422122634027073e+09,"_runtime":21.6009934,"train_accuracy":92.93333333333334,"_step":17,"val_accuracy":92.80000000000001,"epoch":14,"_wandb":{"runtime":21}}