{"sample_images":{"width":1200,"height":600,"_type":"image-file","sha256":"57b003a7d23e5882d9ff9f9a6bb1d526260d55d6a1b1981a717e6d9dd04adab5","size":15278,"path":"media/images/sample_images_0_57b003a7d23e5882d9ff.png","format":"png"},"test_loss":0.2327197765063736,"_wandb":{"runtime":34},"train_loss":0.16594377856081716,"val_accuracy":95.55,"_timestamp":1.7422098058206723e+09,"learning_curves":{"format":"png","width":1500,"height":500,"_type":"image-file","sha256":"5031dbaf3056c0b558224b6d3a334385e676328fea4ec4078246d798ecc75b22","size":72416,"path":"media/images/learning_curves_17_5031dbaf3056c0b55822.png"},"epoch":14,"val_loss":0.24461960009038547,"_runtime":33.9948552,"train_accuracy":96.94074074074074,"test_accuracy":95.82000000000001,"_step":17}