{"_step":12,"_runtime":14.853561299999999,"test_loss":0.14163595153532485,"learning_curves":{"width":1500,"height":500,"_type":"image-file","sha256":"2de2e3a68e3e5c6d730a55e6b6dfd08b1e5f6fcaa0c6ea66569a30fa62e74429","size":46787,"path":"media/images/learning_curves_12_2de2e3a68e3e5c6d730a.png","format":"png"},"epoch":9,"val_loss":0.14600805067217384,"test_accuracy":95.92,"_timestamp":1.7421398684514813e+09,"val_accuracy":95.7,"_wandb":{"runtime":15},"train_accuracy":95.96111111111111,"train_loss":0.14188062151040448,"sample_images":{"sha256":"57b003a7d23e5882d9ff9f9a6bb1d526260d55d6a1b1981a717e6d9dd04adab5","size":15278,"path":"media/images/sample_images_0_57b003a7d23e5882d9ff.png","format":"png","width":1200,"height":600,"_type":"image-file"}}