{"val_loss":0.3347306355853727,"_runtime":4.1663881,"train_loss":0.349266412224441,"train_accuracy":90.0425925925926,"_wandb":{"runtime":4},"test_accuracy":90.73,"_step":7,"test_loss":0.3265914861958177,"learning_curves":{"path":"media/images/learning_curves_7_1784c7bb5fd8fd7006f0.png","format":"png","width":1500,"height":500,"_type":"image-file","sha256":"1784c7bb5fd8fd7006f0abcac0205b7f06195e2cdda2cb6ff0500b0ef366ef5e","size":51243},"epoch":4,"_timestamp":1.742185736090988e+09,"val_accuracy":90.51666666666667,"sample_images":{"sha256":"57b003a7d23e5882d9ff9f9a6bb1d526260d55d6a1b1981a717e6d9dd04adab5","size":15278,"path":"media/images/sample_images_0_57b003a7d23e5882d9ff.png","format":"png","width":1200,"height":600,"_type":"image-file"}}