{"test_accuracy":94.69999999999999,"_wandb":{"runtime":14},"learning_curves":{"format":"png","width":1500,"height":500,"_type":"image-file","sha256":"aad76d643729951e0a164fe6d87499930bbbe32de7ae0d0a6dbd837bbcdb96e3","size":53708,"path":"media/images/learning_curves_12_aad76d643729951e0a16.png"},"test_loss":0.17953789790605476,"train_loss":0.17647789278667378,"val_loss":0.17366517989512922,"train_accuracy":95.1,"sample_images":{"width":1200,"height":600,"_type":"image-file","sha256":"57b003a7d23e5882d9ff9f9a6bb1d526260d55d6a1b1981a717e6d9dd04adab5","size":15278,"path":"media/images/sample_images_0_57b003a7d23e5882d9ff.png","format":"png"},"_timestamp":1.7421877700874014e+09,"val_accuracy":94.95,"_step":12,"epoch":9,"_runtime":14.2238915}