{"sample_images":{"width":1200,"height":600,"_type":"image-file","sha256":"57b003a7d23e5882d9ff9f9a6bb1d526260d55d6a1b1981a717e6d9dd04adab5","size":15278,"path":"media/images/sample_images_0_57b003a7d23e5882d9ff.png","format":"png"},"_runtime":16.1498967,"test_accuracy":96.89,"_wandb":{"runtime":16},"epoch":4,"train_loss":0.14270859579713555,"val_loss":0.10079288943753058,"test_loss":0.09945266439518402,"learning_curves":{"size":50448,"path":"media/images/learning_curves_7_8e1c1be097ef7bda577c.png","format":"png","width":1500,"height":500,"_type":"image-file","sha256":"8e1c1be097ef7bda577c3c59957bcb9a9e38472709d7b05d51b3163d5a08075c"},"train_accuracy":97.29074074074074,"_timestamp":1.7422241252181807e+09,"val_accuracy":97.13333333333334,"_step":7}