{"val_loss":1.053762444279739,"train_accuracy":76.40370370370371,"_step":12,"train_loss":1.1090127887092864,"val_accuracy":76.58333333333334,"_wandb":{"runtime":14},"_runtime":14.8847118,"epoch":9,"sample_images":{"width":1200,"height":600,"_type":"image-file","sha256":"57b003a7d23e5882d9ff9f9a6bb1d526260d55d6a1b1981a717e6d9dd04adab5","size":15278,"path":"media/images/sample_images_0_57b003a7d23e5882d9ff.png","format":"png"},"_timestamp":1.7415894952961e+09,"test_loss":1.0332615008196937,"test_accuracy":77.45,"learning_curves":{"path":"media/images/learning_curves_12_eebf2e640ec8b88bc104.png","format":"png","width":1500,"height":500,"_type":"image-file","sha256":"eebf2e640ec8b88bc1044f90c409b63445787ee447d217816223c01fe275f3ba","size":59525}}