{"epoch":9,"_timestamp":1.7421424291650267e+09,"_wandb":{"runtime":36},"test_loss":0.3584222625438543,"train_accuracy":90.01296296296296,"_step":12,"val_accuracy":87.66666666666667,"train_loss":0.272742813294632,"val_loss":0.34263420130914174,"_runtime":36.7158235,"learning_curves":{"path":"media/images/learning_curves_12_90039b6dd30cb29b7e6a.png","format":"png","width":1500,"height":500,"_type":"image-file","sha256":"90039b6dd30cb29b7e6abe6cb610825d9c137a79d34c34f1a00015c8fafd42d4","size":52899},"test_accuracy":87.02,"sample_images":{"_type":"image-file","sha256":"77ee7a6052947e5d44d9fa2d7ba2735f1b3e51413e8c4eee21f851f552664b7b","size":31364,"path":"media/images/sample_images_0_77ee7a6052947e5d44d9.png","format":"png","width":1200,"height":600}}