{"sample_images":{"width":1200,"height":600,"_type":"image-file","sha256":"57b003a7d23e5882d9ff9f9a6bb1d526260d55d6a1b1981a717e6d9dd04adab5","size":15278,"path":"media/images/sample_images_0_57b003a7d23e5882d9ff.png","format":"png"},"train_loss":109.75199584912569,"train_accuracy":77.63888888888889,"_timestamp":1.742139363434943e+09,"_runtime":40.6455771,"val_accuracy":82.75,"test_accuracy":83.05,"learning_curves":{"_type":"image-file","sha256":"971cab9a6fa6fca37bc7b1fde0d681bbd8115f0f659d8b4209ecbbb2a21c06c7","size":75497,"path":"media/images/learning_curves_17_971cab9a6fa6fca37bc7.png","format":"png","width":1500,"height":500},"test_loss":5.975128530742155,"_step":17,"val_loss":6.170025947871206,"epoch":14,"_wandb":{"runtime":40}}