{"train_accuracy":95.29444444444445,"val_accuracy":95.28333333333333,"_timestamp":1.742215268384357e+09,"sample_images":{"path":"media/images/sample_images_0_57b003a7d23e5882d9ff.png","format":"png","width":1200,"height":600,"_type":"image-file","sha256":"57b003a7d23e5882d9ff9f9a6bb1d526260d55d6a1b1981a717e6d9dd04adab5","size":15278},"val_loss":0.16471338027360133,"epoch":14,"train_loss":0.16478558886195252,"learning_curves":{"path":"media/images/learning_curves_17_2eb3b3286b19e1cd88f7.png","format":"png","width":1500,"height":500,"_type":"image-file","sha256":"2eb3b3286b19e1cd88f720e87dfa4cb746e9dc61d64c6d6d70f3e9855fde2684","size":47375},"test_loss":0.1648206887308873,"_step":17,"_wandb":{"runtime":19},"_runtime":19.8591289,"test_accuracy":95.17999999999999}