{"learning_curves":{"height":500,"_type":"image-file","sha256":"d6dee20a82b82da6eef8eb7a96451439d8c36dbb5afb70ec859ff4205c9d512e","size":63116,"path":"media/images/learning_curves_7_d6dee20a82b82da6eef8.png","format":"png","width":1500},"sample_images":{"sha256":"57b003a7d23e5882d9ff9f9a6bb1d526260d55d6a1b1981a717e6d9dd04adab5","size":15278,"path":"media/images/sample_images_0_57b003a7d23e5882d9ff.png","format":"png","width":1200,"height":600,"_type":"image-file"},"val_accuracy":50.14999999999999,"_wandb":{"runtime":3},"_step":7,"val_loss":2.281005823341446,"_timestamp":1.7422239061300292e+09,"train_loss":2.2845151186033967,"train_accuracy":50.151851851851845,"test_loss":2.27997376450134,"_runtime":3.7447353,"epoch":4,"test_accuracy":51.17}