{"epoch":14,"test_accuracy":94.49,"train_accuracy":94.8962962962963,"val_accuracy":94.51666666666667,"learning_curves":{"format":"png","width":1500,"height":500,"_type":"image-file","sha256":"94d12cd53d432d3560561de35d202c729563b7835febe87062eb202f896b2252","size":50224,"path":"media/images/learning_curves_17_94d12cd53d432d356056.png"},"test_loss":0.18331515403029874,"_runtime":28.385865,"_wandb":{"runtime":28},"_timestamp":1.742188741532632e+09,"val_loss":0.18583806540906891,"_step":17,"sample_images":{"width":1200,"height":600,"_type":"image-file","sha256":"57b003a7d23e5882d9ff9f9a6bb1d526260d55d6a1b1981a717e6d9dd04adab5","size":15278,"path":"media/images/sample_images_0_57b003a7d23e5882d9ff.png","format":"png"},"train_loss":0.17868764534190004}