{"_step":17,"test_accuracy":92.31,"_timestamp":1.742222847052711e+09,"test_loss":0.2770601090260772,"_runtime":17.2532659,"sample_images":{"format":"png","width":1200,"height":600,"_type":"image-file","sha256":"57b003a7d23e5882d9ff9f9a6bb1d526260d55d6a1b1981a717e6d9dd04adab5","size":15278,"path":"media/images/sample_images_0_57b003a7d23e5882d9ff.png"},"epoch":14,"train_accuracy":92.41296296296296,"val_accuracy":92.08333333333333,"_wandb":{"runtime":17},"val_loss":0.2795522825539752,"train_loss":0.29383510170655613,"learning_curves":{"_type":"image-file","sha256":"6455f81c1bdaa38c6d7b7c6eedda4b67b8179ecd50dd703fb7ebe3f69d6d3bf7","size":56312,"path":"media/images/learning_curves_17_6455f81c1bdaa38c6d7b.png","format":"png","width":1500,"height":500}}