{"_runtime":18.470708,"epoch":9,"train_loss":0.16438036497427186,"val_accuracy":95.03333333333333,"learning_curves":{"path":"media/images/learning_curves_12_be37d37f505083f049bc.png","format":"png","width":1500,"height":500,"_type":"image-file","sha256":"be37d37f505083f049bcc443416feccb16e5e116dd7b26ffcbd18a59194d5f07","size":61111},"_wandb":{"runtime":18},"_step":12,"_timestamp":1.742226875353868e+09,"val_loss":0.2433030056053002,"test_accuracy":95.36,"test_loss":0.22804592994529635,"train_accuracy":96.16666666666667,"sample_images":{"size":15278,"path":"media/images/sample_images_0_57b003a7d23e5882d9ff.png","format":"png","width":1200,"height":600,"_type":"image-file","sha256":"57b003a7d23e5882d9ff9f9a6bb1d526260d55d6a1b1981a717e6d9dd04adab5"}}