{"epoch":9,"val_loss":0.1746928594317628,"test_loss":0.17850939260605958,"_runtime":12.0746966,"train_accuracy":94.92777777777778,"val_accuracy":94.65,"_wandb":{"runtime":12},"_step":12,"_timestamp":1.7422245004438088e+09,"train_loss":0.20414226160240992,"sample_images":{"path":"media/images/sample_images_0_57b003a7d23e5882d9ff.png","format":"png","width":1200,"height":600,"_type":"image-file","sha256":"57b003a7d23e5882d9ff9f9a6bb1d526260d55d6a1b1981a717e6d9dd04adab5","size":15278},"test_accuracy":94.57,"learning_curves":{"_type":"image-file","sha256":"edeadbe4002fb5dc9daa3b396ac44a47996d2183c8f1422768c0b3f0971708ac","size":48624,"path":"media/images/learning_curves_12_edeadbe4002fb5dc9daa.png","format":"png","width":1500,"height":500}}