{"_wandb":{"runtime":18},"val_accuracy":96.85000000000001,"_step":17,"epoch":14,"test_loss":0.10344394375371486,"test_accuracy":96.76,"learning_curves":{"sha256":"7f967ca208a7509619e8b5a1eda9e1e44c175ee619480ff13f45a9f083a2c81d","size":53244,"path":"media/images/learning_curves_17_7f967ca208a7509619e8.png","format":"png","width":1500,"height":500,"_type":"image-file"},"train_accuracy":98.31481481481481,"_timestamp":1.7421880773862407e+09,"_runtime":18.9174857,"val_loss":0.11120915214498885,"sample_images":{"size":15278,"path":"media/images/sample_images_0_57b003a7d23e5882d9ff.png","format":"png","width":1200,"height":600,"_type":"image-file","sha256":"57b003a7d23e5882d9ff9f9a6bb1d526260d55d6a1b1981a717e6d9dd04adab5"},"train_loss":0.06721850670665035}