{"_step":12,"learning_curves":{"height":500,"_type":"image-file","sha256":"37edcbe651089d8f487388b6dea2863602d17708a0c2a43cf73980fd04b9526b","size":58031,"path":"media/images/learning_curves_12_37edcbe651089d8f4873.png","format":"png","width":1500},"_timestamp":1.7421407366349757e+09,"train_loss":0.4399621587356749,"epoch":9,"test_accuracy":82.83,"test_loss":0.47872244699751637,"val_loss":0.4626795575346167,"val_accuracy":83.61666666666666,"_wandb":{"runtime":36},"_runtime":36.6090368,"train_accuracy":85.67037037037038,"sample_images":{"height":600,"_type":"image-file","sha256":"77ee7a6052947e5d44d9fa2d7ba2735f1b3e51413e8c4eee21f851f552664b7b","size":31364,"path":"media/images/sample_images_0_77ee7a6052947e5d44d9.png","format":"png","width":1200}}