{"_timestamp":1.7422070615007372e+09,"train_loss":2.2435761207555696,"_runtime":97.7156083,"_step":12,"epoch":9,"test_accuracy":15.97,"val_accuracy":15.8,"val_loss":2.354773388277386,"train_accuracy":22.890740740740743,"_wandb":{"runtime":98},"sample_images":{"sha256":"77ee7a6052947e5d44d9fa2d7ba2735f1b3e51413e8c4eee21f851f552664b7b","size":31364,"path":"media/images/sample_images_0_77ee7a6052947e5d44d9.png","format":"png","width":1200,"height":600,"_type":"image-file"},"test_loss":2.3424794438409395,"learning_curves":{"size":65285,"path":"media/images/learning_curves_12_eaa55c0aaa6d7a9ade93.png","format":"png","width":1500,"height":500,"_type":"image-file","sha256":"eaa55c0aaa6d7a9ade93e07cd2c38dd0c96bbc70c3b5422d22a03b3e017bd02f"}}