{"val_loss":0.14396314183502487,"test_accuracy":95.96000000000001,"_wandb":{"runtime":10},"_runtime":10.1661688,"train_accuracy":95.90555555555555,"test_loss":0.1389923091426242,"val_accuracy":96.03333333333333,"learning_curves":{"height":500,"_type":"image-file","sha256":"bb8b4ad1f4c74015b400418ff94c65e17bd47c0908f02589a85aa958c9cebac5","size":58482,"path":"media/images/learning_curves_7_bb8b4ad1f4c74015b400.png","format":"png","width":1500},"sample_images":{"format":"png","width":1200,"height":600,"_type":"image-file","sha256":"57b003a7d23e5882d9ff9f9a6bb1d526260d55d6a1b1981a717e6d9dd04adab5","size":15278,"path":"media/images/sample_images_0_57b003a7d23e5882d9ff.png"},"_timestamp":1.7421374088408606e+09,"train_loss":0.14435569355367706,"_step":7,"epoch":4}