{"test_accuracy":21.89,"sample_images":{"sha256":"77ee7a6052947e5d44d9fa2d7ba2735f1b3e51413e8c4eee21f851f552664b7b","size":31364,"path":"media/images/sample_images_0_77ee7a6052947e5d44d9.png","format":"png","width":1200,"height":600,"_type":"image-file"},"_runtime":6.8805477,"_step":7,"train_loss":1.7049622476851456,"epoch":4,"_timestamp":1.7421856876707168e+09,"_wandb":{"runtime":6},"train_accuracy":21.17037037037037,"val_accuracy":21.233333333333334,"test_loss":1.6963205090083653,"val_loss":1.6984737315882195,"learning_curves":{"height":500,"_type":"image-file","sha256":"942c8308179e9f6ec6b262793aa646d01f18fb23797c2e6cba801c92ff034402","size":57107,"path":"media/images/learning_curves_7_942c8308179e9f6ec6b2.png","format":"png","width":1500}}