{"_runtime":49.5369162,"train_accuracy":92.9462962962963,"val_loss":0.26520419115926536,"_wandb":{"runtime":49},"test_loss":0.26719800574504554,"_timestamp":1.7421872721097093e+09,"learning_curves":{"format":"png","width":1500,"height":500,"_type":"image-file","sha256":"37c2059e2b292b401571cdb40b4b9997d82a4f89ebdc3e509fcc5e4e359919a0","size":49459,"path":"media/images/learning_curves_17_37c2059e2b292b401571.png"},"epoch":14,"sample_images":{"_type":"image-file","sha256":"57b003a7d23e5882d9ff9f9a6bb1d526260d55d6a1b1981a717e6d9dd04adab5","size":15278,"path":"media/images/sample_images_0_57b003a7d23e5882d9ff.png","format":"png","width":1200,"height":600},"train_loss":0.2965801051929903,"test_accuracy":92.60000000000001,"_step":17,"val_accuracy":92.61666666666667}