{"epoch":4,"val_accuracy":97.28333333333333,"_timestamp":1.7421419979800458e+09,"_step":7,"val_loss":0.0870294382626008,"train_accuracy":97.97962962962963,"_runtime":18.3386545,"test_loss":0.08853287412031563,"learning_curves":{"size":54358,"path":"media/images/learning_curves_7_d36f0108a8a5a1e6388b.png","format":"png","width":1500,"height":500,"_type":"image-file","sha256":"d36f0108a8a5a1e6388b2b44035bf6209cc9a05949aafa2de44582b75acf8bbe"},"train_loss":0.11123743542082863,"_wandb":{"runtime":18},"test_accuracy":97.2,"sample_images":{"width":1200,"height":600,"_type":"image-file","sha256":"57b003a7d23e5882d9ff9f9a6bb1d526260d55d6a1b1981a717e6d9dd04adab5","size":15278,"path":"media/images/sample_images_0_57b003a7d23e5882d9ff.png","format":"png"}}