{"_step":17,"test_loss":0.48479183830851624,"test_accuracy":83.72,"_wandb":{"runtime":35},"train_loss":0.4029109860420311,"train_accuracy":85.93703703703703,"val_loss":0.449123983904768,"_timestamp":1.7421383442626252e+09,"_runtime":34.6503554,"epoch":14,"sample_images":{"width":1200,"height":600,"_type":"image-file","sha256":"77ee7a6052947e5d44d9fa2d7ba2735f1b3e51413e8c4eee21f851f552664b7b","size":31364,"path":"media/images/sample_images_0_77ee7a6052947e5d44d9.png","format":"png"},"val_accuracy":84.78333333333333,"learning_curves":{"_type":"image-file","sha256":"c3766730c579b5b7b4efadbab002cc78691395e6400f7f2df77e333c0f5c4030","size":70100,"path":"media/images/learning_curves_17_c3766730c579b5b7b4ef.png","format":"png","width":1500,"height":500}}