{"_timestamp":1.7422270639298186e+09,"learning_curves":{"_type":"image-file","sha256":"55ed3dc788410d596f0d1f9f4d299cc291fec91805d697c3074ca6727fb76277","size":52134,"path":"media/images/learning_curves_12_55ed3dc788410d596f0d.png","format":"png","width":1500,"height":500},"train_accuracy":98.93148148148148,"train_loss":0.04386527192222295,"test_accuracy":97.55,"test_loss":0.08542938721762873,"_step":12,"val_accuracy":97.71666666666667,"val_loss":0.08953776077267346,"_wandb":{"runtime":20},"sample_images":{"height":600,"_type":"image-file","sha256":"57b003a7d23e5882d9ff9f9a6bb1d526260d55d6a1b1981a717e6d9dd04adab5","size":15278,"path":"media/images/sample_images_0_57b003a7d23e5882d9ff.png","format":"png","width":1200},"_runtime":20.681381299999998,"epoch":9}