{"train_loss":2.302571106867574,"val_loss":2.302641143920104,"learning_curves":{"height":500,"_type":"image-file","sha256":"63b4e2b8dab1971403032e916ecdc8a5d7f4ad6f09be7443bbd6202bab6e5545","size":42992,"path":"media/images/learning_curves_17_63b4e2b8dab197140303.png","format":"png","width":1500},"_runtime":16.1299016,"epoch":14,"sample_images":{"sha256":"77ee7a6052947e5d44d9fa2d7ba2735f1b3e51413e8c4eee21f851f552664b7b","size":31364,"path":"media/images/sample_images_0_77ee7a6052947e5d44d9.png","format":"png","width":1200,"height":600,"_type":"image-file"},"_step":17,"test_loss":2.3025746504859184,"_wandb":{"runtime":16},"val_accuracy":9.166666666666666,"_timestamp":1.7421391841443057e+09,"train_accuracy":10.092592592592593,"test_accuracy":10}