{"train_loss":1.1098757866431397,"learning_curves":{"size":59890,"path":"media/images/learning_curves_17_333e79c3b59072ac3195.png","format":"png","width":1500,"height":500,"_type":"image-file","sha256":"333e79c3b59072ac31956a1e5b83b13943d641a825ad11e00bae44120b4069a2"},"_wandb":{"runtime":13},"_step":17,"sample_images":{"height":600,"_type":"image-file","sha256":"77ee7a6052947e5d44d9fa2d7ba2735f1b3e51413e8c4eee21f851f552664b7b","size":31364,"path":"media/images/sample_images_0_77ee7a6052947e5d44d9.png","format":"png","width":1200},"val_loss":1.1022813730008207,"test_loss":1.1036891521803758,"test_accuracy":65.5,"_runtime":13.6133494,"val_accuracy":65.9,"_timestamp":1.7421403109650228e+09,"train_accuracy":66.33333333333333,"epoch":14}