{"test_accuracy":94.38,"val_loss":0.1965146212563322,"_wandb":{"runtime":25},"train_loss":0.20100608399283715,"sample_images":{"height":600,"_type":"image-file","sha256":"57b003a7d23e5882d9ff9f9a6bb1d526260d55d6a1b1981a717e6d9dd04adab5","size":15278,"path":"media/images/sample_images_0_57b003a7d23e5882d9ff.png","format":"png","width":1200},"epoch":14,"_step":17,"val_accuracy":94.41666666666667,"test_loss":0.19147005368887518,"train_accuracy":94.36666666666666,"_timestamp":1.7422267108324373e+09,"_runtime":25.3316103,"learning_curves":{"sha256":"d47529996312b3e340a8802c7c9044293e6118a8c67a082d1a3cf5e379bab203","size":52628,"path":"media/images/learning_curves_17_d47529996312b3e340a8.png","format":"png","width":1500,"height":500,"_type":"image-file"}}