{"sample_images":{"path":"media/images/sample_images_0_57b003a7d23e5882d9ff.png","format":"png","width":1200,"height":600,"_type":"image-file","sha256":"57b003a7d23e5882d9ff9f9a6bb1d526260d55d6a1b1981a717e6d9dd04adab5","size":15278},"test_loss":0.3106076104389746,"learning_curves":{"sha256":"7ba211610329a3e458a98dd5b2d282a931774a310063618a1461266e26121923","size":55595,"path":"media/images/learning_curves_12_7ba211610329a3e458a9.png","format":"png","width":1500,"height":500,"_type":"image-file"},"val_loss":0.3038741813618507,"_wandb":{"runtime":42},"val_accuracy":91.56666666666666,"test_accuracy":91.41,"_runtime":42.0805942,"epoch":9,"_step":12,"train_loss":0.35901930537212606,"train_accuracy":91.02222222222223,"_timestamp":1.7422276905233011e+09}