{"test_accuracy":87.75,"test_loss":2.63102026023097,"val_accuracy":87.38333333333334,"train_loss":3.670408074654564,"_runtime":6.7136372,"val_loss":2.4851001422561465,"sample_images":{"height":600,"_type":"image-file","sha256":"57b003a7d23e5882d9ff9f9a6bb1d526260d55d6a1b1981a717e6d9dd04adab5","size":15278,"path":"media/images/sample_images_0_57b003a7d23e5882d9ff.png","format":"png","width":1200},"epoch":4,"learning_curves":{"_type":"image-file","sha256":"6e09e8640321bfa240d65c29a73062fbcfc7902f788be35e79e7b02932724d95","size":54193,"path":"media/images/learning_curves_7_6e09e8640321bfa240d6.png","format":"png","width":1500,"height":500},"_wandb":{"runtime":6},"train_accuracy":83.69444444444444,"_timestamp":1.7421889198131092e+09,"_step":7}