{"_timestamp":1.7422243942986052e+09,"_step":12,"learning_curves":{"size":55036,"path":"media/images/learning_curves_12_a228825206e581e7cd50.png","format":"png","width":1500,"height":500,"_type":"image-file","sha256":"a228825206e581e7cd50c9b79274b89a957d2ba763ca58d9c8f9cfb956c24c3d"},"train_loss":0.36725781137575403,"test_loss":0.3629341482201053,"train_accuracy":88.79629629629629,"_wandb":{"runtime":35},"test_accuracy":86.76,"_runtime":35.0627464,"epoch":9,"sample_images":{"height":600,"_type":"image-file","sha256":"77ee7a6052947e5d44d9fa2d7ba2735f1b3e51413e8c4eee21f851f552664b7b","size":31364,"path":"media/images/sample_images_0_77ee7a6052947e5d44d9.png","format":"png","width":1200},"val_accuracy":88.3,"val_loss":0.33017499911416714}