{"_timestamp":1.7422140682214034e+09,"train_loss":0.046580798491381206,"val_accuracy":98,"test_loss":0.08013446799816865,"train_accuracy":99.44074074074074,"learning_curves":{"width":1500,"height":500,"_type":"image-file","sha256":"cc89d923c2962f012860a995b89d39ce0405c9ef6b4dfc17a38ac0cfa1316888","size":50058,"path":"media/images/learning_curves_17_cc89d923c2962f012860.png","format":"png"},"val_loss":0.07561503072440547,"test_accuracy":97.61,"_wandb":{"runtime":48},"_step":17,"epoch":14,"sample_images":{"width":1200,"height":600,"_type":"image-file","sha256":"57b003a7d23e5882d9ff9f9a6bb1d526260d55d6a1b1981a717e6d9dd04adab5","size":15278,"path":"media/images/sample_images_0_57b003a7d23e5882d9ff.png","format":"png"},"_runtime":48.8501445}