{"train_accuracy":31.907407407407405,"test_accuracy":36.22,"val_loss":2.27230798764034,"_wandb":{"runtime":12},"val_accuracy":35.15,"train_loss":2.2763261210752717,"sample_images":{"height":600,"_type":"image-file","sha256":"77ee7a6052947e5d44d9fa2d7ba2735f1b3e51413e8c4eee21f851f552664b7b","size":31364,"path":"media/images/sample_images_0_77ee7a6052947e5d44d9.png","format":"png","width":1200},"_timestamp":1.7421856288332608e+09,"_step":7,"learning_curves":{"height":500,"_type":"image-file","sha256":"aeb75143aae41d14e522e02f8ad50ae0a106473fafdce55ee959e21c5a997a99","size":62694,"path":"media/images/learning_curves_7_aeb75143aae41d14e522.png","format":"png","width":1500},"test_loss":2.271714569929958,"_runtime":12.6152709,"epoch":4}