{"_runtime":23.4466125,"train_loss":0.13782001764560486,"epoch":9,"_wandb":{"runtime":23},"test_accuracy":95.93,"sample_images":{"height":600,"_type":"image-file","sha256":"57b003a7d23e5882d9ff9f9a6bb1d526260d55d6a1b1981a717e6d9dd04adab5","size":15278,"path":"media/images/sample_images_0_57b003a7d23e5882d9ff.png","format":"png","width":1200},"test_loss":0.13417845155720864,"_step":12,"learning_curves":{"format":"png","width":1500,"height":500,"_type":"image-file","sha256":"48f00d67680b300c486a98996cc8c282781b39306c92525b43bbfc6bf9e6cbe2","size":51610,"path":"media/images/learning_curves_12_48f00d67680b300c486a.png"},"val_accuracy":96,"val_loss":0.13774382273296945,"train_accuracy":96.23518518518519,"_timestamp":1.7421879542036445e+09}