{"_runtime":10.839105,"test_loss":2.305753965340787,"_step":7,"val_accuracy":10.549999999999999,"learning_curves":{"sha256":"791c2c15baba1b008da5211250a17a7c977c1edb91f4b73366f3a99f05f914ce","size":60626,"path":"media/images/learning_curves_7_791c2c15baba1b008da5.png","format":"png","width":1500,"height":500,"_type":"image-file"},"_wandb":{"runtime":10},"sample_images":{"width":1200,"height":600,"_type":"image-file","sha256":"57b003a7d23e5882d9ff9f9a6bb1d526260d55d6a1b1981a717e6d9dd04adab5","size":15278,"path":"media/images/sample_images_0_57b003a7d23e5882d9ff.png","format":"png"},"train_loss":2.307932415280368,"test_accuracy":10.280000000000001,"_timestamp":1.74213840782806e+09,"train_accuracy":10.648148148148149,"epoch":4,"val_loss":2.3058648085416023}