{"learning_curves":{"sha256":"57ed9331bf7613e14fddbe066a8631cdd090f5beb8031f238ee8694bb71f98e7","size":49140,"path":"media/images/learning_curves_17_57ed9331bf7613e14fdd.png","format":"png","width":1500,"height":500,"_type":"image-file"},"val_accuracy":96.78333333333333,"_wandb":{"runtime":17},"_timestamp":1.742224781831289e+09,"sample_images":{"format":"png","width":1200,"height":600,"_type":"image-file","sha256":"57b003a7d23e5882d9ff9f9a6bb1d526260d55d6a1b1981a717e6d9dd04adab5","size":15278,"path":"media/images/sample_images_0_57b003a7d23e5882d9ff.png"},"_step":17,"epoch":14,"_runtime":17.222551,"train_accuracy":98.78703703703704,"test_loss":0.1400422680822313,"test_accuracy":96.63000000000001,"train_loss":0.040816473993252216,"val_loss":0.13839934043464536}