{"train_accuracy":82.49629629629631,"sample_images":{"size":31364,"path":"media/images/sample_images_0_77ee7a6052947e5d44d9.png","format":"png","width":1200,"height":600,"_type":"image-file","sha256":"77ee7a6052947e5d44d9fa2d7ba2735f1b3e51413e8c4eee21f851f552664b7b"},"test_loss":0.547322506185537,"_step":17,"_timestamp":1.7421387862859974e+09,"train_loss":0.5091032314883351,"val_loss":0.5173491119769186,"test_accuracy":81.17,"val_accuracy":81.48333333333333,"learning_curves":{"format":"png","width":1500,"height":500,"_type":"image-file","sha256":"15def6afb6d912b024bb28dc50de0f911288b5db091f79f9ef47bf5aa8d99cc7","size":57382,"path":"media/images/learning_curves_17_15def6afb6d912b024bb.png"},"_wandb":{"runtime":62},"_runtime":61.9709322,"epoch":14}