{"test_accuracy":91.3,"epoch":14,"_runtime":27.8437596,"test_loss":0.31107939074748414,"sample_images":{"width":1200,"height":600,"_type":"image-file","sha256":"57b003a7d23e5882d9ff9f9a6bb1d526260d55d6a1b1981a717e6d9dd04adab5","size":15278,"path":"media/images/sample_images_0_57b003a7d23e5882d9ff.png","format":"png"},"_timestamp":1.7415886614311266e+09,"val_accuracy":91.36666666666666,"val_loss":0.3100872178032055,"train_loss":0.29729187323991946,"learning_curves":{"width":1500,"height":500,"_type":"image-file","sha256":"c901a6e4f85e3add9c5841ace9e8ad9d6b5ea0cad4631c876f8a957b9152b53d","size":67973,"path":"media/images/learning_curves_17_c901a6e4f85e3add9c58.png","format":"png"},"_step":17,"_wandb":{"runtime":27},"train_accuracy":91.85}