{"_step":12,"val_accuracy":94.85,"_timestamp":1.7422099964539816e+09,"test_accuracy":94.85,"learning_curves":{"height":500,"_type":"image-file","sha256":"a8836c2daddf14bd5130c54d56a484fb24ea8be9ad8150cdfe525295e12c214a","size":70860,"path":"media/images/learning_curves_12_a8836c2daddf14bd5130.png","format":"png","width":1500},"train_accuracy":95.6574074074074,"epoch":9,"_wandb":{"runtime":19},"_runtime":19.6238616,"sample_images":{"width":1200,"height":600,"_type":"image-file","sha256":"57b003a7d23e5882d9ff9f9a6bb1d526260d55d6a1b1981a717e6d9dd04adab5","size":15278,"path":"media/images/sample_images_0_57b003a7d23e5882d9ff.png","format":"png"},"train_loss":0.2379139763832639,"val_loss":0.27688884933764757,"test_loss":0.25811842106863575}