{"_timestamp":1.7422231719061725e+09,"learning_curves":{"format":"png","width":1500,"height":500,"_type":"image-file","sha256":"5f06195dddf7192350148b181fb5673148a535871e81305c3eaf37f7606960f9","size":72421,"path":"media/images/learning_curves_17_5f06195dddf719235014.png"},"_runtime":59.1632463,"_wandb":{"runtime":59},"sample_images":{"format":"png","width":1200,"height":600,"_type":"image-file","sha256":"77ee7a6052947e5d44d9fa2d7ba2735f1b3e51413e8c4eee21f851f552664b7b","size":31364,"path":"media/images/sample_images_0_77ee7a6052947e5d44d9.png"},"epoch":14,"test_loss":0.6149643031600305,"_step":17,"val_loss":0.5927022542243842,"train_loss":0.5605346566724163,"val_accuracy":78.78333333333333,"test_accuracy":78.85,"train_accuracy":81.64259259259259}