{"_step":17,"val_loss":0.12606029156361284,"train_loss":0.06437534592923427,"test_accuracy":96.44,"_wandb":{"runtime":12},"_timestamp":1.7422154750852144e+09,"sample_images":{"format":"png","width":1200,"height":600,"_type":"image-file","sha256":"57b003a7d23e5882d9ff9f9a6bb1d526260d55d6a1b1981a717e6d9dd04adab5","size":15278,"path":"media/images/sample_images_0_57b003a7d23e5882d9ff.png"},"learning_curves":{"path":"media/images/learning_curves_17_e77b557fc1441aec0207.png","format":"png","width":1500,"height":500,"_type":"image-file","sha256":"e77b557fc1441aec0207e09cdc5d0bc5af62920bd44aad151f2997456e8bcd50","size":50501},"_runtime":12.7239884,"test_loss":0.1300080765318711,"train_accuracy":98.20370370370371,"val_accuracy":96.45,"epoch":14}