{"learning_curves":{"format":"png","width":1500,"height":500,"_type":"image-file","sha256":"8a63b91d752f8f78fe409b7c3cd12780cec48a8566ac0424edcc37da35ba0c87","size":63547,"path":"media/images/learning_curves_17_8a63b91d752f8f78fe40.png"},"_wandb":{"runtime":18},"_timestamp":1.7422226744604552e+09,"epoch":14,"train_loss":0.5276053822248004,"sample_images":{"sha256":"77ee7a6052947e5d44d9fa2d7ba2735f1b3e51413e8c4eee21f851f552664b7b","size":31364,"path":"media/images/sample_images_0_77ee7a6052947e5d44d9.png","format":"png","width":1200,"height":600,"_type":"image-file"},"test_accuracy":83.28,"_step":17,"test_loss":0.4945963235498385,"_runtime":18.5138132,"train_accuracy":84.32407407407408,"val_loss":0.4719861451812784,"val_accuracy":84.38333333333333}