{"learning_curves":{"_type":"image-file","sha256":"7ce4b47328bb03d2c24ed5e301b0efabbb88293b59465eaaed454e24829790d5","size":47804,"path":"media/images/learning_curves_17_7ce4b47328bb03d2c24e.png","format":"png","width":1500,"height":500},"epoch":14,"test_loss":0.38087161299683203,"test_accuracy":86.46000000000001,"_timestamp":1.742215304746844e+09,"sample_images":{"format":"png","width":1200,"height":600,"_type":"image-file","sha256":"77ee7a6052947e5d44d9fa2d7ba2735f1b3e51413e8c4eee21f851f552664b7b","size":31364,"path":"media/images/sample_images_0_77ee7a6052947e5d44d9.png"},"_step":17,"train_loss":0.34234081009732437,"_runtime":26.4842051,"train_accuracy":88.40370370370371,"val_loss":0.3562887006522331,"val_accuracy":87.9,"_wandb":{"runtime":26}}