{"learning_curves":{"width":1500,"height":500,"_type":"image-file","sha256":"245846d033bae7a8e7c470be642625d7d399cd46ed4901a72c1a0b51da7ae8db","size":49180,"path":"media/images/learning_curves_12_245846d033bae7a8e7c4.png","format":"png"},"sample_images":{"sha256":"57b003a7d23e5882d9ff9f9a6bb1d526260d55d6a1b1981a717e6d9dd04adab5","size":15278,"path":"media/images/sample_images_0_57b003a7d23e5882d9ff.png","format":"png","width":1200,"height":600,"_type":"image-file"},"test_loss":0.2672851221324276,"_step":12,"train_accuracy":92.83148148148148,"val_accuracy":92.60000000000001,"_wandb":{"runtime":33},"_runtime":33.2216946,"train_loss":0.2663259091911819,"_timestamp":1.7422272210411897e+09,"epoch":9,"val_loss":0.265147622260245,"test_accuracy":92.7}