{"epoch":14,"test_loss":0.4526915754321167,"learning_curves":{"format":"png","width":1500,"height":500,"_type":"image-file","sha256":"94183e9b3c043cc1b203a3bfb9fedeac91ec174676e4696484585334c610fe6e","size":57971,"path":"media/images/learning_curves_17_94183e9b3c043cc1b203.png"},"_step":17,"_runtime":10.4325977,"val_accuracy":84.78333333333333,"sample_images":{"sha256":"77ee7a6052947e5d44d9fa2d7ba2735f1b3e51413e8c4eee21f851f552664b7b","size":31364,"path":"media/images/sample_images_0_77ee7a6052947e5d44d9.png","format":"png","width":1200,"height":600,"_type":"image-file"},"_timestamp":1.7421866013234646e+09,"val_loss":0.42630396899250356,"train_loss":0.3970912953307551,"test_accuracy":83.99,"_wandb":{"runtime":10},"train_accuracy":85.96481481481482}