{"val_accuracy":95.61666666666667,"test_loss":0.1436460809439724,"epoch":14,"train_loss":0.13507432895494018,"val_loss":0.14115330293319084,"sample_images":{"width":1200,"height":600,"_type":"image-file","sha256":"57b003a7d23e5882d9ff9f9a6bb1d526260d55d6a1b1981a717e6d9dd04adab5","size":15278,"path":"media/images/sample_images_0_57b003a7d23e5882d9ff.png","format":"png"},"test_accuracy":95.72,"learning_curves":{"width":1500,"height":500,"_type":"image-file","sha256":"07e4c263045f85195e259602183af0e4e589cdf6b326433cf65d9e1ae2bc8a5b","size":52628,"path":"media/images/learning_curves_17_07e4c263045f85195e25.png","format":"png"},"_runtime":26.675598,"_timestamp":1.7422145443670669e+09,"_wandb":{"runtime":26},"_step":17,"train_accuracy":96.20185185185186}