{"val_loss":0.5718486172298934,"_runtime":21.7478264,"test_loss":0.5793990169199206,"test_accuracy":80.36999999999999,"_step":7,"_timestamp":1.7421414506352594e+09,"train_accuracy":80.17407407407407,"val_accuracy":80.33333333333333,"train_loss":0.5921867754068885,"_wandb":{"runtime":21},"learning_curves":{"width":1500,"height":500,"_type":"image-file","sha256":"d524218cf0010698d1fcdbb8b9c27b1c07c2a90debb588f3f495df6156396bf4","size":56400,"path":"media/images/learning_curves_7_d524218cf0010698d1fc.png","format":"png"},"sample_images":{"size":31364,"path":"media/images/sample_images_0_77ee7a6052947e5d44d9.png","format":"png","width":1200,"height":600,"_type":"image-file","sha256":"77ee7a6052947e5d44d9fa2d7ba2735f1b3e51413e8c4eee21f851f552664b7b"},"epoch":4}