{"train_accuracy":84.70555555555556,"sample_images":{"path":"media/images/sample_images_0_57b003a7d23e5882d9ff.png","format":"png","width":1200,"height":600,"_type":"image-file","sha256":"57b003a7d23e5882d9ff9f9a6bb1d526260d55d6a1b1981a717e6d9dd04adab5","size":15278},"epoch":14,"_step":17,"learning_curves":{"format":"png","width":1500,"height":500,"_type":"image-file","sha256":"f0adcac6f0b9ea348ac9d42adba39886810bbfe99d5ff0a57c6d2a0b6efd9d98","size":75596,"path":"media/images/learning_curves_17_f0adcac6f0b9ea348ac9.png"},"_timestamp":1.742142751526441e+09,"test_loss":4.473847143764515,"_wandb":{"runtime":60},"_runtime":59.9913771,"val_loss":4.621581767237638,"train_loss":7.559732546635454,"val_accuracy":84.95,"test_accuracy":85.25}