{"_runtime":44.583283,"test_accuracy":97.72999999999999,"train_loss":0.07220004093427296,"val_loss":0.08496167277628289,"epoch":14,"test_loss":0.07844285028254859,"learning_curves":{"format":"png","width":1500,"height":500,"_type":"image-file","sha256":"b0895bdb63c2eda1bfaf54d0116adc4f58e1d32d5733c2c1adad0c2c99cbe5e0","size":50161,"path":"media/images/learning_curves_17_b0895bdb63c2eda1bfaf.png"},"_wandb":{"runtime":44},"_step":17,"train_accuracy":99.52777777777779,"val_accuracy":97.86666666666667,"sample_images":{"width":1200,"height":600,"_type":"image-file","sha256":"57b003a7d23e5882d9ff9f9a6bb1d526260d55d6a1b1981a717e6d9dd04adab5","size":15278,"path":"media/images/sample_images_0_57b003a7d23e5882d9ff.png","format":"png"},"_timestamp":1.742214338207042e+09}