{"_runtime":48.1019157,"test_accuracy":96.78999999999999,"sample_images":{"height":600,"_type":"image-file","sha256":"57b003a7d23e5882d9ff9f9a6bb1d526260d55d6a1b1981a717e6d9dd04adab5","size":15278,"path":"media/images/sample_images_0_57b003a7d23e5882d9ff.png","format":"png","width":1200},"learning_curves":{"sha256":"526af8c2bd054219eea1790f453b9f6ea9b1fdeb9f3c33667551ca1b94122c03","size":52428,"path":"media/images/learning_curves_17_526af8c2bd054219eea1.png","format":"png","width":1500,"height":500,"_type":"image-file"},"val_loss":0.10066421371286421,"epoch":14,"_wandb":{"runtime":48},"_timestamp":1.742214892015666e+09,"_step":17,"val_accuracy":96.83333333333334,"train_accuracy":97.71296296296296,"train_loss":0.0792191684765475,"test_loss":0.10340682226341687}