{"epoch":14,"test_loss":0.37383271979636595,"sample_images":{"size":31364,"path":"media/images/sample_images_0_77ee7a6052947e5d44d9.png","format":"png","width":1200,"height":600,"_type":"image-file","sha256":"77ee7a6052947e5d44d9fa2d7ba2735f1b3e51413e8c4eee21f851f552664b7b"},"_runtime":11.5857338,"val_accuracy":87.81666666666666,"_timestamp":1.74222258615992e+09,"val_loss":0.3488608494892551,"test_accuracy":86.75,"_step":17,"train_loss":0.30609767195473886,"learning_curves":{"path":"media/images/learning_curves_17_8e1ca28dc2a2cda914b4.png","format":"png","width":1500,"height":500,"_type":"image-file","sha256":"8e1ca28dc2a2cda914b47efb2ea0c3a053886e3f9917701382bf045dc5835c8f","size":50446},"train_accuracy":89.22222222222223,"_wandb":{"runtime":11}}