{"_runtime":9.1479696,"_step":12,"learning_curves":{"_type":"image-file","sha256":"659b4728a5eadc4df4ce81aa23fafadbd4e5deea27499dad37426d300c73e149","size":49104,"path":"media/images/learning_curves_12_659b4728a5eadc4df4ce.png","format":"png","width":1500,"height":500},"sample_images":{"width":1200,"height":600,"_type":"image-file","sha256":"77ee7a6052947e5d44d9fa2d7ba2735f1b3e51413e8c4eee21f851f552664b7b","size":31364,"path":"media/images/sample_images_0_77ee7a6052947e5d44d9.png","format":"png"},"test_accuracy":84.61,"val_accuracy":85.41666666666666,"test_loss":0.44109837269373486,"_timestamp":1.7422260839955938e+09,"train_accuracy":85.76851851851852,"_wandb":{"runtime":9},"train_loss":0.40630187208236135,"val_loss":0.41225679431526685,"epoch":9}