{"val_accuracy":86.95,"learning_curves":{"format":"png","width":1500,"height":500,"_type":"image-file","sha256":"eebc2c2ba506a57597b7e0e0accbc823956485e15ed01d3a54600a4a8b87b0fb","size":58693,"path":"media/images/learning_curves_12_eebc2c2ba506a57597b7.png"},"test_accuracy":86.42999999999999,"_runtime":11.605701,"_timestamp":1.7422240946191092e+09,"_wandb":{"runtime":11},"sample_images":{"size":31364,"path":"media/images/sample_images_0_77ee7a6052947e5d44d9.png","format":"png","width":1200,"height":600,"_type":"image-file","sha256":"77ee7a6052947e5d44d9fa2d7ba2735f1b3e51413e8c4eee21f851f552664b7b"},"epoch":9,"val_loss":0.35295632334054994,"train_accuracy":88.83148148148148,"train_loss":0.2992910152532483,"test_loss":0.37777578182589416,"_step":12}