{"_runtime":19.2417703,"learning_curves":{"format":"png","width":1500,"height":500,"_type":"image-file","sha256":"5a397c748dc09926fec2f8946dcc55e68ab87456df0655938806aaf1d164c7c7","size":47356,"path":"media/images/learning_curves_17_5a397c748dc09926fec2.png"},"_wandb":{"runtime":19},"train_loss":0.3098153546704168,"test_loss":0.3004801596520867,"_step":17,"epoch":14,"test_accuracy":91.64999999999999,"val_loss":0.3076453570819676,"train_accuracy":91.28703703703704,"val_accuracy":91.4,"_timestamp":1.7421380757622423e+09,"sample_images":{"size":15278,"path":"media/images/sample_images_0_57b003a7d23e5882d9ff.png","format":"png","width":1200,"height":600,"_type":"image-file","sha256":"57b003a7d23e5882d9ff9f9a6bb1d526260d55d6a1b1981a717e6d9dd04adab5"}}