{"test_accuracy":89.67,"train_loss":0.5299094739848511,"_timestamp":1.742188413485046e+09,"learning_curves":{"_type":"image-file","sha256":"4f6efee1b06510294c3f874419290aa476a9026464cf258218568ea3eea3e656","size":55972,"path":"media/images/learning_curves_12_4f6efee1b06510294c3f.png","format":"png","width":1500,"height":500},"_step":12,"sample_images":{"size":15278,"path":"media/images/sample_images_0_57b003a7d23e5882d9ff.png","format":"png","width":1200,"height":600,"_type":"image-file","sha256":"57b003a7d23e5882d9ff9f9a6bb1d526260d55d6a1b1981a717e6d9dd04adab5"},"epoch":9,"test_loss":0.4876224114377067,"val_loss":0.4983406882271179,"train_accuracy":88.89259259259259,"_wandb":{"runtime":8},"val_accuracy":89.7,"_runtime":8.9091009}