{"val_accuracy":89.85,"learning_curves":{"size":60577,"path":"media/images/learning_curves_17_63b016070718ae9bd5f5.png","format":"png","width":1500,"height":500,"_type":"image-file","sha256":"63b016070718ae9bd5f56c9b305202aab7417ed7d83c7c71e5cebaa6f2e47599"},"test_accuracy":90.03999999999999,"_wandb":{"runtime":17},"train_loss":0.34782150312293914,"_timestamp":1.7421411389386237e+09,"_runtime":17.0609807,"sample_images":{"_type":"image-file","sha256":"57b003a7d23e5882d9ff9f9a6bb1d526260d55d6a1b1981a717e6d9dd04adab5","size":15278,"path":"media/images/sample_images_0_57b003a7d23e5882d9ff.png","format":"png","width":1200,"height":600},"val_loss":0.33515539365313013,"epoch":14,"train_accuracy":89.70185185185186,"_step":17,"test_loss":0.33634969654613267}