{"test_loss":0.1983236105325924,"_timestamp":1.742215140608935e+09,"_step":12,"epoch":9,"train_loss":0.2411093604633284,"val_accuracy":94.31666666666668,"_runtime":82.1140762,"_wandb":{"runtime":82},"train_accuracy":94.65370370370371,"sample_images":{"format":"png","width":1200,"height":600,"_type":"image-file","sha256":"57b003a7d23e5882d9ff9f9a6bb1d526260d55d6a1b1981a717e6d9dd04adab5","size":15278,"path":"media/images/sample_images_0_57b003a7d23e5882d9ff.png"},"val_loss":0.19667536015041068,"test_accuracy":94.39999999999999,"learning_curves":{"_type":"image-file","sha256":"39135a00826caeaf433e9500b9a3639d781b6940a50b0219e728c5aa9f5abbd2","size":52315,"path":"media/images/learning_curves_12_39135a00826caeaf433e.png","format":"png","width":1500,"height":500}}