{"test_accuracy":96.12,"epoch":14,"learning_curves":{"width":1500,"height":500,"_type":"image-file","sha256":"a9cc95ee09e9c6bb1c24a55433174fb1d4c29cc6cb38d24b0ec3ffdb7d5fe43e","size":50204,"path":"media/images/learning_curves_17_a9cc95ee09e9c6bb1c24.png","format":"png"},"train_loss":0.0742477976167708,"test_loss":0.1449998085440986,"val_accuracy":96.3,"_timestamp":1.742212980405259e+09,"sample_images":{"_type":"image-file","sha256":"57b003a7d23e5882d9ff9f9a6bb1d526260d55d6a1b1981a717e6d9dd04adab5","size":15278,"path":"media/images/sample_images_0_57b003a7d23e5882d9ff.png","format":"png","width":1200,"height":600},"_wandb":{"runtime":33},"val_loss":0.13077888857664152,"_runtime":33.3539771,"_step":17,"train_accuracy":97.81666666666666}