{"_step":17,"_wandb":{"runtime":25},"sample_images":{"height":600,"_type":"image-file","sha256":"57b003a7d23e5882d9ff9f9a6bb1d526260d55d6a1b1981a717e6d9dd04adab5","size":15278,"path":"media/images/sample_images_0_57b003a7d23e5882d9ff.png","format":"png","width":1200},"learning_curves":{"path":"media/images/learning_curves_17_9178dada7c2c3399f1a7.png","format":"png","width":1500,"height":500,"_type":"image-file","sha256":"9178dada7c2c3399f1a7d8371b34d2b1f491866d06274c0629eae14b819be75a","size":52275},"val_loss":0.1407481565989874,"train_accuracy":96.23148148148148,"val_accuracy":95.78333333333333,"epoch":14,"_runtime":25.0985534,"train_loss":0.13476341944021575,"test_loss":0.143623850390502,"test_accuracy":95.78999999999999,"_timestamp":1.7422116960779624e+09}