{"test_accuracy":74.55000000000001,"val_accuracy":74.66666666666667,"_runtime":8.5726036,"train_accuracy":75.6,"_wandb":{"runtime":8},"train_loss":0.7057580571398493,"_step":12,"_timestamp":1.7415931772191615e+09,"epoch":9,"sample_images":{"sha256":"77ee7a6052947e5d44d9fa2d7ba2735f1b3e51413e8c4eee21f851f552664b7b","size":31364,"path":"media/images/sample_images_0_77ee7a6052947e5d44d9.png","format":"png","width":1200,"height":600,"_type":"image-file"},"val_loss":0.7004724333326369,"test_loss":0.7125790454783396,"learning_curves":{"size":55677,"path":"media/images/learning_curves_12_eff3f66efb032edde98a.png","format":"png","width":1500,"height":500,"_type":"image-file","sha256":"eff3f66efb032edde98ae2a3bfd6e6ad9d1768798f1855fb79c4e1c6016b2e0f"}}