{"learning_curves":{"sha256":"23b8f407f279b0aac242dd0eba77d7406f69c8e57c281d492c7b7ffa6aad3e01","size":50137,"path":"media/images/learning_curves_12_23b8f407f279b0aac242.png","format":"png","width":1500,"height":500,"_type":"image-file"},"val_accuracy":86.15,"val_loss":0.38811516384419753,"test_accuracy":85.37,"_runtime":11.7764031,"epoch":9,"sample_images":{"path":"media/images/sample_images_0_77ee7a6052947e5d44d9.png","format":"png","width":1200,"height":600,"_type":"image-file","sha256":"77ee7a6052947e5d44d9fa2d7ba2735f1b3e51413e8c4eee21f851f552664b7b","size":31364},"train_loss":0.37219850040150193,"_wandb":{"runtime":11},"train_accuracy":87,"_step":12,"_timestamp":1.7422235719607322e+09,"test_loss":0.40826449078221905}