{"test_loss":0.26943047803828574,"_wandb":{"runtime":12},"sample_images":{"sha256":"57b003a7d23e5882d9ff9f9a6bb1d526260d55d6a1b1981a717e6d9dd04adab5","size":15278,"path":"media/images/sample_images_0_57b003a7d23e5882d9ff.png","format":"png","width":1200,"height":600,"_type":"image-file"},"train_accuracy":92.53333333333333,"test_accuracy":92.25,"val_loss":0.26869647352800663,"_step":17,"train_loss":0.2787535789088349,"_runtime":12.1688838,"epoch":14,"learning_curves":{"height":500,"_type":"image-file","sha256":"fe40d8eda938a8835ff7b81d9ad25f39488e1ded1d30f813765c6c32cdd1cafc","size":48505,"path":"media/images/learning_curves_17_fe40d8eda938a8835ff7.png","format":"png","width":1500},"val_accuracy":92.66666666666666,"_timestamp":1.7422249857903776e+09}