{"_step":7,"epoch":4,"test_accuracy":82.45,"learning_curves":{"sha256":"734d44e7eff549f16cfce5d46b880b4ef62eb5a3e4ab7853850bd8109182d870","size":53526,"path":"media/images/learning_curves_7_734d44e7eff549f16cfc.png","format":"png","width":1500,"height":500,"_type":"image-file"},"_timestamp":1.7415931906940448e+09,"_runtime":5.9996269,"val_loss":0.4852037882472963,"train_loss":0.49699113478288987,"test_loss":0.5063845574016984,"sample_images":{"path":"media/images/sample_images_0_77ee7a6052947e5d44d9.png","format":"png","width":1200,"height":600,"_type":"image-file","sha256":"77ee7a6052947e5d44d9fa2d7ba2735f1b3e51413e8c4eee21f851f552664b7b","size":31364},"train_accuracy":82.56851851851852,"val_accuracy":83.45,"_wandb":{"runtime":6}}