{"train_accuracy":94.7537037037037,"_step":17,"epoch":14,"learning_curves":{"sha256":"4bdbb08021bdc79cc010bea7d1e848e88424a6e36632218d440a260ffe05b09d","size":51104,"path":"media/images/learning_curves_17_4bdbb08021bdc79cc010.png","format":"png","width":1500,"height":500,"_type":"image-file"},"_wandb":{"runtime":14},"val_accuracy":94.5,"_timestamp":1.7422124799973037e+09,"train_loss":0.1847109466699008,"test_loss":0.1920332978992817,"_runtime":14.8795598,"val_loss":0.18751778752430284,"sample_images":{"height":600,"_type":"image-file","sha256":"57b003a7d23e5882d9ff9f9a6bb1d526260d55d6a1b1981a717e6d9dd04adab5","size":15278,"path":"media/images/sample_images_0_57b003a7d23e5882d9ff.png","format":"png","width":1200},"test_accuracy":94.32000000000001}