{"_runtime":26.9186015,"val_accuracy":91.28333333333333,"_wandb":{"runtime":26},"val_loss":0.3375916338844539,"epoch":14,"_timestamp":1.7422153885020144e+09,"train_loss":0.3507556939114318,"sample_images":{"format":"png","width":1200,"height":600,"_type":"image-file","sha256":"57b003a7d23e5882d9ff9f9a6bb1d526260d55d6a1b1981a717e6d9dd04adab5","size":15278,"path":"media/images/sample_images_0_57b003a7d23e5882d9ff.png"},"_step":17,"test_accuracy":91.56,"train_accuracy":91.30185185185185,"test_loss":0.33548694794247885,"learning_curves":{"sha256":"1ba40e0d025c34d8ee056777916b5b9a1f1168ae3fb0c5a152b15ca427fcc467","size":61484,"path":"media/images/learning_curves_17_1ba40e0d025c34d8ee05.png","format":"png","width":1500,"height":500,"_type":"image-file"}}