{"train_accuracy":96.2537037037037,"test_accuracy":95.94,"_step":12,"sample_images":{"sha256":"57b003a7d23e5882d9ff9f9a6bb1d526260d55d6a1b1981a717e6d9dd04adab5","size":15278,"path":"media/images/sample_images_0_57b003a7d23e5882d9ff.png","format":"png","width":1200,"height":600,"_type":"image-file"},"learning_curves":{"height":500,"_type":"image-file","sha256":"100cd4a4104a325db5a00bec3bda855f1eea9dbf0408d8cadf6db1039de328bf","size":46477,"path":"media/images/learning_curves_12_100cd4a4104a325db5a0.png","format":"png","width":1500},"_timestamp":1.7422273042770126e+09,"_wandb":{"runtime":13},"test_loss":0.13752602770132963,"_runtime":12.9591645,"epoch":9,"train_loss":0.14835184938283755,"val_loss":0.1430107538872116,"val_accuracy":95.75}