{"test_accuracy":96.83,"train_loss":0.07896277470763648,"_runtime":45.5731131,"val_loss":0.09735178758724537,"_wandb":{"runtime":45},"train_accuracy":97.8462962962963,"val_accuracy":97.11666666666666,"test_loss":0.10393327840224123,"epoch":14,"sample_images":{"sha256":"57b003a7d23e5882d9ff9f9a6bb1d526260d55d6a1b1981a717e6d9dd04adab5","size":15278,"path":"media/images/sample_images_0_57b003a7d23e5882d9ff.png","format":"png","width":1200,"height":600,"_type":"image-file"},"_timestamp":1.74220993464923e+09,"learning_curves":{"size":53803,"path":"media/images/learning_curves_17_be2d49ab8151e2aa4166.png","format":"png","width":1500,"height":500,"_type":"image-file","sha256":"be2d49ab8151e2aa4166e52e2bc93a6833ffb6883bb6c678c0ff142508a2aaeb"},"_step":17}