{"test_loss":1.6476026445752416,"train_accuracy":65.25185185185185,"sample_images":{"size":15278,"path":"media/images/sample_images_0_57b003a7d23e5882d9ff.png","format":"png","width":1200,"height":600,"_type":"image-file","sha256":"57b003a7d23e5882d9ff9f9a6bb1d526260d55d6a1b1981a717e6d9dd04adab5"},"_timestamp":1.742138714260484e+09,"_runtime":61.0461501,"_step":17,"val_accuracy":65.31666666666666,"train_loss":1.7036326696517798,"test_accuracy":66.32000000000001,"learning_curves":{"width":1500,"height":500,"_type":"image-file","sha256":"3d0681a36e81205c9e774818beb86311c9fc39ace637e42d4dda10a7fc741539","size":58050,"path":"media/images/learning_curves_17_3d0681a36e81205c9e77.png","format":"png"},"_wandb":{"runtime":61},"val_loss":1.6614000996111018,"epoch":14}