{"epoch":4,"learning_curves":{"width":1500,"height":500,"_type":"image-file","sha256":"63388bb4eaa0c68344391c75b2c3487f57a2c18918fef8e82192f3816bc3f243","size":57647,"path":"media/images/learning_curves_7_63388bb4eaa0c6834439.png","format":"png"},"_step":7,"train_accuracy":67.72407407407407,"_wandb":{"runtime":27},"test_accuracy":75.05,"train_loss":1.3035194484720136,"val_loss":0.9209390589580216,"val_accuracy":73.96666666666667,"test_loss":0.9309823618135724,"_timestamp":1.742136486106742e+09,"_runtime":27.745365,"sample_images":{"path":"media/images/sample_images_0_57b003a7d23e5882d9ff.png","format":"png","width":1200,"height":600,"_type":"image-file","sha256":"57b003a7d23e5882d9ff9f9a6bb1d526260d55d6a1b1981a717e6d9dd04adab5","size":15278}}