{"learning_curves":{"size":53783,"path":"media/images/learning_curves_12_f1582df36b3f84152cbe.png","format":"png","width":1500,"height":500,"_type":"image-file","sha256":"f1582df36b3f84152cbe15160ef55390bb66fdec5f49d50b42d5aac7200cf779"},"val_loss":0.11139772990727398,"_runtime":11.4582019,"_step":12,"_wandb":{"runtime":11},"test_loss":0.115305087531833,"test_accuracy":96.48,"_timestamp":1.7421418976550307e+09,"epoch":9,"train_loss":0.08134692214835942,"train_accuracy":97.63518518518518,"sample_images":{"sha256":"57b003a7d23e5882d9ff9f9a6bb1d526260d55d6a1b1981a717e6d9dd04adab5","size":15278,"path":"media/images/sample_images_0_57b003a7d23e5882d9ff.png","format":"png","width":1200,"height":600,"_type":"image-file"},"val_accuracy":97.03333333333333}