{"_runtime":21.7632019,"train_loss":0.17439589394799115,"learning_curves":{"height":500,"_type":"image-file","sha256":"389619aafe0ca78f51d5a787540956ff82cf8d4fa848fd971e5fe61d75b05dc4","size":47089,"path":"media/images/learning_curves_12_389619aafe0ca78f51d5.png","format":"png","width":1500},"_step":12,"train_accuracy":95.15740740740742,"test_loss":0.1735642029113938,"_wandb":{"runtime":21},"test_accuracy":94.69999999999999,"_timestamp":1.7422270366850069e+09,"val_accuracy":95.36666666666666,"val_loss":0.1697134087228046,"sample_images":{"width":1200,"height":600,"_type":"image-file","sha256":"57b003a7d23e5882d9ff9f9a6bb1d526260d55d6a1b1981a717e6d9dd04adab5","size":15278,"path":"media/images/sample_images_0_57b003a7d23e5882d9ff.png","format":"png"},"epoch":9}