{"val_loss":2.70657774415541,"train_loss":2.6958147700754127,"_timestamp":1.7422236317532537e+09,"train_accuracy":10.222222222222223,"learning_curves":{"path":"media/images/learning_curves_12_ebe4dd6f32530095037c.png","format":"png","width":1500,"height":500,"_type":"image-file","sha256":"ebe4dd6f32530095037cba9eab82b3e90a9b29b9dfef3e71edc12541751fb029","size":76764},"epoch":9,"_runtime":16.3165316,"val_accuracy":9.75,"test_loss":2.716243186747965,"_wandb":{"runtime":16},"sample_images":{"size":15278,"path":"media/images/sample_images_0_57b003a7d23e5882d9ff.png","format":"png","width":1200,"height":600,"_type":"image-file","sha256":"57b003a7d23e5882d9ff9f9a6bb1d526260d55d6a1b1981a717e6d9dd04adab5"},"test_accuracy":9.74,"_step":12}