{"val_loss":2.3024931123416925,"val_accuracy":10.316666666666666,"sample_images":{"_type":"image-file","sha256":"77ee7a6052947e5d44d9fa2d7ba2735f1b3e51413e8c4eee21f851f552664b7b","size":31364,"path":"media/images/sample_images_0_77ee7a6052947e5d44d9.png","format":"png","width":1200,"height":600},"_wandb":{"runtime":5},"train_loss":2.3032833291027965,"_runtime":5.0302629,"_step":7,"train_accuracy":11.80925925925926,"learning_curves":{"_type":"image-file","sha256":"343e4cf25c9aaa2cddaa9a5306582308c6b2dc3994bee7b741c87887fb703722","size":53124,"path":"media/images/learning_curves_7_343e4cf25c9aaa2cddaa.png","format":"png","width":1500,"height":500},"test_loss":2.3024742583897186,"test_accuracy":11.19,"_timestamp":1.741590912228335e+09,"epoch":4}