{"val_loss":0.09303974964537022,"train_loss":0.08253626837623856,"epoch":4,"_wandb":{"runtime":13},"_step":7,"sample_images":{"height":600,"_type":"image-file","sha256":"57b003a7d23e5882d9ff9f9a6bb1d526260d55d6a1b1981a717e6d9dd04adab5","size":15278,"path":"media/images/sample_images_0_57b003a7d23e5882d9ff.png","format":"png","width":1200},"_timestamp":1.74222759567295e+09,"test_accuracy":96.83,"learning_curves":{"sha256":"33a597bbb6b71247c91501cbaf8a18bb7c07178919583b68c7f2faa65377f964","size":51786,"path":"media/images/learning_curves_7_33a597bbb6b71247c915.png","format":"png","width":1500,"height":500,"_type":"image-file"},"test_loss":0.10794806188013006,"train_accuracy":97.72962962962963,"_runtime":13.566822,"val_accuracy":97.25}