{"train_accuracy":34.26296296296296,"val_loss":1.6354339549398003,"sample_images":{"path":"media/images/sample_images_0_57b003a7d23e5882d9ff.png","format":"png","width":1200,"height":600,"_type":"image-file","sha256":"57b003a7d23e5882d9ff9f9a6bb1d526260d55d6a1b1981a717e6d9dd04adab5","size":15278},"_runtime":13.1300488,"train_loss":1.821392778280885,"test_accuracy":35.21,"_timestamp":1.7421883147769268e+09,"epoch":9,"learning_curves":{"height":500,"_type":"image-file","sha256":"d1d3969406f77e49493758342a5bc4db526a005bb345e8fc6d65c50d5a46fe1c","size":63357,"path":"media/images/learning_curves_12_d1d3969406f77e494937.png","format":"png","width":1500},"_wandb":{"runtime":13},"_step":12,"test_loss":1.6531011928044068,"val_accuracy":35.25}