{"epoch":14,"learning_curves":{"height":500,"_type":"image-file","sha256":"c9524894a2869fa44bc86bb0e94c721ec1f35dc77e4da8bc4f75d83c30b7b3f6","size":49282,"path":"media/images/learning_curves_17_c9524894a2869fa44bc8.png","format":"png","width":1500},"_step":17,"val_loss":0.19810675551126725,"_timestamp":1.7422246466287825e+09,"train_accuracy":94.50185185185185,"test_loss":0.195361791877085,"sample_images":{"format":"png","width":1200,"height":600,"_type":"image-file","sha256":"57b003a7d23e5882d9ff9f9a6bb1d526260d55d6a1b1981a717e6d9dd04adab5","size":15278,"path":"media/images/sample_images_0_57b003a7d23e5882d9ff.png"},"test_accuracy":94.3,"_runtime":10.9605057,"val_accuracy":94.31666666666668,"_wandb":{"runtime":10},"train_loss":0.20631550006122873}