{"epoch":14,"train_accuracy":97.86666666666667,"_runtime":77.7774198,"test_loss":0.2275722730883765,"train_loss":0.12280643639147672,"test_accuracy":96.81,"learning_curves":{"width":1500,"height":500,"_type":"image-file","sha256":"88629811a20668f7855a6ace1a8f68c8c25998863c9e63d7df0b2acf36519adb","size":65625,"path":"media/images/learning_curves_17_88629811a20668f7855a.png","format":"png"},"_step":17,"val_accuracy":96.68333333333334,"val_loss":0.2378433215601156,"_wandb":{"runtime":78},"sample_images":{"size":15278,"path":"media/images/sample_images_0_57b003a7d23e5882d9ff.png","format":"png","width":1200,"height":600,"_type":"image-file","sha256":"57b003a7d23e5882d9ff9f9a6bb1d526260d55d6a1b1981a717e6d9dd04adab5"},"_timestamp":1.7421388744667888e+09}