{"epoch":4,"_step":7,"train_loss":2.3025982746037297,"train_accuracy":10.092592592592593,"learning_curves":{"format":"png","width":1500,"height":500,"_type":"image-file","sha256":"0c83fff39625c2909a2bcce049ff62ee2cfd15abcbfc552184271238db4e8b36","size":45392,"path":"media/images/learning_curves_7_0c83fff39625c2909a2b.png"},"test_loss":2.302581479299464,"test_accuracy":10,"val_accuracy":9.166666666666666,"_wandb":{"runtime":6},"_timestamp":1.7415894476405008e+09,"_runtime":6.5810154,"sample_images":{"height":600,"_type":"image-file","sha256":"77ee7a6052947e5d44d9fa2d7ba2735f1b3e51413e8c4eee21f851f552664b7b","size":31364,"path":"media/images/sample_images_0_77ee7a6052947e5d44d9.png","format":"png","width":1200},"val_loss":2.302711699081597}