{"sample_images":{"format":"png","width":1200,"height":600,"_type":"image-file","sha256":"57b003a7d23e5882d9ff9f9a6bb1d526260d55d6a1b1981a717e6d9dd04adab5","size":15278,"path":"media/images/sample_images_0_57b003a7d23e5882d9ff.png"},"test_loss":0.3515022816050298,"_step":12,"val_loss":0.36619559380173994,"train_loss":0.3771713285748174,"train_accuracy":89.46111111111111,"_wandb":{"runtime":19},"epoch":9,"val_accuracy":89.61666666666666,"learning_curves":{"_type":"image-file","sha256":"8ecb4cee1188babcaf3c9e5af7d8e3d43ffa419ba828a831c699efc67d3616d6","size":54941,"path":"media/images/learning_curves_12_8ecb4cee1188babcaf3c.png","format":"png","width":1500,"height":500},"_runtime":18.8997079,"test_accuracy":90.38000000000001,"_timestamp":1.7421364102200046e+09}