{"_step":17,"sample_images":{"height":600,"_type":"image-file","sha256":"57b003a7d23e5882d9ff9f9a6bb1d526260d55d6a1b1981a717e6d9dd04adab5","size":15278,"path":"media/images/sample_images_0_57b003a7d23e5882d9ff.png","format":"png","width":1200},"train_accuracy":99.11296296296295,"test_accuracy":97.74000000000001,"_runtime":75.0280944,"val_loss":0.07294733154415531,"val_accuracy":97.93333333333332,"epoch":14,"test_loss":0.07342279614104082,"learning_curves":{"height":500,"_type":"image-file","sha256":"1c7725002549cad5a55cd228b44399fa4333fbdc16609b6a55670e237c236cbf","size":49559,"path":"media/images/learning_curves_17_1c7725002549cad5a55c.png","format":"png","width":1500},"_wandb":{"runtime":75},"_timestamp":1.7422114254585865e+09,"train_loss":0.030542203835262193}