{"learning_curves":{"format":"png","width":1500,"height":500,"_type":"image-file","sha256":"7e02898cafd9a03d3e098d90a3fa65512517d81d80174da026e8c286587c6c13","size":25930,"path":"media/images/learning_curves_7_7e02898cafd9a03d3e09.png"},"_timestamp":1.7422315096115956e+09,"sample_images":{"path":"media/images/sample_images_4_77ee7a6052947e5d44d9.png","format":"png","width":1200,"height":600,"_type":"image-file","sha256":"77ee7a6052947e5d44d9fa2d7ba2735f1b3e51413e8c4eee21f851f552664b7b","size":31364},"test_accuracy":75.6,"val_accuracy":74.98333333333333,"val_loss":0.1700070029712661,"_runtime":6.6060579,"train_loss":0.21157943493733283,"test_loss":0.16743673904793208,"_wandb":{"runtime":6},"_step":7,"epoch":0,"train_accuracy":67.40925925925926}