{"test_accuracy":97.5,"_timestamp":1.742212420026467e+09,"epoch":14,"learning_curves":{"_type":"image-file","sha256":"a4b535a2bd2814b6be33d2ef5d96cbd401d05b0019f9f5ce77395e7cf8103aab","size":64307,"path":"media/images/learning_curves_17_a4b535a2bd2814b6be33.png","format":"png","width":1500,"height":500},"train_accuracy":98.47222222222223,"_runtime":25.753098,"val_accuracy":97.5,"val_loss":0.10559944652773039,"test_loss":0.10538935335341398,"_step":17,"train_loss":0.09769191024691369,"_wandb":{"runtime":25},"sample_images":{"path":"media/images/sample_images_0_57b003a7d23e5882d9ff.png","format":"png","width":1200,"height":600,"_type":"image-file","sha256":"57b003a7d23e5882d9ff9f9a6bb1d526260d55d6a1b1981a717e6d9dd04adab5","size":15278}}