{"test_loss":0.28613668451129953,"_timestamp":1.742224919551397e+09,"_runtime":10.819401,"epoch":4,"train_accuracy":91.78703703703704,"sample_images":{"path":"media/images/sample_images_0_57b003a7d23e5882d9ff.png","format":"png","width":1200,"height":600,"_type":"image-file","sha256":"57b003a7d23e5882d9ff9f9a6bb1d526260d55d6a1b1981a717e6d9dd04adab5","size":15278},"train_loss":0.31406941821655515,"val_accuracy":92.16666666666666,"val_loss":0.28832694020647154,"learning_curves":{"height":500,"_type":"image-file","sha256":"1754edf244a5a5323c63a15227fc41c7a43526647688e88bf43effbb0b1ab811","size":56584,"path":"media/images/learning_curves_7_1754edf244a5a5323c63.png","format":"png","width":1500},"_step":7,"test_accuracy":92.39,"_wandb":{"runtime":10}}