{"epoch":14,"sample_images":{"format":"png","width":1200,"height":600,"_type":"image-file","sha256":"77ee7a6052947e5d44d9fa2d7ba2735f1b3e51413e8c4eee21f851f552664b7b","size":31364,"path":"media/images/sample_images_0_77ee7a6052947e5d44d9.png"},"_runtime":32.8700461,"test_loss":1.263287891113188,"_step":17,"_wandb":{"runtime":32},"test_accuracy":65.25,"learning_curves":{"format":"png","width":1500,"height":500,"_type":"image-file","sha256":"2aacb7dd4d26a11d0e31a366c87488f9c4d1aee48d4c2db1acae9a68012fffb8","size":59479,"path":"media/images/learning_curves_17_2aacb7dd4d26a11d0e31.png"},"train_loss":1.272003564186288,"val_accuracy":65.41666666666667,"_timestamp":1.7422074187099073e+09,"val_loss":1.2612897407143722,"train_accuracy":65.57037037037037}