{"_timestamp":1.7421857236891255e+09,"_runtime":8.1911156,"val_loss":1.8367721856073462,"epoch":9,"_step":12,"train_accuracy":50.366666666666674,"test_accuracy":51.5,"_wandb":{"runtime":8},"train_loss":1.8555791809531734,"test_loss":1.8329883073829707,"sample_images":{"format":"png","width":1200,"height":600,"_type":"image-file","sha256":"57b003a7d23e5882d9ff9f9a6bb1d526260d55d6a1b1981a717e6d9dd04adab5","size":15278,"path":"media/images/sample_images_0_57b003a7d23e5882d9ff.png"},"val_accuracy":51.949999999999996,"learning_curves":{"size":62285,"path":"media/images/learning_curves_12_ec0b5f6d0f69aae4dfa0.png","format":"png","width":1500,"height":500,"_type":"image-file","sha256":"ec0b5f6d0f69aae4dfa095953ab0165342a8d118e0a8007ecb730a779e91b3d8"}}