{"test_accuracy":18.69,"val_accuracy":18.35,"val_loss":1.9047731654799158,"test_loss":1.919928489215285,"_step":17,"train_loss":1.8725486683186248,"_timestamp":1.7415892423199646e+09,"epoch":14,"train_accuracy":20.17962962962963,"learning_curves":{"width":1500,"height":500,"_type":"image-file","sha256":"cfcaf6359cacaec47f512122a20d72cdef595e8752b62612219b3ba3b4ee8c90","size":60109,"path":"media/images/learning_curves_17_cfcaf6359cacaec47f51.png","format":"png"},"_wandb":{"runtime":19},"sample_images":{"size":15278,"path":"media/images/sample_images_0_57b003a7d23e5882d9ff.png","format":"png","width":1200,"height":600,"_type":"image-file","sha256":"57b003a7d23e5882d9ff9f9a6bb1d526260d55d6a1b1981a717e6d9dd04adab5"},"_runtime":19.6532144}