{"test_loss":0.29175313238279094,"_timestamp":1.742188479504086e+09,"sample_images":{"size":15278,"path":"media/images/sample_images_0_57b003a7d23e5882d9ff.png","format":"png","width":1200,"height":600,"_type":"image-file","sha256":"57b003a7d23e5882d9ff9f9a6bb1d526260d55d6a1b1981a717e6d9dd04adab5"},"train_accuracy":91.47407407407407,"_step":7,"_runtime":7.4114551,"val_loss":0.29432961145158754,"epoch":4,"train_loss":0.3056913274187525,"val_accuracy":91.75,"_wandb":{"runtime":7},"test_accuracy":91.72,"learning_curves":{"format":"png","width":1500,"height":500,"_type":"image-file","sha256":"c6c9d952993fb3024544c0337fb45f73a10146d5ad3ac3bac8de31e5eedb46e9","size":52226,"path":"media/images/learning_curves_7_c6c9d952993fb3024544.png"}}