{"learning_curves":{"sha256":"952f387f88ea36c48364ab9f3f57335277dd2c1495dd66360b164bf3539c3b19","size":70788,"path":"media/images/learning_curves_12_952f387f88ea36c48364.png","format":"png","width":1500,"height":500,"_type":"image-file"},"_step":12,"epoch":9,"test_loss":9.811115340104339,"_timestamp":1.7422235462442088e+09,"test_accuracy":71.59,"_wandb":{"runtime":12},"train_accuracy":67.48518518518519,"val_accuracy":71.85000000000001,"_runtime":12.930421,"train_loss":11.434730676650412,"sample_images":{"sha256":"77ee7a6052947e5d44d9fa2d7ba2735f1b3e51413e8c4eee21f851f552664b7b","size":31364,"path":"media/images/sample_images_0_77ee7a6052947e5d44d9.png","format":"png","width":1200,"height":600,"_type":"image-file"},"val_loss":9.724162150848542}