{"_step":17,"val_loss":2.3080294521836318,"sample_images":{"sha256":"57b003a7d23e5882d9ff9f9a6bb1d526260d55d6a1b1981a717e6d9dd04adab5","size":15278,"path":"media/images/sample_images_0_57b003a7d23e5882d9ff.png","format":"png","width":1200,"height":600,"_type":"image-file"},"_runtime":54.6808845,"train_loss":2.314142782003745,"_wandb":{"runtime":54},"val_accuracy":10.533333333333333,"train_accuracy":10.187037037037037,"epoch":14,"test_loss":2.3069659962075013,"test_accuracy":10.09,"learning_curves":{"format":"png","width":1500,"height":500,"_type":"image-file","sha256":"b9b8640d548ae2383b5fae8fba5e0965966167712b50532195a01031e1704c64","size":47939,"path":"media/images/learning_curves_17_b9b8640d548ae2383b5f.png"},"_timestamp":1.7421875127826633e+09}