{"train_loss":0.23560706998565317,"val_loss":0.32054694519227384,"train_accuracy":91.3962962962963,"_step":17,"val_accuracy":88.56666666666668,"_timestamp":1.7421384674480338e+09,"sample_images":{"size":31364,"path":"media/images/sample_images_0_77ee7a6052947e5d44d9.png","format":"png","width":1200,"height":600,"_type":"image-file","sha256":"77ee7a6052947e5d44d9fa2d7ba2735f1b3e51413e8c4eee21f851f552664b7b"},"epoch":14,"test_loss":0.35174015175639173,"test_accuracy":87.76,"learning_curves":{"width":1500,"height":500,"_type":"image-file","sha256":"c8b6e06583339a1996815b94e861d24127dad110f8184af2c799c1ff916e3171","size":52469,"path":"media/images/learning_curves_17_c8b6e06583339a199681.png","format":"png"},"_runtime":44.9199128,"_wandb":{"runtime":44}}