{"_timestamp":1.7422071206258955e+09,"epoch":9,"test_accuracy":82.28,"_runtime":24.4222645,"val_accuracy":82.96666666666667,"val_loss":0.46809875936723067,"learning_curves":{"size":71789,"path":"media/images/learning_curves_12_e1f6ca169f1483f0536d.png","format":"png","width":1500,"height":500,"_type":"image-file","sha256":"e1f6ca169f1483f0536d474517f1b830692d0ec06ffbdf76f7540e6ce720e8f2"},"_step":12,"_wandb":{"runtime":24},"train_loss":0.5428613255027014,"sample_images":{"size":31364,"path":"media/images/sample_images_0_77ee7a6052947e5d44d9.png","format":"png","width":1200,"height":600,"_type":"image-file","sha256":"77ee7a6052947e5d44d9fa2d7ba2735f1b3e51413e8c4eee21f851f552664b7b"},"train_accuracy":84.23888888888888,"test_loss":0.4962417206540036}