{"train_accuracy":46.46666666666667,"_step":17,"_timestamp":1.742141836257073e+09,"epoch":14,"test_accuracy":51.470000000000006,"val_loss":1.2535259626086577,"sample_images":{"height":600,"_type":"image-file","sha256":"77ee7a6052947e5d44d9fa2d7ba2735f1b3e51413e8c4eee21f851f552664b7b","size":31364,"path":"media/images/sample_images_0_77ee7a6052947e5d44d9.png","format":"png","width":1200},"val_accuracy":51.083333333333336,"learning_curves":{"size":54106,"path":"media/images/learning_curves_17_c98e0dc1adbce1809c5e.png","format":"png","width":1500,"height":500,"_type":"image-file","sha256":"c98e0dc1adbce1809c5e5c05e18c648af453e55272c1458e7395c065bbedcb2a"},"_wandb":{"runtime":15},"train_loss":1.3228610492649042,"test_loss":1.255753487821813,"_runtime":15.2461918}