{"_wandb":{"runtime":29},"train_loss":0.26992817127567986,"test_accuracy":92.35,"val_loss":0.27968175695339986,"epoch":14,"test_loss":0.2741427100514846,"_step":17,"_runtime":29.8412859,"_timestamp":1.7415902987491958e+09,"train_accuracy":92.52962962962962,"learning_curves":{"path":"media/images/learning_curves_17_ef79996e4456094bb4c1.png","format":"png","width":1500,"height":500,"_type":"image-file","sha256":"ef79996e4456094bb4c1cb22be4a0dc193e988f5acb27009e18119b2417d8f2a","size":49866},"sample_images":{"_type":"image-file","sha256":"57b003a7d23e5882d9ff9f9a6bb1d526260d55d6a1b1981a717e6d9dd04adab5","size":15278,"path":"media/images/sample_images_0_57b003a7d23e5882d9ff.png","format":"png","width":1200,"height":600},"val_accuracy":92.4}