{"train_loss":0.25028961835906804,"train_accuracy":93.03703703703704,"test_accuracy":92.60000000000001,"val_accuracy":92.41666666666667,"learning_curves":{"height":500,"_type":"image-file","sha256":"4f9735d270e595d26659ebc10b47a360637691dd154dd9ccd52f8f9afc5ce6e2","size":49679,"path":"media/images/learning_curves_17_4f9735d270e595d26659.png","format":"png","width":1500},"sample_images":{"size":15278,"path":"media/images/sample_images_0_57b003a7d23e5882d9ff.png","format":"png","width":1200,"height":600,"_type":"image-file","sha256":"57b003a7d23e5882d9ff9f9a6bb1d526260d55d6a1b1981a717e6d9dd04adab5"},"_timestamp":1.7421386440705817e+09,"val_loss":0.2622265650294043,"epoch":14,"_runtime":61.9634408,"test_loss":0.268225293616237,"_step":17,"_wandb":{"runtime":62}}