{"test_loss":0.1979003278568455,"_wandb":{"runtime":10},"val_accuracy":94.18333333333334,"sample_images":{"sha256":"57b003a7d23e5882d9ff9f9a6bb1d526260d55d6a1b1981a717e6d9dd04adab5","size":15278,"path":"media/images/sample_images_0_57b003a7d23e5882d9ff.png","format":"png","width":1200,"height":600,"_type":"image-file"},"_runtime":10.5670418,"learning_curves":{"path":"media/images/learning_curves_17_f2978f98eb5a808c899e.png","format":"png","width":1500,"height":500,"_type":"image-file","sha256":"f2978f98eb5a808c899e5df9c0d8f1f2f51bdc4fa90559da8ccc576f064d2729","size":55168},"train_accuracy":94.5,"epoch":14,"_timestamp":1.7421861444769998e+09,"_step":17,"test_accuracy":94.23,"val_loss":0.19371775720949552,"train_loss":0.19413669360972044}