{"_wandb":{"runtime":9},"sample_images":{"_type":"image-file","sha256":"57b003a7d23e5882d9ff9f9a6bb1d526260d55d6a1b1981a717e6d9dd04adab5","size":15278,"path":"media/images/sample_images_0_57b003a7d23e5882d9ff.png","format":"png","width":1200,"height":600},"_step":7,"train_loss":0.22752320510511936,"test_loss":0.1760611892917075,"_timestamp":1.742227921075532e+09,"val_loss":0.17875166014975366,"val_accuracy":94.96666666666667,"train_accuracy":94.47222222222223,"epoch":4,"test_accuracy":94.75,"learning_curves":{"sha256":"8d5a30f1df3a02865c227e128c282f4ee46c2df7269c4c3984ab0029cb1dc600","size":56222,"path":"media/images/learning_curves_7_8d5a30f1df3a02865c22.png","format":"png","width":1500,"height":500,"_type":"image-file"},"_runtime":9.8154521}