{"sample_images":{"size":15278,"path":"media/images/sample_images_0_57b003a7d23e5882d9ff.png","format":"png","width":1200,"height":600,"_type":"image-file","sha256":"57b003a7d23e5882d9ff9f9a6bb1d526260d55d6a1b1981a717e6d9dd04adab5"},"test_accuracy":97.26,"test_loss":0.08760079426029367,"_step":17,"_runtime":26.8076157,"val_accuracy":97.28333333333333,"train_accuracy":98.89074074074074,"epoch":14,"train_loss":0.04463938425838193,"_wandb":{"runtime":26},"val_loss":0.09018074287547251,"learning_curves":{"_type":"image-file","sha256":"a7344d9472fad0f92e72099574142838d4ad9b22fb101d6c0e610269687d9492","size":49109,"path":"media/images/learning_curves_17_a7344d9472fad0f92e72.png","format":"png","width":1500,"height":500},"_timestamp":1.7422135673458927e+09}