{"_timestamp":1.742213638680158e+09,"val_accuracy":97.36666666666667,"train_accuracy":98.65555555555555,"learning_curves":{"sha256":"2adaad7d6aaa3dc17d96126a4747cf109fd4e95c2ff6fb276510184ea50e2ebe","size":59048,"path":"media/images/learning_curves_17_2adaad7d6aaa3dc17d96.png","format":"png","width":1500,"height":500,"_type":"image-file"},"epoch":14,"_wandb":{"runtime":29},"_step":17,"val_loss":0.12222214840965274,"sample_images":{"_type":"image-file","sha256":"57b003a7d23e5882d9ff9f9a6bb1d526260d55d6a1b1981a717e6d9dd04adab5","size":15278,"path":"media/images/sample_images_0_57b003a7d23e5882d9ff.png","format":"png","width":1200,"height":600},"test_loss":0.14043208859082804,"test_accuracy":96.96000000000001,"_runtime":29.028134,"train_loss":0.05710863308326209}