{"_runtime":17.3417499,"_step":17,"train_accuracy":95.04814814814814,"_wandb":{"runtime":17},"learning_curves":{"sha256":"13660cd914ef1daad87922aebf931ece31016fc70888858baf56f475a49cd60f","size":50891,"path":"media/images/learning_curves_17_13660cd914ef1daad879.png","format":"png","width":1500,"height":500,"_type":"image-file"},"_timestamp":1.742215165974099e+09,"val_accuracy":94.56666666666666,"test_loss":0.18484515455194211,"val_loss":0.18482139363227562,"sample_images":{"height":600,"_type":"image-file","sha256":"57b003a7d23e5882d9ff9f9a6bb1d526260d55d6a1b1981a717e6d9dd04adab5","size":15278,"path":"media/images/sample_images_0_57b003a7d23e5882d9ff.png","format":"png","width":1200},"epoch":14,"test_accuracy":94.69,"train_loss":0.1812627003771779}