{"epoch":4,"_runtime":7.472612,"train_loss":0.699090563148861,"val_accuracy":88.33333333333333,"sample_images":{"size":15278,"path":"media/images/sample_images_0_57b003a7d23e5882d9ff.png","format":"png","width":1200,"height":600,"_type":"image-file","sha256":"57b003a7d23e5882d9ff9f9a6bb1d526260d55d6a1b1981a717e6d9dd04adab5"},"_timestamp":1.742225225889354e+09,"_step":7,"test_loss":0.6204616746337142,"val_loss":0.6260104057486864,"test_accuracy":88.35,"learning_curves":{"height":500,"_type":"image-file","sha256":"096a876857c320422f382f7ceaaec1ac7dfb47548475a85f2cdd735855e2eac3","size":61365,"path":"media/images/learning_curves_7_096a876857c320422f38.png","format":"png","width":1500},"train_accuracy":86.70740740740742,"_wandb":{"runtime":7}}