{"train_loss":0.7335482115063628,"train_accuracy":74.17592592592592,"_timestamp":1.7421426810264118e+09,"test_loss":0.7351361568103452,"val_loss":0.7274720390067729,"sample_images":{"format":"png","width":1200,"height":600,"_type":"image-file","sha256":"77ee7a6052947e5d44d9fa2d7ba2735f1b3e51413e8c4eee21f851f552664b7b","size":31364,"path":"media/images/sample_images_0_77ee7a6052947e5d44d9.png"},"_wandb":{"runtime":28},"_runtime":27.4020473,"_step":17,"val_accuracy":73.93333333333332,"epoch":14,"test_accuracy":73.75,"learning_curves":{"sha256":"13521403a2042313e74665ad0ac7954bdc25927b99c0d5e2c3ac566f63ff1e18","size":59106,"path":"media/images/learning_curves_17_13521403a2042313e746.png","format":"png","width":1500,"height":500,"_type":"image-file"}}