{"train_loss":0.1445686211589962,"val_loss":0.1462942420421098,"_runtime":13.8962283,"_timestamp":1.7422241618394783e+09,"sample_images":{"_type":"image-file","sha256":"57b003a7d23e5882d9ff9f9a6bb1d526260d55d6a1b1981a717e6d9dd04adab5","size":15278,"path":"media/images/sample_images_0_57b003a7d23e5882d9ff.png","format":"png","width":1200,"height":600},"_wandb":{"runtime":13},"epoch":9,"train_accuracy":95.81481481481482,"val_accuracy":95.88333333333333,"learning_curves":{"format":"png","width":1500,"height":500,"_type":"image-file","sha256":"fbf98527232f5177996df06649da0249d004cca8bc886b482463294637053917","size":51664,"path":"media/images/learning_curves_12_fbf98527232f5177996d.png"},"_step":12,"test_accuracy":95.77,"test_loss":0.1427980541331818}