{"_timestamp":1.7421859368588376e+09,"train_accuracy":89.04814814814814,"epoch":9,"_wandb":{"runtime":17},"_step":12,"sample_images":{"format":"png","width":1200,"height":600,"_type":"image-file","sha256":"77ee7a6052947e5d44d9fa2d7ba2735f1b3e51413e8c4eee21f851f552664b7b","size":31364,"path":"media/images/sample_images_0_77ee7a6052947e5d44d9.png"},"_runtime":17.5620346,"train_loss":0.3564117681614742,"learning_curves":{"sha256":"e8b8beb8c73e9b89c530bc41f0cf1c12b8beb498cc043b8af082745e718c5431","size":63337,"path":"media/images/learning_curves_12_e8b8beb8c73e9b89c530.png","format":"png","width":1500,"height":500,"_type":"image-file"},"test_accuracy":86.69,"test_loss":0.42431131482803636,"val_loss":0.38308642466190507,"val_accuracy":87.64999999999999}