{"_runtime":7.9287239,"train_accuracy":97.9462962962963,"train_loss":0.0695804570654757,"learning_curves":{"sha256":"9d864b87433d6ea45017fa574bd434b744f0e7354507475711305e504bbdc426","size":51724,"path":"media/images/learning_curves_12_9d864b87433d6ea45017.png","format":"png","width":1500,"height":500,"_type":"image-file"},"test_loss":0.1180824239607158,"_wandb":{"runtime":7},"epoch":9,"val_loss":0.10996789387669643,"test_accuracy":96.47,"sample_images":{"format":"png","width":1200,"height":600,"_type":"image-file","sha256":"57b003a7d23e5882d9ff9f9a6bb1d526260d55d6a1b1981a717e6d9dd04adab5","size":15278,"path":"media/images/sample_images_0_57b003a7d23e5882d9ff.png"},"_timestamp":1.7422232942237477e+09,"val_accuracy":96.68333333333334,"_step":12}