{"val_accuracy":10.9,"test_loss":2.301818106929194,"train_accuracy":11.274074074074074,"test_accuracy":11.35,"train_loss":2.3018865898440866,"epoch":9,"learning_curves":{"path":"media/images/learning_curves_12_669a6540eb8e8faa34c6.png","format":"png","width":1500,"height":500,"_type":"image-file","sha256":"669a6540eb8e8faa34c65dbde9dd6f3bc5568f9efebfb568611d6cfbafcb57be","size":52005},"sample_images":{"format":"png","width":1200,"height":600,"_type":"image-file","sha256":"57b003a7d23e5882d9ff9f9a6bb1d526260d55d6a1b1981a717e6d9dd04adab5","size":15278,"path":"media/images/sample_images_0_57b003a7d23e5882d9ff.png"},"_step":12,"_runtime":22.2116198,"val_loss":2.302084223394445,"_wandb":{"runtime":22},"_timestamp":1.7422238976149468e+09}