{"train_loss":2.103270439290597,"_wandb":{"runtime":43},"_timestamp":1.7421363760636e+09,"test_accuracy":14.280000000000001,"_step":17,"learning_curves":{"size":60165,"path":"media/images/learning_curves_17_b99ef9bc1f24a2644a8f.png","format":"png","width":1500,"height":500,"_type":"image-file","sha256":"b99ef9bc1f24a2644a8f71bcd6b171e49b60e176497f8b74f24e413d5a9025a7"},"_runtime":43.48314,"val_accuracy":14.633333333333335,"val_loss":2.215841843555508,"train_accuracy":19.564814814814817,"test_loss":2.23308690547746,"epoch":14,"sample_images":{"width":1200,"height":600,"_type":"image-file","sha256":"57b003a7d23e5882d9ff9f9a6bb1d526260d55d6a1b1981a717e6d9dd04adab5","size":15278,"path":"media/images/sample_images_0_57b003a7d23e5882d9ff.png","format":"png"}}