{"train_loss":2.303353287927994,"_runtime":6.2568984,"epoch":4,"test_loss":2.302538763922523,"_wandb":{"runtime":6},"_step":7,"sample_images":{"format":"png","width":1200,"height":600,"_type":"image-file","sha256":"77ee7a6052947e5d44d9fa2d7ba2735f1b3e51413e8c4eee21f851f552664b7b","size":31364,"path":"media/images/sample_images_0_77ee7a6052947e5d44d9.png"},"_timestamp":1.7415909046541803e+09,"test_accuracy":10.67,"learning_curves":{"path":"media/images/learning_curves_7_8dd3e667140e20fa388b.png","format":"png","width":1500,"height":500,"_type":"image-file","sha256":"8dd3e667140e20fa388b86abe2b882bed63918df7aadc9d1827491b0891e9209","size":52989},"val_accuracy":9.700000000000001,"val_loss":2.3025621246407253,"train_accuracy":10.516666666666667}