{"test_accuracy":96.22,"_timestamp":1.7422141131505318e+09,"test_loss":0.21182353654215078,"_runtime":23.1805468,"_step":17,"train_loss":0.13020677491076485,"val_accuracy":95.8,"val_loss":0.23397320351788853,"epoch":14,"_wandb":{"runtime":23},"sample_images":{"height":600,"_type":"image-file","sha256":"57b003a7d23e5882d9ff9f9a6bb1d526260d55d6a1b1981a717e6d9dd04adab5","size":15278,"path":"media/images/sample_images_0_57b003a7d23e5882d9ff.png","format":"png","width":1200},"learning_curves":{"height":500,"_type":"image-file","sha256":"f0626d46ff6ff84d3131327e2a3827c0a17b385fc1ed64aef0529df52a1198c5","size":68781,"path":"media/images/learning_curves_17_f0626d46ff6ff84d3131.png","format":"png","width":1500},"train_accuracy":97.0925925925926}