{"_wandb":{"runtime":28},"train_loss":0.2594842256068105,"val_loss":0.2675958032334772,"_step":12,"epoch":9,"test_accuracy":92.27,"_runtime":28.398086,"val_accuracy":92.73333333333333,"test_loss":0.27273924501195035,"learning_curves":{"height":500,"_type":"image-file","sha256":"bce204a089eb021b6c2f09ff68d0766396a42328e7724125052ef561192ceeca","size":47678,"path":"media/images/learning_curves_12_bce204a089eb021b6c2f.png","format":"png","width":1500},"train_accuracy":92.7074074074074,"sample_images":{"format":"png","width":1200,"height":600,"_type":"image-file","sha256":"57b003a7d23e5882d9ff9f9a6bb1d526260d55d6a1b1981a717e6d9dd04adab5","size":15278,"path":"media/images/sample_images_0_57b003a7d23e5882d9ff.png"},"_timestamp":1.7422235191154695e+09}