{"test_accuracy":96.88,"train_accuracy":98.1962962962963,"train_loss":0.0867194394661441,"val_loss":0.10751322486297785,"_wandb":{"runtime":30},"epoch":4,"_runtime":30.5722752,"learning_curves":{"width":1500,"height":500,"_type":"image-file","sha256":"e87b485bc6e144fb7f4cc9ec575546b0e928668eef6dab928845e9bf45a78fc1","size":54987,"path":"media/images/learning_curves_7_e87b485bc6e144fb7f4c.png","format":"png"},"_step":7,"sample_images":{"sha256":"57b003a7d23e5882d9ff9f9a6bb1d526260d55d6a1b1981a717e6d9dd04adab5","size":15278,"path":"media/images/sample_images_0_57b003a7d23e5882d9ff.png","format":"png","width":1200,"height":600,"_type":"image-file"},"val_accuracy":96.65,"test_loss":0.10866858858900527,"_timestamp":1.74222625175562e+09}