{"_step":12,"val_loss":1.9172051757934878,"learning_curves":{"path":"media/images/learning_curves_12_4be4bcc5c69e722a9533.png","format":"png","width":1500,"height":500,"_type":"image-file","sha256":"4be4bcc5c69e722a953368738396cd4b66359b3af947dc868332e208c95e8b50","size":68925},"test_accuracy":18.8,"_wandb":{"runtime":26},"train_loss":1.981802414770972,"train_accuracy":19.53333333333333,"epoch":9,"test_loss":1.9243252163136244,"_runtime":25.9425175,"_timestamp":1.7422117599997435e+09,"sample_images":{"sha256":"57b003a7d23e5882d9ff9f9a6bb1d526260d55d6a1b1981a717e6d9dd04adab5","size":15278,"path":"media/images/sample_images_0_57b003a7d23e5882d9ff.png","format":"png","width":1200,"height":600,"_type":"image-file"},"val_accuracy":19.5}