{"test_loss":0.1314351729648149,"sample_images":{"format":"png","width":1200,"height":600,"_type":"image-file","sha256":"57b003a7d23e5882d9ff9f9a6bb1d526260d55d6a1b1981a717e6d9dd04adab5","size":15278,"path":"media/images/sample_images_0_57b003a7d23e5882d9ff.png"},"learning_curves":{"_type":"image-file","sha256":"96c967cb08f82b9009b76e4f50a3f3c9586bcaef15678f520089e5610b9c407f","size":52047,"path":"media/images/learning_curves_17_96c967cb08f82b9009b7.png","format":"png","width":1500,"height":500},"_wandb":{"runtime":37},"val_loss":0.1233892168275474,"train_loss":0.12705465256719042,"train_accuracy":97.11111111111111,"epoch":14,"_runtime":37.7008061,"test_accuracy":96.16,"_timestamp":1.7415913308066502e+09,"val_accuracy":96.5,"_step":17}