{"train_accuracy":85.18148148148148,"epoch":14,"_step":17,"_timestamp":1.7415903361446626e+09,"val_accuracy":84.53333333333333,"_runtime":14.3605816,"sample_images":{"sha256":"77ee7a6052947e5d44d9fa2d7ba2735f1b3e51413e8c4eee21f851f552664b7b","size":31364,"path":"media/images/sample_images_0_77ee7a6052947e5d44d9.png","format":"png","width":1200,"height":600,"_type":"image-file"},"test_accuracy":83.88,"learning_curves":{"path":"media/images/learning_curves_17_7af58b8833194a427314.png","format":"png","width":1500,"height":500,"_type":"image-file","sha256":"7af58b8833194a427314fd51e2210d5504b41e84f96304b60771f542f8f8ea4b","size":52515},"train_loss":0.42027041606401755,"val_loss":0.42136375081184246,"test_loss":0.44997085206498383,"_wandb":{"runtime":14}}