{"val_accuracy":97.63333333333334,"train_loss":0.01754082296496399,"epoch":14,"_runtime":31.578034,"learning_curves":{"_type":"image-file","sha256":"48b7778ea83726d0ae33a9dd13cf9aa32b2b2134612d74c8504fb48f69fab0d4","size":54109,"path":"media/images/learning_curves_17_48b7778ea83726d0ae33.png","format":"png","width":1500,"height":500},"_wandb":{"runtime":31},"sample_images":{"format":"png","width":1200,"height":600,"_type":"image-file","sha256":"57b003a7d23e5882d9ff9f9a6bb1d526260d55d6a1b1981a717e6d9dd04adab5","size":15278,"path":"media/images/sample_images_0_57b003a7d23e5882d9ff.png"},"train_accuracy":99.5,"test_loss":0.10470168628461525,"_timestamp":1.7422126319899602e+09,"test_accuracy":97.50999999999999,"val_loss":0.09583800852271959,"_step":17}