{"val_loss":0.09732772548044437,"_wandb":{"runtime":20},"train_accuracy":99.65925925925926,"_step":17,"learning_curves":{"_type":"image-file","sha256":"357921208f163eebfe59d39f0df70f9e2b4ba0958f65d3f5f36831b769675c1a","size":53550,"path":"media/images/learning_curves_17_357921208f163eebfe59.png","format":"png","width":1500,"height":500},"_runtime":20.8922106,"val_accuracy":98,"test_loss":0.11588879319205436,"epoch":14,"sample_images":{"path":"media/images/sample_images_0_57b003a7d23e5882d9ff.png","format":"png","width":1200,"height":600,"_type":"image-file","sha256":"57b003a7d23e5882d9ff9f9a6bb1d526260d55d6a1b1981a717e6d9dd04adab5","size":15278},"train_loss":0.011119614076354251,"test_accuracy":97.82,"_timestamp":1.7422126630846925e+09}