{"learning_curves":{"size":53555,"path":"media/images/learning_curves_17_c2b8619e4441bdf0d636.png","format":"png","width":1500,"height":500,"_type":"image-file","sha256":"c2b8619e4441bdf0d636981cb61596d84596dbd04a96d04ac8c350269e7d0ce4"},"_runtime":17.8951463,"train_accuracy":99.28703703703704,"test_loss":0.09934975705888634,"_timestamp":1.7421871895878062e+09,"test_accuracy":97.56,"_wandb":{"runtime":17},"epoch":14,"train_loss":0.028243457338505765,"sample_images":{"size":15278,"path":"media/images/sample_images_0_57b003a7d23e5882d9ff.png","format":"png","width":1200,"height":600,"_type":"image-file","sha256":"57b003a7d23e5882d9ff9f9a6bb1d526260d55d6a1b1981a717e6d9dd04adab5"},"val_loss":0.08927364862838358,"val_accuracy":97.78333333333333,"_step":17}