{"test_loss":0.3684049762132118,"val_loss":0.37231359299889244,"_runtime":18.5528473,"train_loss":0.41710759391304886,"train_accuracy":88.34814814814816,"_step":7,"epoch":4,"_timestamp":1.7422268480295093e+09,"learning_curves":{"width":1500,"height":500,"_type":"image-file","sha256":"99b4500c1e3db330571894e5d8e0525fb55491d4da0b0837bde85c8e238220a6","size":61197,"path":"media/images/learning_curves_7_99b4500c1e3db3305718.png","format":"png"},"sample_images":{"_type":"image-file","sha256":"57b003a7d23e5882d9ff9f9a6bb1d526260d55d6a1b1981a717e6d9dd04adab5","size":15278,"path":"media/images/sample_images_0_57b003a7d23e5882d9ff.png","format":"png","width":1200,"height":600},"val_accuracy":89.58333333333334,"test_accuracy":89.64,"_wandb":{"runtime":18}}