{"val_accuracy":96.85000000000001,"sample_images":{"size":15278,"path":"media/images/sample_images_0_57b003a7d23e5882d9ff.png","format":"png","width":1200,"height":600,"_type":"image-file","sha256":"57b003a7d23e5882d9ff9f9a6bb1d526260d55d6a1b1981a717e6d9dd04adab5"},"_timestamp":1.7422116011965008e+09,"learning_curves":{"height":500,"_type":"image-file","sha256":"53dc1d7545a8266f21242b6353864ddec4026cac14084f5b653287cd5f0198b4","size":52143,"path":"media/images/learning_curves_12_53dc1d7545a8266f2124.png","format":"png","width":1500},"train_accuracy":97.6462962962963,"_runtime":49.9465138,"_step":12,"_wandb":{"runtime":50},"epoch":9,"val_loss":0.10431137401350996,"train_loss":0.08190757848900876,"test_loss":0.10522502988023896,"test_accuracy":96.7}