{"epoch":4,"val_loss":0.48765309238651194,"sample_images":{"sha256":"77ee7a6052947e5d44d9fa2d7ba2735f1b3e51413e8c4eee21f851f552664b7b","size":31364,"path":"media/images/sample_images_0_77ee7a6052947e5d44d9.png","format":"png","width":1200,"height":600,"_type":"image-file"},"train_accuracy":83.34814814814816,"_step":7,"_timestamp":1.7422256738852956e+09,"test_accuracy":82.83,"train_loss":0.5440155727956648,"val_accuracy":83.11666666666667,"_wandb":{"runtime":15},"learning_curves":{"height":500,"_type":"image-file","sha256":"1d356ce2f07e15cd0b9e5eb50d1e3679ac716df8f4f014a1674cfb213afefeb4","size":66659,"path":"media/images/learning_curves_7_1d356ce2f07e15cd0b9e.png","format":"png","width":1500},"_runtime":15.8820557,"test_loss":0.5069747908445985}