{"test_loss":1.0073545154790424,"train_loss":1.0188580865815429,"_runtime":18.8210244,"epoch":14,"learning_curves":{"format":"png","width":1500,"height":500,"_type":"image-file","sha256":"5967cab23e952cbc1a44eca15666992bd7e9bdfdce433cb47836a77e799e2a21","size":61080,"path":"media/images/learning_curves_17_5967cab23e952cbc1a44.png"},"_timestamp":1.7421397539204884e+09,"val_loss":1.0012610387903136,"train_accuracy":61.237037037037034,"test_accuracy":61.09,"_step":17,"sample_images":{"sha256":"77ee7a6052947e5d44d9fa2d7ba2735f1b3e51413e8c4eee21f851f552664b7b","size":31364,"path":"media/images/sample_images_0_77ee7a6052947e5d44d9.png","format":"png","width":1200,"height":600,"_type":"image-file"},"_wandb":{"runtime":18},"val_accuracy":61.95}