{"val_accuracy":97.63333333333334,"test_loss":0.08727687015442626,"learning_curves":{"width":1500,"height":500,"_type":"image-file","sha256":"cf4532610abecb50ab8afa7f1eb096531b9aeb4151aac9f4fd5b836439933aad","size":53410,"path":"media/images/learning_curves_17_cf4532610abecb50ab8a.png","format":"png"},"_timestamp":1.7422122346692834e+09,"val_loss":0.08379158442365119,"train_accuracy":99.67407407407407,"_wandb":{"runtime":48},"test_accuracy":97.72,"_step":17,"_runtime":48.7518413,"epoch":14,"train_loss":0.020861400225540325,"sample_images":{"path":"media/images/sample_images_0_57b003a7d23e5882d9ff.png","format":"png","width":1200,"height":600,"_type":"image-file","sha256":"57b003a7d23e5882d9ff9f9a6bb1d526260d55d6a1b1981a717e6d9dd04adab5","size":15278}}