{"train_loss":0.46444614066680184,"val_loss":0.46767270182708537,"_timestamp":1.7421863130071933e+09,"_step":7,"_wandb":{"runtime":6},"_runtime":6.5201053,"sample_images":{"path":"media/images/sample_images_0_77ee7a6052947e5d44d9.png","format":"png","width":1200,"height":600,"_type":"image-file","sha256":"77ee7a6052947e5d44d9fa2d7ba2735f1b3e51413e8c4eee21f851f552664b7b","size":31364},"learning_curves":{"width":1500,"height":500,"_type":"image-file","sha256":"a97d3b6279435da1f30708137cd909e86379ee0c28f8af854a01269557f03ad7","size":51906,"path":"media/images/learning_curves_7_a97d3b6279435da1f307.png","format":"png"},"epoch":4,"train_accuracy":84.11111111111111,"val_accuracy":83.68333333333334,"test_accuracy":82.92,"test_loss":0.48861711663729057}