{"_runtime":10.8790225,"learning_curves":{"width":1500,"height":500,"_type":"image-file","sha256":"3de791f715c40a4efe3151b93eafe419b2359e70690e2c199e24bef04f521f81","size":51344,"path":"media/images/learning_curves_12_3de791f715c40a4efe31.png","format":"png"},"_step":12,"train_accuracy":96.95,"test_loss":0.13306520306424535,"epoch":9,"train_loss":0.1103793957727482,"sample_images":{"format":"png","width":1200,"height":600,"_type":"image-file","sha256":"57b003a7d23e5882d9ff9f9a6bb1d526260d55d6a1b1981a717e6d9dd04adab5","size":15278,"path":"media/images/sample_images_0_57b003a7d23e5882d9ff.png"},"test_accuracy":96.03,"_timestamp":1.7422231075304155e+09,"val_loss":0.128934454028872,"val_accuracy":96.13333333333334,"_wandb":{"runtime":10}}