{"val_loss":0.16724276335323618,"val_accuracy":95.89999999999999,"test_accuracy":95.71,"_runtime":13.7168071,"sample_images":{"_type":"image-file","sha256":"57b003a7d23e5882d9ff9f9a6bb1d526260d55d6a1b1981a717e6d9dd04adab5","size":15278,"path":"media/images/sample_images_0_57b003a7d23e5882d9ff.png","format":"png","width":1200,"height":600},"epoch":14,"_wandb":{"runtime":13},"_step":17,"_timestamp":1.742228193074882e+09,"learning_curves":{"format":"png","width":1500,"height":500,"_type":"image-file","sha256":"32436274479b4693145564976ae3bc2e79ef2ee73f9259fde6bd680a0c5ce34d","size":56640,"path":"media/images/learning_curves_17_32436274479b46931455.png"},"train_accuracy":97.03518518518518,"test_loss":0.19959777085168576,"train_loss":0.1102224962269661}