{"val_accuracy":97.63333333333334,"learning_curves":{"width":1500,"height":500,"_type":"image-file","sha256":"734bd51ee0d0ebd55c20dd791b6593f4a2ffb52eecccf9df4cd2b8a173d78f0a","size":47141,"path":"media/images/learning_curves_17_734bd51ee0d0ebd55c20.png","format":"png"},"_runtime":49.7534657,"test_loss":0.08693788007606754,"_timestamp":1.7422138434193976e+09,"epoch":14,"sample_images":{"size":15278,"path":"media/images/sample_images_0_57b003a7d23e5882d9ff.png","format":"png","width":1200,"height":600,"_type":"image-file","sha256":"57b003a7d23e5882d9ff9f9a6bb1d526260d55d6a1b1981a717e6d9dd04adab5"},"_step":17,"test_accuracy":97.54,"_wandb":{"runtime":49},"val_loss":0.08295623188825738,"train_accuracy":99.55000000000001,"train_loss":0.021891907023348853}