{"test_accuracy":94.65,"train_accuracy":94.92962962962963,"epoch":14,"val_accuracy":95.05,"train_loss":0.17699476922075458,"_wandb":{"runtime":19},"_runtime":19.931576,"_timestamp":1.742215726489713e+09,"val_loss":0.17481545420812403,"_step":17,"test_loss":0.1748740446225098,"sample_images":{"path":"media/images/sample_images_0_57b003a7d23e5882d9ff.png","format":"png","width":1200,"height":600,"_type":"image-file","sha256":"57b003a7d23e5882d9ff9f9a6bb1d526260d55d6a1b1981a717e6d9dd04adab5","size":15278},"learning_curves":{"size":48183,"path":"media/images/learning_curves_17_8bae5811216e5e6a2cc2.png","format":"png","width":1500,"height":500,"_type":"image-file","sha256":"8bae5811216e5e6a2cc230f4c4753ec21995a325703a39fe499ca6d23267d5fb"}}