{"train_accuracy":92.25925925925927,"_step":12,"val_loss":0.27694886108561945,"_wandb":{"runtime":9},"test_accuracy":92.17,"learning_curves":{"path":"media/images/learning_curves_12_c47dc302fa0ecd89f995.png","format":"png","width":1500,"height":500,"_type":"image-file","sha256":"c47dc302fa0ecd89f9957705e0fdd4b43aab3c1f4b09cf97805cf31f457ffb18","size":47391},"sample_images":{"path":"media/images/sample_images_0_57b003a7d23e5882d9ff.png","format":"png","width":1200,"height":600,"_type":"image-file","sha256":"57b003a7d23e5882d9ff9f9a6bb1d526260d55d6a1b1981a717e6d9dd04adab5","size":15278},"val_accuracy":92.46666666666667,"_runtime":9.7873465,"_timestamp":1.7422115105693595e+09,"test_loss":0.27489378361586636,"epoch":9,"train_loss":0.2778651708387393}