{"_step":17,"val_accuracy":68.98333333333333,"train_loss":0.9390723074047596,"_wandb":{"runtime":36},"_timestamp":1.7415887116470475e+09,"learning_curves":{"path":"media/images/learning_curves_17_d7faddf7daddb8f1bc09.png","format":"png","width":1500,"height":500,"_type":"image-file","sha256":"d7faddf7daddb8f1bc09e0134cad2f9223d8d743d5b3203b5dbd31e3a7a44bec","size":59782},"sample_images":{"_type":"image-file","sha256":"77ee7a6052947e5d44d9fa2d7ba2735f1b3e51413e8c4eee21f851f552664b7b","size":31364,"path":"media/images/sample_images_0_77ee7a6052947e5d44d9.png","format":"png","width":1200,"height":600},"epoch":14,"_runtime":36.3495682,"test_loss":0.9340944446754387,"val_loss":0.9264206891967824,"train_accuracy":69.39074074074074,"test_accuracy":68.45}