{"_timestamp":1.7422078913183854e+09,"test_accuracy":96.06,"_runtime":28.5742123,"train_loss":0.1237633605281148,"epoch":9,"train_accuracy":96.5037037037037,"val_accuracy":96.31666666666666,"val_loss":0.1288043882509345,"test_loss":0.13388201603077624,"_wandb":{"runtime":28},"sample_images":{"height":600,"_type":"image-file","sha256":"57b003a7d23e5882d9ff9f9a6bb1d526260d55d6a1b1981a717e6d9dd04adab5","size":15278,"path":"media/images/sample_images_0_57b003a7d23e5882d9ff.png","format":"png","width":1200},"_step":12,"learning_curves":{"height":500,"_type":"image-file","sha256":"433ec56ef84897a4f4eb89dbaaeb42d70e6968327618533c942196d8878b5a05","size":52880,"path":"media/images/learning_curves_12_433ec56ef84897a4f4eb.png","format":"png","width":1500}}