{"_timestamp":1.7422138685051346e+09,"learning_curves":{"size":51047,"path":"media/images/learning_curves_12_e4f0b8b26391a087407d.png","format":"png","width":1500,"height":500,"_type":"image-file","sha256":"e4f0b8b26391a087407ded99fef6ab626d5cf25e27f05f6309d6acd82c4ade3e"},"val_loss":0.09203354132620645,"sample_images":{"sha256":"57b003a7d23e5882d9ff9f9a6bb1d526260d55d6a1b1981a717e6d9dd04adab5","size":15278,"path":"media/images/sample_images_0_57b003a7d23e5882d9ff.png","format":"png","width":1200,"height":600,"_type":"image-file"},"train_loss":0.02484432472092271,"_step":12,"test_loss":0.09048569985028392,"_runtime":17.6978175,"test_accuracy":97.50999999999999,"_wandb":{"runtime":17},"val_accuracy":97.61666666666666,"epoch":9,"train_accuracy":99.19814814814815}