{"test_loss":0.13231995878966474,"_runtime":20.6920099,"test_accuracy":96.47,"learning_curves":{"sha256":"20e2daa6998ac94321235d8910610ddd468ce8ffb21a9527a1815b50284fcae5","size":51516,"path":"media/images/learning_curves_17_20e2daa6998ac9432123.png","format":"png","width":1500,"height":500,"_type":"image-file"},"_timestamp":1.742140539186643e+09,"val_accuracy":96.35000000000001,"_wandb":{"runtime":20},"epoch":14,"train_loss":0.06298904226647392,"val_loss":0.12588295962870216,"train_accuracy":98.45185185185186,"sample_images":{"_type":"image-file","sha256":"57b003a7d23e5882d9ff9f9a6bb1d526260d55d6a1b1981a717e6d9dd04adab5","size":15278,"path":"media/images/sample_images_0_57b003a7d23e5882d9ff.png","format":"png","width":1200,"height":600},"_step":17}