{"_timestamp":1.7422269609870572e+09,"_runtime":32.2812691,"val_accuracy":91.48333333333333,"epoch":4,"train_loss":0.3925366818620997,"sample_images":{"format":"png","width":1200,"height":600,"_type":"image-file","sha256":"57b003a7d23e5882d9ff9f9a6bb1d526260d55d6a1b1981a717e6d9dd04adab5","size":15278,"path":"media/images/sample_images_0_57b003a7d23e5882d9ff.png"},"_wandb":{"runtime":32},"val_loss":0.3277844451995731,"_step":7,"train_accuracy":90.82777777777777,"test_accuracy":91.57,"test_loss":0.32887754213567794,"learning_curves":{"size":54842,"path":"media/images/learning_curves_7_ad43b19c4490b243af21.png","format":"png","width":1500,"height":500,"_type":"image-file","sha256":"ad43b19c4490b243af21a26acc77fdb3abd33c6596528e22665e88d14814e586"}}