{"sample_images":{"_type":"image-file","sha256":"57b003a7d23e5882d9ff9f9a6bb1d526260d55d6a1b1981a717e6d9dd04adab5","size":15278,"path":"media/images/sample_images_0_57b003a7d23e5882d9ff.png","format":"png","width":1200,"height":600},"_step":17,"val_loss":0.19388306722829027,"epoch":14,"_timestamp":1.742214966627611e+09,"train_loss":0.19537799352854252,"val_accuracy":94.5,"learning_curves":{"size":47894,"path":"media/images/learning_curves_17_b66b72178d965e5ef46a.png","format":"png","width":1500,"height":500,"_type":"image-file","sha256":"b66b72178d965e5ef46a43ea447abdd0907159c8a6e4c2c0a6d55ce2c066554e"},"_runtime":12.7889178,"_wandb":{"runtime":12},"test_accuracy":94.33,"test_loss":0.19482359376981814,"train_accuracy":94.51481481481481}