{"_step":17,"train_accuracy":96.17962962962963,"_wandb":{"runtime":17},"test_accuracy":95.78,"sample_images":{"sha256":"57b003a7d23e5882d9ff9f9a6bb1d526260d55d6a1b1981a717e6d9dd04adab5","size":15278,"path":"media/images/sample_images_0_57b003a7d23e5882d9ff.png","format":"png","width":1200,"height":600,"_type":"image-file"},"_timestamp":1.7422245869775097e+09,"test_loss":0.1432869933953872,"learning_curves":{"_type":"image-file","sha256":"ffc4384f5de544a1a172cddaa2b9ccf0cf5b542305e187aa48999c0677d874db","size":48611,"path":"media/images/learning_curves_17_ffc4384f5de544a1a172.png","format":"png","width":1500,"height":500},"epoch":14,"val_accuracy":95.76666666666667,"val_loss":0.1423912872107289,"_runtime":17.945975699999998,"train_loss":0.13781806160912413}