{"sample_images":{"_type":"image-file","sha256":"57b003a7d23e5882d9ff9f9a6bb1d526260d55d6a1b1981a717e6d9dd04adab5","size":15278,"path":"media/images/sample_images_0_57b003a7d23e5882d9ff.png","format":"png","width":1200,"height":600},"_runtime":6.9629134,"val_loss":0.11664354270769065,"epoch":4,"learning_curves":{"width":1500,"height":500,"_type":"image-file","sha256":"d3fcbc82cfd90015562337f67bf0ca1b01fcff8bbd6b4350d369654af338ec76","size":50363,"path":"media/images/learning_curves_7_d3fcbc82cfd900155623.png","format":"png"},"_timestamp":1.7422255791444855e+09,"train_loss":0.0877313173902363,"test_accuracy":96.89,"test_loss":0.11416711083958751,"val_accuracy":96.81666666666666,"_step":7,"train_accuracy":97.45925925925926,"_wandb":{"runtime":6}}