{"learning_curves":{"width":1500,"height":500,"_type":"image-file","sha256":"6a7bc69ee1bb22d1a106081023979924a84e2d3a7aae9336b58f853ab9c9a8d6","size":54000,"path":"media/images/learning_curves_17_6a7bc69ee1bb22d1a106.png","format":"png"},"_runtime":36.8972314,"test_accuracy":87.02,"epoch":14,"train_loss":0.30529723381413926,"train_accuracy":88.94259259259259,"_wandb":{"runtime":36},"_timestamp":1.7422073763031554e+09,"test_loss":0.36267510832718575,"val_loss":0.32966875377170196,"val_accuracy":87.9,"sample_images":{"width":1200,"height":600,"_type":"image-file","sha256":"77ee7a6052947e5d44d9fa2d7ba2735f1b3e51413e8c4eee21f851f552664b7b","size":31364,"path":"media/images/sample_images_0_77ee7a6052947e5d44d9.png","format":"png"},"_step":17}