{"train_accuracy":92.34629629629629,"_runtime":15.873709999999999,"train_loss":0.27226869328797126,"learning_curves":{"_type":"image-file","sha256":"5b7578672e37ea31f152f56a796c661c793c341155f3bcd8ee43da35a1a088fd","size":54653,"path":"media/images/learning_curves_17_5b7578672e37ea31f152.png","format":"png","width":1500,"height":500},"_step":17,"sample_images":{"size":15278,"path":"media/images/sample_images_0_57b003a7d23e5882d9ff.png","format":"png","width":1200,"height":600,"_type":"image-file","sha256":"57b003a7d23e5882d9ff9f9a6bb1d526260d55d6a1b1981a717e6d9dd04adab5"},"_wandb":{"runtime":15},"epoch":14,"_timestamp":1.742187846481654e+09,"val_accuracy":92.58333333333333,"test_accuracy":92.28,"val_loss":0.2640064417232453,"test_loss":0.26446082050176234}