{"_wandb":{"runtime":24},"test_loss":0.1315636282470891,"sample_images":{"height":600,"_type":"image-file","sha256":"57b003a7d23e5882d9ff9f9a6bb1d526260d55d6a1b1981a717e6d9dd04adab5","size":15278,"path":"media/images/sample_images_0_57b003a7d23e5882d9ff.png","format":"png","width":1200},"epoch":14,"_timestamp":1.742209879704771e+09,"val_loss":0.12994532446055687,"train_accuracy":98.64444444444445,"_runtime":24.1625512,"val_accuracy":96.18333333333334,"train_loss":0.04634879501678045,"learning_curves":{"height":500,"_type":"image-file","sha256":"e7ff4ee1f5cd100bab0bd026a0d1b2993b8c72298febbae78bcaa9abd840f5c5","size":52287,"path":"media/images/learning_curves_17_e7ff4ee1f5cd100bab0b.png","format":"png","width":1500},"_step":17,"test_accuracy":96.31}