{"_timestamp":1.7422244204580908e+09,"val_loss":0.14197634838327358,"sample_images":{"path":"media/images/sample_images_0_57b003a7d23e5882d9ff.png","format":"png","width":1200,"height":600,"_type":"image-file","sha256":"57b003a7d23e5882d9ff9f9a6bb1d526260d55d6a1b1981a717e6d9dd04adab5","size":15278},"test_loss":0.1419798264981359,"learning_curves":{"path":"media/images/learning_curves_12_c21881ed162f25cbc445.png","format":"png","width":1500,"height":500,"_type":"image-file","sha256":"c21881ed162f25cbc445a405e85a15e93a88aaf2815159356414134b47ad23c7","size":50316},"train_accuracy":96.12592592592593,"test_accuracy":95.91,"_wandb":{"runtime":18},"_runtime":18.2597687,"_step":12,"train_loss":0.17092743451358403,"val_accuracy":95.98333333333333,"epoch":9}