{"val_loss":0.44533582155648027,"_step":7,"val_accuracy":84.31666666666666,"sample_images":{"size":31364,"path":"media/images/sample_images_0_77ee7a6052947e5d44d9.png","format":"png","width":1200,"height":600,"_type":"image-file","sha256":"77ee7a6052947e5d44d9fa2d7ba2735f1b3e51413e8c4eee21f851f552664b7b"},"test_loss":0.47152475679922884,"train_accuracy":84.94814814814815,"learning_curves":{"size":51171,"path":"media/images/learning_curves_7_762869e811257f814af5.png","format":"png","width":1500,"height":500,"_type":"image-file","sha256":"762869e811257f814af5c148a24677ebc3a817ebe1d200f75e0135435db8e764"},"_wandb":{"runtime":15},"test_accuracy":83.54,"_timestamp":1.742142452607148e+09,"_runtime":15.3976688,"epoch":4,"train_loss":0.4665784653413425}