{"test_loss":0.41669696913683857,"_timestamp":1.7422274991830916e+09,"val_loss":0.41789865287789363,"learning_curves":{"width":1500,"height":500,"_type":"image-file","sha256":"12f1e5bb4131c676af6b50ea96f9136ab7182ba859bc842fbba048a39fad0f6e","size":53192,"path":"media/images/learning_curves_7_12f1e5bb4131c676af6b.png","format":"png"},"_runtime":10.3767408,"train_accuracy":87.20370370370371,"_step":7,"test_accuracy":87.7,"_wandb":{"runtime":10},"train_loss":0.44492538483365823,"sample_images":{"size":15278,"path":"media/images/sample_images_0_57b003a7d23e5882d9ff.png","format":"png","width":1200,"height":600,"_type":"image-file","sha256":"57b003a7d23e5882d9ff9f9a6bb1d526260d55d6a1b1981a717e6d9dd04adab5"},"val_accuracy":87.94999999999999,"epoch":4}