{"test_accuracy":92,"_wandb":{"runtime":7},"sample_images":{"size":15278,"path":"media/images/sample_images_0_57b003a7d23e5882d9ff.png","format":"png","width":1200,"height":600,"_type":"image-file","sha256":"57b003a7d23e5882d9ff9f9a6bb1d526260d55d6a1b1981a717e6d9dd04adab5"},"learning_curves":{"path":"media/images/learning_curves_7_3ca8b91ff1ef35eb7bbd.png","format":"png","width":1500,"height":500,"_type":"image-file","sha256":"3ca8b91ff1ef35eb7bbd194795502dc92157cc2ad4cbded3a720fb75b6020e5b","size":48228},"val_loss":0.2936634713168276,"epoch":4,"train_loss":0.3090258120604011,"_runtime":7.164987,"_step":7,"train_accuracy":91.2074074074074,"val_accuracy":91.75,"test_loss":0.287545494687573,"_timestamp":1.7422145068228967e+09}