{"learning_curves":{"_type":"image-file","sha256":"eb887753696034a9fa4a398a1658c2bf6171c66b3972338c997e48ffcf2f29f8","size":71103,"path":"media/images/learning_curves_17_eb887753696034a9fa4a.png","format":"png","width":1500,"height":500},"train_loss":1.2282707427604644,"val_accuracy":58.25,"test_accuracy":57.86,"_wandb":{"runtime":12},"_runtime":12.745594,"epoch":14,"train_accuracy":57.97962962962963,"val_loss":1.1211749846555354,"_step":17,"sample_images":{"path":"media/images/sample_images_0_57b003a7d23e5882d9ff.png","format":"png","width":1200,"height":600,"_type":"image-file","sha256":"57b003a7d23e5882d9ff9f9a6bb1d526260d55d6a1b1981a717e6d9dd04adab5","size":15278},"_timestamp":1.7421406905826402e+09,"test_loss":1.1370015542407357}