{"train_loss":0.2707457705667611,"test_loss":0.27424890963731546,"_step":17,"val_accuracy":92.53333333333333,"learning_curves":{"sha256":"21e5a15fdd218d93065721ba81f3b6911d07aa8bd424297f5f8410dc7a5dccd4","size":49298,"path":"media/images/learning_curves_17_21e5a15fdd218d930657.png","format":"png","width":1500,"height":500,"_type":"image-file"},"_wandb":{"runtime":30},"sample_images":{"width":1200,"height":600,"_type":"image-file","sha256":"57b003a7d23e5882d9ff9f9a6bb1d526260d55d6a1b1981a717e6d9dd04adab5","size":15278,"path":"media/images/sample_images_0_57b003a7d23e5882d9ff.png","format":"png"},"_runtime":30.6875572,"epoch":14,"_timestamp":1.7415902660376022e+09,"test_accuracy":92.36999999999999,"train_accuracy":92.46296296296296,"val_loss":0.27507123140787854}