{"learning_curves":{"size":60142,"path":"media/images/learning_curves_7_d66ff30a357c771a5a16.png","format":"png","width":1500,"height":500,"_type":"image-file","sha256":"d66ff30a357c771a5a16cc0821ee64e65dc4b2758cbbcb370cbf202fd69b2d87"},"_runtime":5.2868324,"val_accuracy":9.166666666666666,"train_accuracy":10.131481481481481,"sample_images":{"sha256":"77ee7a6052947e5d44d9fa2d7ba2735f1b3e51413e8c4eee21f851f552664b7b","size":31364,"path":"media/images/sample_images_0_77ee7a6052947e5d44d9.png","format":"png","width":1200,"height":600,"_type":"image-file"},"_wandb":{"runtime":5},"train_loss":2.302472947954903,"val_loss":2.302473650526168,"epoch":4,"test_loss":2.302449328231017,"_step":7,"test_accuracy":10,"_timestamp":1.7421360497868834e+09}