{"sample_images":{"size":15278,"path":"media/images/sample_images_0_57b003a7d23e5882d9ff.png","format":"png","width":1200,"height":600,"_type":"image-file","sha256":"57b003a7d23e5882d9ff9f9a6bb1d526260d55d6a1b1981a717e6d9dd04adab5"},"learning_curves":{"height":500,"_type":"image-file","sha256":"aac72117db035cd8563424892863b6c3252fd57fc3dab34927fe71a5d364bce2","size":46034,"path":"media/images/learning_curves_17_aac72117db035cd85634.png","format":"png","width":1500},"_wandb":{"runtime":14},"_timestamp":1.742223393611372e+09,"_step":17,"train_accuracy":95.17407407407407,"val_accuracy":95.03333333333333,"train_loss":0.16916738428579806,"epoch":14,"test_loss":0.1750224267890656,"val_loss":0.17324644990777618,"test_accuracy":94.78999999999999,"_runtime":14.6712421}