{"_runtime":23.4636385,"val_loss":0.12055038465136422,"val_accuracy":96.38333333333333,"_wandb":{"runtime":23},"sample_images":{"path":"media/images/sample_images_0_57b003a7d23e5882d9ff.png","format":"png","width":1200,"height":600,"_type":"image-file","sha256":"57b003a7d23e5882d9ff9f9a6bb1d526260d55d6a1b1981a717e6d9dd04adab5","size":15278},"_timestamp":1.7415895597611053e+09,"test_accuracy":96.41999999999999,"test_loss":0.11669343550651014,"learning_curves":{"path":"media/images/learning_curves_12_868935cbaa29749d8fdf.png","format":"png","width":1500,"height":500,"_type":"image-file","sha256":"868935cbaa29749d8fdf63e03d6b1a16f70ff2b4b81322c66adef4f9608b1453","size":52580},"_step":12,"train_loss":0.15587839409534984,"train_accuracy":96.67777777777778,"epoch":9}