{"sample_images":{"format":"png","width":1200,"height":600,"_type":"image-file","sha256":"57b003a7d23e5882d9ff9f9a6bb1d526260d55d6a1b1981a717e6d9dd04adab5","size":15278,"path":"media/images/sample_images_0_57b003a7d23e5882d9ff.png"},"_wandb":{"runtime":27},"_runtime":27.8775378,"_timestamp":1.7421871233795378e+09,"train_accuracy":97.74259259259259,"test_accuracy":96.77,"train_loss":0.08304069931591243,"val_accuracy":97.03333333333333,"_step":17,"epoch":14,"test_loss":0.10417859123805254,"val_loss":0.1027488557662572,"learning_curves":{"size":53966,"path":"media/images/learning_curves_17_ec3e0c7aa2c4024a2872.png","format":"png","width":1500,"height":500,"_type":"image-file","sha256":"ec3e0c7aa2c4024a2872a77adcfc9f052a8c83a79fe5d981388d3d6eccea9233"}}