{"_wandb":{"runtime":10},"val_loss":0.13090480579130323,"train_loss":0.09927559575513122,"test_accuracy":96.15,"epoch":9,"val_accuracy":96.03333333333333,"train_accuracy":97.06666666666666,"sample_images":{"_type":"image-file","sha256":"57b003a7d23e5882d9ff9f9a6bb1d526260d55d6a1b1981a717e6d9dd04adab5","size":15278,"path":"media/images/sample_images_0_57b003a7d23e5882d9ff.png","format":"png","width":1200,"height":600},"test_loss":0.12373059539368103,"_step":12,"_timestamp":1.7422130662031634e+09,"learning_curves":{"width":1500,"height":500,"_type":"image-file","sha256":"d0be22d097a25188ee8bf230f461de94d4a71c1ac8318135bf220b458caa8650","size":50130,"path":"media/images/learning_curves_12_d0be22d097a25188ee8b.png","format":"png"},"_runtime":10.4553765}