{"test_loss":0.18750097585551362,"_wandb":{"runtime":18},"sample_images":{"width":1200,"height":600,"_type":"image-file","sha256":"57b003a7d23e5882d9ff9f9a6bb1d526260d55d6a1b1981a717e6d9dd04adab5","size":15278,"path":"media/images/sample_images_0_57b003a7d23e5882d9ff.png","format":"png"},"val_accuracy":94.46666666666667,"train_accuracy":94.59814814814816,"_step":17,"_timestamp":1.7415909394970436e+09,"learning_curves":{"path":"media/images/learning_curves_17_aee08deb95fd521e15a0.png","format":"png","width":1500,"height":500,"_type":"image-file","sha256":"aee08deb95fd521e15a0822ba4c44f07c8279925f0301ab65437146101d5bebc","size":46903},"test_accuracy":94.67999999999999,"epoch":14,"val_loss":0.191883034264104,"train_loss":0.39713317081549704,"_runtime":18.7055946}