{"val_accuracy":86.63333333333333,"train_loss":0.34611035258692413,"test_accuracy":85.91,"_step":17,"test_loss":0.3940984147969031,"val_loss":0.3625227996793252,"_wandb":{"runtime":33},"sample_images":{"path":"media/images/sample_images_0_77ee7a6052947e5d44d9.png","format":"png","width":1200,"height":600,"_type":"image-file","sha256":"77ee7a6052947e5d44d9fa2d7ba2735f1b3e51413e8c4eee21f851f552664b7b","size":31364},"learning_curves":{"height":500,"_type":"image-file","sha256":"7023403ad1298918a70867d9a323ebbf049dead7534c1222a92941def199deec","size":53640,"path":"media/images/learning_curves_17_7023403ad1298918a708.png","format":"png","width":1500},"train_accuracy":87.64074074074074,"epoch":14,"_runtime":33.1024964,"_timestamp":1.7422096722702606e+09}