{"val_loss":1.0125612122616359,"train_loss":1.0723377661265754,"_timestamp":1.74158947789506e+09,"_step":12,"sample_images":{"size":15278,"path":"media/images/sample_images_0_57b003a7d23e5882d9ff.png","format":"png","width":1200,"height":600,"_type":"image-file","sha256":"57b003a7d23e5882d9ff9f9a6bb1d526260d55d6a1b1981a717e6d9dd04adab5"},"_wandb":{"runtime":15},"_runtime":15.420924,"learning_curves":{"format":"png","width":1500,"height":500,"_type":"image-file","sha256":"799efa27e9def38e3feeca7cff0e6486f1e894aabfc7d83cf894b4697237fd97","size":59783,"path":"media/images/learning_curves_12_799efa27e9def38e3fee.png"},"epoch":9,"test_accuracy":79.07,"train_accuracy":77.86851851851851,"val_accuracy":77.43333333333334,"test_loss":0.9886479379937683}