{"train_loss":0.12869298622453934,"test_accuracy":96.13000000000001,"val_accuracy":96.06666666666666,"_timestamp":1.7421381505171213e+09,"_wandb":{"runtime":32},"sample_images":{"size":15278,"path":"media/images/sample_images_0_57b003a7d23e5882d9ff.png","format":"png","width":1200,"height":600,"_type":"image-file","sha256":"57b003a7d23e5882d9ff9f9a6bb1d526260d55d6a1b1981a717e6d9dd04adab5"},"epoch":14,"val_loss":0.1430600467746393,"_runtime":32.6587893,"train_accuracy":96.29629629629629,"learning_curves":{"format":"png","width":1500,"height":500,"_type":"image-file","sha256":"7026c8841e4cda7b902eadb58d233f604f6edf851089e30bf2b719985fa96eaf","size":50106,"path":"media/images/learning_curves_17_7026c8841e4cda7b902e.png"},"_step":17,"test_loss":0.1337459260397408}