{"_timestamp":1.7422075270666153e+09,"_runtime":38.3462412,"_wandb":{"runtime":38},"train_accuracy":11.274074074074074,"epoch":14,"test_loss":2.297878862816888,"val_accuracy":10.9,"learning_curves":{"height":500,"_type":"image-file","sha256":"cf8ac8aa328d99a62a8bcf3a3fd35d3de5861705d7e607228053f7d3c03d6186","size":46520,"path":"media/images/learning_curves_17_cf8ac8aa328d99a62a8b.png","format":"png","width":1500},"sample_images":{"sha256":"57b003a7d23e5882d9ff9f9a6bb1d526260d55d6a1b1981a717e6d9dd04adab5","size":15278,"path":"media/images/sample_images_0_57b003a7d23e5882d9ff.png","format":"png","width":1200,"height":600,"_type":"image-file"},"test_accuracy":11.35,"train_loss":2.299491709745438,"_step":17,"val_loss":2.2987021703925685}