{"_runtime":21.7327275,"val_accuracy":86.16666666666667,"val_loss":0.5843611260223754,"test_accuracy":87.08,"test_loss":0.5605843821616628,"learning_curves":{"width":1500,"height":500,"_type":"image-file","sha256":"b87ea94ec0cdfd660e95b41ca76ee705e0b28464c26315930799a5dad6221526","size":56340,"path":"media/images/learning_curves_17_b87ea94ec0cdfd660e95.png","format":"png"},"_wandb":{"runtime":21},"_step":17,"sample_images":{"height":600,"_type":"image-file","sha256":"57b003a7d23e5882d9ff9f9a6bb1d526260d55d6a1b1981a717e6d9dd04adab5","size":15278,"path":"media/images/sample_images_0_57b003a7d23e5882d9ff.png","format":"png","width":1200},"_timestamp":1.7415900826125104e+09,"epoch":14,"train_loss":0.5909350412582611,"train_accuracy":86.25185185185185}