{"test_loss":1.8601258113527461,"_runtime":15.4183802,"test_accuracy":20.01,"train_accuracy":13.316666666666666,"val_loss":1.8619575499336125,"val_accuracy":19.933333333333334,"learning_curves":{"_type":"image-file","sha256":"34f42e96d3b3d1b59225f63344ea63ffbe2b3839f6a2842893c19e1e0b2969af","size":40895,"path":"media/images/learning_curves_7_34f42e96d3b3d1b59225.png","format":"png","width":1500,"height":500},"_step":7,"_wandb":{"runtime":15},"sample_images":{"size":15278,"path":"media/images/sample_images_0_57b003a7d23e5882d9ff.png","format":"png","width":1200,"height":600,"_type":"image-file","sha256":"57b003a7d23e5882d9ff9f9a6bb1d526260d55d6a1b1981a717e6d9dd04adab5"},"_timestamp":1.742222632600857e+09,"epoch":4,"train_loss":2.2610857527417467}