{"val_accuracy":96.2,"_runtime":19.6261245,"_step":7,"train_accuracy":96.02222222222223,"_timestamp":1.7422248417011986e+09,"test_loss":0.13093663277717094,"epoch":4,"train_loss":0.26409537040745973,"test_accuracy":96.2,"sample_images":{"format":"png","width":1200,"height":600,"_type":"image-file","sha256":"57b003a7d23e5882d9ff9f9a6bb1d526260d55d6a1b1981a717e6d9dd04adab5","size":15278,"path":"media/images/sample_images_0_57b003a7d23e5882d9ff.png"},"val_loss":0.12697219469235216,"learning_curves":{"size":46735,"path":"media/images/learning_curves_7_a6c2397bf035ef661c6f.png","format":"png","width":1500,"height":500,"_type":"image-file","sha256":"a6c2397bf035ef661c6f85051d563ec0cdc8cd21a2de05c4d8accb2591314d54"},"_wandb":{"runtime":19}}