{"_runtime":17.788861,"val_accuracy":9.950000000000001,"train_loss":2.3027075325574935,"epoch":9,"_wandb":{"runtime":17},"train_accuracy":9.911111111111111,"sample_images":{"format":"png","width":1200,"height":600,"_type":"image-file","sha256":"77ee7a6052947e5d44d9fa2d7ba2735f1b3e51413e8c4eee21f851f552664b7b","size":31364,"path":"media/images/sample_images_0_77ee7a6052947e5d44d9.png"},"_timestamp":1.7415888054402702e+09,"test_accuracy":10,"val_loss":2.302719135595013,"test_loss":2.302600999525696,"_step":12,"learning_curves":{"height":500,"_type":"image-file","sha256":"91d71c164bb764fe1e8c4d05fe087ee835ee2ba24c95a7f88118e5b892908969","size":71859,"path":"media/images/learning_curves_12_91d71c164bb764fe1e8c.png","format":"png","width":1500}}