{"_runtime":16.3377298,"_step":17,"val_loss":0.19471114289898153,"test_loss":0.19774989260450399,"_timestamp":1.742211342601554e+09,"train_loss":0.19189387124531962,"train_accuracy":94.65,"val_accuracy":94.5,"sample_images":{"_type":"image-file","sha256":"57b003a7d23e5882d9ff9f9a6bb1d526260d55d6a1b1981a717e6d9dd04adab5","size":15278,"path":"media/images/sample_images_0_57b003a7d23e5882d9ff.png","format":"png","width":1200,"height":600},"epoch":14,"test_accuracy":94.19,"learning_curves":{"size":49282,"path":"media/images/learning_curves_17_990070b49cfdce8ed5e4.png","format":"png","width":1500,"height":500,"_type":"image-file","sha256":"990070b49cfdce8ed5e43ce93253181e61d112abfcde495adf96594265b1ae3a"},"_wandb":{"runtime":16}}