{"test_accuracy":93.24,"_wandb":{"runtime":27},"train_loss":0.2327138118501488,"sample_images":{"height":600,"_type":"image-file","sha256":"57b003a7d23e5882d9ff9f9a6bb1d526260d55d6a1b1981a717e6d9dd04adab5","size":15278,"path":"media/images/sample_images_0_57b003a7d23e5882d9ff.png","format":"png","width":1200},"learning_curves":{"sha256":"21857077c02cb67727d3b5cac81921480eee33c821fd3ad88f3a2e73674392ad","size":52864,"path":"media/images/learning_curves_17_21857077c02cb67727d3.png","format":"png","width":1500,"height":500,"_type":"image-file"},"_step":17,"_runtime":27.0727242,"_timestamp":1.7421870897442143e+09,"val_accuracy":93.4,"test_loss":0.24835110738897526,"val_loss":0.24177670254487985,"epoch":14,"train_accuracy":93.56481481481481}