{"_step":7,"sample_images":{"size":15278,"path":"media/images/sample_images_0_57b003a7d23e5882d9ff.png","format":"png","width":1200,"height":600,"_type":"image-file","sha256":"57b003a7d23e5882d9ff9f9a6bb1d526260d55d6a1b1981a717e6d9dd04adab5"},"train_accuracy":90.20555555555556,"test_loss":0.34023434650712686,"_timestamp":1.7422267277663455e+09,"learning_curves":{"path":"media/images/learning_curves_7_d246da9a5f24ffa41c03.png","format":"png","width":1500,"height":500,"_type":"image-file","sha256":"d246da9a5f24ffa41c03714cb81d400744654d006f63df6a4eaef171155f5601","size":58104},"_wandb":{"runtime":7},"epoch":4,"train_loss":0.3603685113877656,"test_accuracy":90.34,"val_accuracy":89.61666666666666,"val_loss":0.34353661877321745,"_runtime":7.5198895}