{"test_accuracy":80.52,"test_loss":0.7025043392729795,"learning_curves":{"height":500,"_type":"image-file","sha256":"e5faea08415c35ff68bb91dd2f610dcfbbe1d5659e51212030cd3cab5cd2cb6d","size":65916,"path":"media/images/learning_curves_17_e5faea08415c35ff68bb.png","format":"png","width":1500},"sample_images":{"_type":"image-file","sha256":"57b003a7d23e5882d9ff9f9a6bb1d526260d55d6a1b1981a717e6d9dd04adab5","size":15278,"path":"media/images/sample_images_0_57b003a7d23e5882d9ff.png","format":"png","width":1200,"height":600},"train_accuracy":82.78518518518518,"val_accuracy":80.81666666666666,"_runtime":99.1557401,"_step":17,"train_loss":1.1103346817707282,"_wandb":{"runtime":99},"_timestamp":1.7422265453223243e+09,"epoch":14,"val_loss":0.6962711367576441}