{"train_loss":0.2807711576212159,"learning_curves":{"format":"png","width":1500,"height":500,"_type":"image-file","sha256":"8a54ef97a8f2ec40a3b2c951e52a12f5adbf8053c6273cc988a6e4a162b68d27","size":49894,"path":"media/images/learning_curves_12_8a54ef97a8f2ec40a3b2.png"},"test_accuracy":92.32000000000001,"val_accuracy":91.91666666666667,"epoch":9,"_step":12,"sample_images":{"height":600,"_type":"image-file","sha256":"57b003a7d23e5882d9ff9f9a6bb1d526260d55d6a1b1981a717e6d9dd04adab5","size":15278,"path":"media/images/sample_images_0_57b003a7d23e5882d9ff.png","format":"png","width":1200},"train_accuracy":92.14074074074074,"_wandb":{"runtime":21},"_timestamp":1.7421428056926415e+09,"_runtime":21.2922311,"val_loss":0.28061404861504835,"test_loss":0.2841180719270039}