{"epoch":14,"test_loss":0.15618972999295286,"val_accuracy":95,"train_loss":0.19603335662946691,"_wandb":{"runtime":79},"_timestamp":1.7422263712083414e+09,"val_loss":0.16783102374417574,"sample_images":{"width":1200,"height":600,"_type":"image-file","sha256":"57b003a7d23e5882d9ff9f9a6bb1d526260d55d6a1b1981a717e6d9dd04adab5","size":15278,"path":"media/images/sample_images_0_57b003a7d23e5882d9ff.png","format":"png"},"learning_curves":{"_type":"image-file","sha256":"b13c2dd5d1bc2256ea106c55638f5cb12cb9fa194f8d3f5ae658f4287685ff90","size":65659,"path":"media/images/learning_curves_17_b13c2dd5d1bc2256ea10.png","format":"png","width":1500,"height":500},"train_accuracy":96.52222222222223,"_step":17,"test_accuracy":95.64,"_runtime":79.3216153}