{"learning_curves":{"_type":"image-file","sha256":"0af9aa8d1a55fb3ae74c6ee38417d75b76df50e7481a5b376d8e1bcc6dfbdbfa","size":70553,"path":"media/images/learning_curves_17_0af9aa8d1a55fb3ae74c.png","format":"png","width":1500,"height":500},"train_accuracy":96.13148148148149,"_wandb":{"runtime":25},"_runtime":25.531613,"test_loss":0.311671383685582,"val_accuracy":95.78333333333333,"test_accuracy":95.8,"_step":17,"train_loss":0.2110415444563006,"val_loss":0.31315338268054516,"sample_images":{"size":15278,"path":"media/images/sample_images_0_57b003a7d23e5882d9ff.png","format":"png","width":1200,"height":600,"_type":"image-file","sha256":"57b003a7d23e5882d9ff9f9a6bb1d526260d55d6a1b1981a717e6d9dd04adab5"},"_timestamp":1.7421399555416908e+09,"epoch":14}