{"test_loss":1.588144645934725,"_wandb":{"runtime":12},"_timestamp":1.7421857066905968e+09,"train_loss":1.6058987372093507,"learning_curves":{"height":500,"_type":"image-file","sha256":"55ccef3138ba5c52030d4a42d7bef17a14d7150bfbbfb4c860007a2dfbbcf959","size":64094,"path":"media/images/learning_curves_17_55ccef3138ba5c52030d.png","format":"png","width":1500},"train_accuracy":50.318518518518516,"_step":17,"val_accuracy":48.8,"test_accuracy":48.96,"sample_images":{"format":"png","width":1200,"height":600,"_type":"image-file","sha256":"77ee7a6052947e5d44d9fa2d7ba2735f1b3e51413e8c4eee21f851f552664b7b","size":31364,"path":"media/images/sample_images_0_77ee7a6052947e5d44d9.png"},"val_loss":1.592490544189349,"epoch":14,"_runtime":12.2869648}