{"_step":7,"val_accuracy":87,"epoch":4,"val_loss":0.3553458434833251,"learning_curves":{"path":"media/images/learning_curves_7_11efe985dad58b7bf0a4.png","format":"png","width":1500,"height":500,"_type":"image-file","sha256":"11efe985dad58b7bf0a427471d2997c7e87c98a7a1dfee1006991ba82a073a08","size":56211},"sample_images":{"_type":"image-file","sha256":"77ee7a6052947e5d44d9fa2d7ba2735f1b3e51413e8c4eee21f851f552664b7b","size":31364,"path":"media/images/sample_images_0_77ee7a6052947e5d44d9.png","format":"png","width":1200,"height":600},"_wandb":{"runtime":13},"_timestamp":1.7422282645211325e+09,"_runtime":13.9165256,"train_loss":0.3557690828876307,"test_loss":0.37941484120036717,"test_accuracy":85.84,"train_accuracy":88.57777777777778}