{"val_accuracy":87.78333333333333,"_wandb":{"runtime":17},"_timestamp":1.7422229217873683e+09,"_step":12,"train_loss":0.5662733839072572,"test_loss":0.43558383329630435,"train_accuracy":86.30555555555556,"epoch":9,"val_loss":0.4150138305446193,"learning_curves":{"sha256":"1639d48e2e6147d7921c535ddc4b69a5b6a600a986a5fcaca4fa7d120ede7690","size":61909,"path":"media/images/learning_curves_12_1639d48e2e6147d7921c.png","format":"png","width":1500,"height":500,"_type":"image-file"},"test_accuracy":87.24,"_runtime":17.8020182,"sample_images":{"sha256":"57b003a7d23e5882d9ff9f9a6bb1d526260d55d6a1b1981a717e6d9dd04adab5","size":15278,"path":"media/images/sample_images_0_57b003a7d23e5882d9ff.png","format":"png","width":1200,"height":600,"_type":"image-file"}}