{"_timestamp":1.7421865492435145e+09,"test_loss":0.68998685299872,"test_accuracy":84.56,"train_loss":8.433371873914608,"_runtime":12.5385017,"sample_images":{"height":600,"_type":"image-file","sha256":"57b003a7d23e5882d9ff9f9a6bb1d526260d55d6a1b1981a717e6d9dd04adab5","size":15278,"path":"media/images/sample_images_0_57b003a7d23e5882d9ff.png","format":"png","width":1200},"_wandb":{"runtime":12},"epoch":4,"val_loss":0.681754096013405,"learning_curves":{"height":500,"_type":"image-file","sha256":"e4a94a592c0b1feeef226a02aae5e5738e6e375652cad92029e0b2a33ae0bee1","size":59100,"path":"media/images/learning_curves_7_e4a94a592c0b1feeef22.png","format":"png","width":1500},"_step":7,"train_accuracy":80.39259259259259,"val_accuracy":84.15}