{"sample_images":{"sha256":"77ee7a6052947e5d44d9fa2d7ba2735f1b3e51413e8c4eee21f851f552664b7b","size":31364,"path":"media/images/sample_images_0_77ee7a6052947e5d44d9.png","format":"png","width":1200,"height":600,"_type":"image-file"},"test_loss":2.3025853896943294,"train_loss":2.302583619487627,"epoch":9,"_step":12,"val_loss":2.3026265422030363,"test_accuracy":10,"_wandb":{"runtime":45},"learning_curves":{"path":"media/images/learning_curves_12_d488bf1532a45e73e55d.png","format":"png","width":1500,"height":500,"_type":"image-file","sha256":"d488bf1532a45e73e55dcc00a047b706c2c5dbc67b58e66f34f80cce3a5ffc7d","size":41932},"_timestamp":1.7421866935287342e+09,"_runtime":45.7277493,"train_accuracy":10.092592592592593,"val_accuracy":9.166666666666666}