{"epoch":4,"test_accuracy":77.79,"_timestamp":1.7421886547576067e+09,"train_loss":1.3027487384331387,"learning_curves":{"size":56948,"path":"media/images/learning_curves_7_3c80dffa09125b6b63f4.png","format":"png","width":1500,"height":500,"_type":"image-file","sha256":"3c80dffa09125b6b63f43309488dbadaa7dd9205341aeac696defa66278be7e0"},"_wandb":{"runtime":12},"sample_images":{"height":600,"_type":"image-file","sha256":"57b003a7d23e5882d9ff9f9a6bb1d526260d55d6a1b1981a717e6d9dd04adab5","size":15278,"path":"media/images/sample_images_0_57b003a7d23e5882d9ff.png","format":"png","width":1200},"_runtime":12.2177828,"val_accuracy":76.85,"_step":7,"val_loss":1.231415326236575,"test_loss":1.2125611256748003,"train_accuracy":75.0925925925926}