{"_step":17,"_timestamp":1.7422239982080767e+09,"_runtime":25.1149937,"test_accuracy":83.12,"sample_images":{"sha256":"77ee7a6052947e5d44d9fa2d7ba2735f1b3e51413e8c4eee21f851f552664b7b","size":31364,"path":"media/images/sample_images_0_77ee7a6052947e5d44d9.png","format":"png","width":1200,"height":600,"_type":"image-file"},"val_accuracy":83.88333333333333,"train_loss":0.4876938517493514,"train_accuracy":84.12777777777778,"epoch":14,"learning_curves":{"width":1500,"height":500,"_type":"image-file","sha256":"a4bd6f20d8ab4036812f815f10cc518dd933b41f42eeb5237828004441ead3a1","size":55756,"path":"media/images/learning_curves_17_a4bd6f20d8ab4036812f.png","format":"png"},"val_loss":0.4651213422788341,"test_loss":0.4895580232142749,"_wandb":{"runtime":25}}