{"_wandb":{"runtime":20},"test_accuracy":85.42999999999999,"_runtime":20.7198829,"learning_curves":{"sha256":"8dd19400d85a8d623f1167ac98286a44f3cb2f86b1c316f9ff857fdc76872ad1","size":53525,"path":"media/images/learning_curves_17_8dd19400d85a8d623f11.png","format":"png","width":1500,"height":500,"_type":"image-file"},"_timestamp":1.7422078142233772e+09,"train_accuracy":87.00740740740741,"sample_images":{"sha256":"77ee7a6052947e5d44d9fa2d7ba2735f1b3e51413e8c4eee21f851f552664b7b","size":31364,"path":"media/images/sample_images_0_77ee7a6052947e5d44d9.png","format":"png","width":1200,"height":600,"_type":"image-file"},"_step":17,"epoch":14,"train_loss":0.3676934725213078,"val_loss":0.3747462791370855,"val_accuracy":86.66666666666667,"test_loss":0.4106085664974092}