{"learning_curves":{"_type":"image-file","sha256":"da2c1b867a8735dc2d2a864b3f811cdbdc32c82e354ae0475f4ada76afdf35dd","size":52885,"path":"media/images/learning_curves_12_da2c1b867a8735dc2d2a.png","format":"png","width":1500,"height":500},"_wandb":{"runtime":33},"sample_images":{"sha256":"57b003a7d23e5882d9ff9f9a6bb1d526260d55d6a1b1981a717e6d9dd04adab5","size":15278,"path":"media/images/sample_images_0_57b003a7d23e5882d9ff.png","format":"png","width":1200,"height":600,"_type":"image-file"},"_timestamp":1.7421883895873675e+09,"_runtime":33.0195304,"epoch":9,"train_loss":0.1938692818068856,"train_accuracy":95.65,"val_accuracy":95.53333333333333,"val_loss":0.15807707887588515,"test_accuracy":95.39999999999999,"_step":12,"test_loss":0.15730822745110515}