{"train_accuracy":98.50555555555556,"test_accuracy":97.37,"_step":17,"val_loss":0.13210334019100797,"_runtime":46.9533592,"train_loss":0.062114333689504225,"_wandb":{"runtime":47},"learning_curves":{"height":500,"_type":"image-file","sha256":"2ac2a0df6d3e2e323918f718c71f92d33c8aa7bf5a967fd83d28c248d3b8a469","size":55674,"path":"media/images/learning_curves_17_2ac2a0df6d3e2e323918.png","format":"png","width":1500},"epoch":14,"sample_images":{"format":"png","width":1200,"height":600,"_type":"image-file","sha256":"57b003a7d23e5882d9ff9f9a6bb1d526260d55d6a1b1981a717e6d9dd04adab5","size":15278,"path":"media/images/sample_images_0_57b003a7d23e5882d9ff.png"},"test_loss":0.1217298711261283,"_timestamp":1.7422148356076102e+09,"val_accuracy":97.25}