{"sample_images":{"path":"media/images/sample_images_0_57b003a7d23e5882d9ff.png","format":"png","width":1200,"height":600,"_type":"image-file","sha256":"57b003a7d23e5882d9ff9f9a6bb1d526260d55d6a1b1981a717e6d9dd04adab5","size":15278},"train_loss":0.027509900015627992,"train_accuracy":99.06481481481481,"learning_curves":{"height":500,"_type":"image-file","sha256":"50964061204947d4d6d4b5d3e6f9b175400ddd72489e99baeed753e30e15570a","size":56980,"path":"media/images/learning_curves_17_50964061204947d4d6d4.png","format":"png","width":1500},"epoch":14,"_timestamp":1.7421865764446561e+09,"_step":17,"val_accuracy":97.31666666666666,"test_accuracy":97.1,"val_loss":0.1367283313304139,"_wandb":{"runtime":18},"_runtime":18.1018191,"test_loss":0.1325038766826808}