{"_timestamp":1.7422242591054013e+09,"val_accuracy":95.39999999999999,"train_loss":0.14768865660036637,"test_loss":0.15911039664574403,"sample_images":{"_type":"image-file","sha256":"57b003a7d23e5882d9ff9f9a6bb1d526260d55d6a1b1981a717e6d9dd04adab5","size":15278,"path":"media/images/sample_images_0_57b003a7d23e5882d9ff.png","format":"png","width":1200,"height":600},"val_loss":0.16075238665589164,"test_accuracy":95.12,"_wandb":{"runtime":13},"_step":17,"_runtime":13.6684733,"epoch":14,"train_accuracy":95.7611111111111,"learning_curves":{"_type":"image-file","sha256":"b935bb60dbab493b12c8717df35cb1555c95ec0a9349a5cda3ea241038d8b035","size":47294,"path":"media/images/learning_curves_17_b935bb60dbab493b12c8.png","format":"png","width":1500,"height":500}}