{"epoch":4,"val_loss":0.1081095275535869,"sample_images":{"sha256":"57b003a7d23e5882d9ff9f9a6bb1d526260d55d6a1b1981a717e6d9dd04adab5","size":15278,"path":"media/images/sample_images_0_57b003a7d23e5882d9ff.png","format":"png","width":1200,"height":600,"_type":"image-file"},"_timestamp":1.7422247139932954e+09,"_step":7,"train_loss":0.08138902226612589,"learning_curves":{"sha256":"146fc32adbdc3e2a2590e1a829ca6f52e3aeaff2eba93bc1223a26e803d1e53b","size":59472,"path":"media/images/learning_curves_7_146fc32adbdc3e2a2590.png","format":"png","width":1500,"height":500,"_type":"image-file"},"_wandb":{"runtime":8},"test_loss":0.11878170491821169,"_runtime":8.8572084,"train_accuracy":97.70555555555556,"test_accuracy":96.82,"val_accuracy":96.96666666666667}