{"val_loss":0.10862664024636044,"sample_images":{"height":600,"_type":"image-file","sha256":"57b003a7d23e5882d9ff9f9a6bb1d526260d55d6a1b1981a717e6d9dd04adab5","size":15278,"path":"media/images/sample_images_0_57b003a7d23e5882d9ff.png","format":"png","width":1200},"train_loss":0.07607019120876236,"test_accuracy":96.73,"epoch":9,"_timestamp":1.7422255641160724e+09,"train_accuracy":97.92222222222222,"_step":12,"learning_curves":{"size":51483,"path":"media/images/learning_curves_12_7ac81bdcdf1c1ddf3fbc.png","format":"png","width":1500,"height":500,"_type":"image-file","sha256":"7ac81bdcdf1c1ddf3fbcaabafaee246871063f9116b0e055857ee88049fae924"},"test_loss":0.12526904705766423,"_wandb":{"runtime":14},"_runtime":14.7462775,"val_accuracy":96.98333333333333}