{"test_loss":0.17810517755183458,"sample_images":{"_type":"image-file","sha256":"57b003a7d23e5882d9ff9f9a6bb1d526260d55d6a1b1981a717e6d9dd04adab5","size":15278,"path":"media/images/sample_images_0_57b003a7d23e5882d9ff.png","format":"png","width":1200,"height":600},"_timestamp":1.742213954522091e+09,"val_loss":0.16890235777063214,"train_accuracy":95.45185185185186,"val_accuracy":95.1,"test_accuracy":95.17,"train_loss":0.1684293334809696,"_step":17,"_wandb":{"runtime":33},"_runtime":33.301515,"learning_curves":{"sha256":"64493de8f52ebf57d350de17be3a3e11b9f2e20d29662f2725ced90c3519e4d3","size":63254,"path":"media/images/learning_curves_17_64493de8f52ebf57d350.png","format":"png","width":1500,"height":500,"_type":"image-file"},"epoch":14}