{"val_loss":0.20074713399376895,"_runtime":10.8772928,"train_accuracy":94.22037037037036,"epoch":9,"_step":12,"learning_curves":{"_type":"image-file","sha256":"9f2227fd11490175dbca25751146bc0723a09d348ef2aa6623fd6fdba1ee7afa","size":46951,"path":"media/images/learning_curves_12_9f2227fd11490175dbca.png","format":"png","width":1500,"height":500},"_timestamp":1.7422100858927398e+09,"_wandb":{"runtime":10},"train_loss":0.2039416380947442,"test_accuracy":94.28999999999999,"sample_images":{"height":600,"_type":"image-file","sha256":"57b003a7d23e5882d9ff9f9a6bb1d526260d55d6a1b1981a717e6d9dd04adab5","size":15278,"path":"media/images/sample_images_0_57b003a7d23e5882d9ff.png","format":"png","width":1200},"val_accuracy":94.51666666666667,"test_loss":0.20186049580241103}