{"train_accuracy":91.72222222222223,"_runtime":26.8071199,"_step":12,"_timestamp":1.742140346231272e+09,"val_loss":0.2710004253508557,"test_accuracy":93.24,"sample_images":{"path":"media/images/sample_images_0_57b003a7d23e5882d9ff.png","format":"png","width":1200,"height":600,"_type":"image-file","sha256":"57b003a7d23e5882d9ff9f9a6bb1d526260d55d6a1b1981a717e6d9dd04adab5","size":15278},"_wandb":{"runtime":26},"val_accuracy":92.9,"epoch":9,"train_loss":0.5201815270623174,"learning_curves":{"width":1500,"height":500,"_type":"image-file","sha256":"bc1cf9a64762cd6bcb9ab6d437bdd0044397a155ac8d5e1748a0d90ec617196e","size":67344,"path":"media/images/learning_curves_12_bc1cf9a64762cd6bcb9a.png","format":"png"},"test_loss":0.2525037359736692}