{"_wandb":{"runtime":9},"_step":7,"_runtime":9.8531952,"learning_curves":{"format":"png","width":1500,"height":500,"_type":"image-file","sha256":"6fe69afb5d264767d00778536029d5a9a626d33d814e2b24e7599d7ad21a0d1a","size":48632,"path":"media/images/learning_curves_7_6fe69afb5d264767d007.png"},"sample_images":{"size":15278,"path":"media/images/sample_images_0_57b003a7d23e5882d9ff.png","format":"png","width":1200,"height":600,"_type":"image-file","sha256":"57b003a7d23e5882d9ff9f9a6bb1d526260d55d6a1b1981a717e6d9dd04adab5"},"_timestamp":1.7421354379127111e+09,"train_accuracy":11.274074074074074,"val_loss":2.3018951663958545,"val_accuracy":10.9,"train_loss":2.30236881113472,"epoch":4,"test_loss":2.3014280487458643,"test_accuracy":11.35}