{"_runtime":34.980633,"val_loss":0.2938568874390764,"train_accuracy":92.4,"train_loss":0.2685948573007746,"learning_curves":{"sha256":"5c6bb96ea2897b4a7ba103244c65cef6de948c44d622478521dd38ae5df84d29","size":67520,"path":"media/images/learning_curves_17_5c6bb96ea2897b4a7ba1.png","format":"png","width":1500,"height":500,"_type":"image-file"},"_step":17,"epoch":14,"test_accuracy":92.07,"_wandb":{"runtime":35},"sample_images":{"sha256":"57b003a7d23e5882d9ff9f9a6bb1d526260d55d6a1b1981a717e6d9dd04adab5","size":15278,"path":"media/images/sample_images_0_57b003a7d23e5882d9ff.png","format":"png","width":1200,"height":600,"_type":"image-file"},"val_accuracy":91.8,"test_loss":0.29533121091143827,"_timestamp":1.742138387756125e+09}