{"_runtime":19.4680811,"sample_images":{"width":1200,"height":600,"_type":"image-file","sha256":"57b003a7d23e5882d9ff9f9a6bb1d526260d55d6a1b1981a717e6d9dd04adab5","size":15278,"path":"media/images/sample_images_0_57b003a7d23e5882d9ff.png","format":"png"},"val_accuracy":91.8,"test_accuracy":92.10000000000001,"_step":17,"val_loss":0.2994886911311137,"train_loss":0.3084736783043744,"test_loss":0.2973126617223239,"_wandb":{"runtime":19},"_timestamp":1.741590369443063e+09,"epoch":14,"learning_curves":{"format":"png","width":1500,"height":500,"_type":"image-file","sha256":"e491063279388fac60ab26efa65b29b1339903e971446caf1d05327b953ac778","size":52934,"path":"media/images/learning_curves_17_e491063279388fac60ab.png"},"train_accuracy":91.67962962962963}