{"learning_curves":{"size":45286,"path":"media/images/learning_curves_7_d276656352246f2c3a2a.png","format":"png","width":1500,"height":500,"_type":"image-file","sha256":"d276656352246f2c3a2aa067e01ce54555b6fc187755d3205573c2c065d8c5aa"},"_wandb":{"runtime":33},"_runtime":33.754413,"_step":7,"test_loss":0.2100186415629265,"epoch":4,"train_loss":0.5500711963882353,"sample_images":{"width":1200,"height":600,"_type":"image-file","sha256":"57b003a7d23e5882d9ff9f9a6bb1d526260d55d6a1b1981a717e6d9dd04adab5","size":15278,"path":"media/images/sample_images_0_57b003a7d23e5882d9ff.png","format":"png"},"_timestamp":1.742227000248018e+09,"val_loss":0.21506171959679685,"train_accuracy":92.00370370370369,"val_accuracy":93.76666666666667,"test_accuracy":93.71000000000001}