{"train_accuracy":99.29259259259258,"learning_curves":{"sha256":"b8b0b43ff3211ad17542fc333f1490c0e91ffbff75d538a9f4e545c140564ead","size":56689,"path":"media/images/learning_curves_17_b8b0b43ff3211ad17542.png","format":"png","width":1500,"height":500,"_type":"image-file"},"_step":17,"epoch":14,"test_loss":0.11897249626503076,"_wandb":{"runtime":43},"train_loss":0.02106754215523783,"val_loss":0.12216486058973584,"test_accuracy":97.24000000000001,"_runtime":43.2109032,"_timestamp":1.7421886031767712e+09,"val_accuracy":97.41666666666666,"sample_images":{"size":15278,"path":"media/images/sample_images_0_57b003a7d23e5882d9ff.png","format":"png","width":1200,"height":600,"_type":"image-file","sha256":"57b003a7d23e5882d9ff9f9a6bb1d526260d55d6a1b1981a717e6d9dd04adab5"}}