{"test_loss":2.302138168402854,"train_loss":2.3022755909094292,"val_accuracy":10.9,"_wandb":{"runtime":12},"_step":7,"test_accuracy":11.35,"learning_curves":{"format":"png","width":1500,"height":500,"_type":"image-file","sha256":"75d12dec55061863e048b84d9403d8a37925849b481e5e81a9450406df0fbba2","size":53853,"path":"media/images/learning_curves_7_75d12dec55061863e048.png"},"train_accuracy":11.274074074074074,"sample_images":{"_type":"image-file","sha256":"57b003a7d23e5882d9ff9f9a6bb1d526260d55d6a1b1981a717e6d9dd04adab5","size":15278,"path":"media/images/sample_images_0_57b003a7d23e5882d9ff.png","format":"png","width":1200,"height":600},"_timestamp":1.7421413241356769e+09,"epoch":4,"val_loss":2.3022819173322113,"_runtime":12.356807}