{"test_accuracy":94.8,"val_loss":0.1916284366191799,"learning_curves":{"path":"media/images/learning_curves_17_e2ccaf6490144455f150.png","format":"png","width":1500,"height":500,"_type":"image-file","sha256":"e2ccaf6490144455f15047b593015cd73cbd9370c31cc8e3fbd82ead4dc2e8fb","size":46535},"_runtime":18.7118811,"_timestamp":1.741590960526979e+09,"_step":17,"epoch":14,"_wandb":{"runtime":18},"val_accuracy":94.66666666666667,"test_loss":0.18693714474784112,"sample_images":{"size":15278,"path":"media/images/sample_images_0_57b003a7d23e5882d9ff.png","format":"png","width":1200,"height":600,"_type":"image-file","sha256":"57b003a7d23e5882d9ff9f9a6bb1d526260d55d6a1b1981a717e6d9dd04adab5"},"train_loss":0.399964144837638,"train_accuracy":94.65925925925926}