{"_step":17,"learning_curves":{"height":500,"_type":"image-file","sha256":"d6ed84e7a89f881cb0270cbb8bae56f42adb7e01f85537218dfae7fcf2edd2d3","size":61151,"path":"media/images/learning_curves_17_d6ed84e7a89f881cb027.png","format":"png","width":1500},"train_accuracy":68.25555555555556,"_runtime":28.7714745,"train_loss":1.388476544731283,"test_loss":1.3524259201750062,"test_accuracy":69.31,"_timestamp":1.7422120098092973e+09,"val_loss":1.3725380282437123,"val_accuracy":68.18333333333332,"_wandb":{"runtime":28},"sample_images":{"size":15278,"path":"media/images/sample_images_0_57b003a7d23e5882d9ff.png","format":"png","width":1200,"height":600,"_type":"image-file","sha256":"57b003a7d23e5882d9ff9f9a6bb1d526260d55d6a1b1981a717e6d9dd04adab5"},"epoch":14}