{"epoch":14,"_wandb":{"runtime":35},"learning_curves":{"size":61980,"path":"media/images/learning_curves_17_1762af63d153ad2225e4.png","format":"png","width":1500,"height":500,"_type":"image-file","sha256":"1762af63d153ad2225e4f459997ad491809700ed4ab00339b759dec77f5681cf"},"_timestamp":1.7422238510596828e+09,"train_loss":2.095729045287322,"sample_images":{"size":15278,"path":"media/images/sample_images_0_57b003a7d23e5882d9ff.png","format":"png","width":1200,"height":600,"_type":"image-file","sha256":"57b003a7d23e5882d9ff9f9a6bb1d526260d55d6a1b1981a717e6d9dd04adab5"},"_runtime":35.0029319,"_step":17,"train_accuracy":20.451851851851853,"test_loss":1.991655617373218,"val_accuracy":20.616666666666667,"val_loss":2.0108719679461666,"test_accuracy":20.97}