{"train_loss":0.10179991050363354,"sample_images":{"format":"png","width":1200,"height":600,"_type":"image-file","sha256":"57b003a7d23e5882d9ff9f9a6bb1d526260d55d6a1b1981a717e6d9dd04adab5","size":15278,"path":"media/images/sample_images_0_57b003a7d23e5882d9ff.png"},"test_loss":0.11686307943490391,"_runtime":27.3239843,"val_accuracy":96.55,"epoch":14,"val_loss":0.11552626479139674,"train_accuracy":97.1925925925926,"learning_curves":{"path":"media/images/learning_curves_17_2ad905117d7930699f49.png","format":"png","width":1500,"height":500,"_type":"image-file","sha256":"2ad905117d7930699f4982a6c73f0a49b243e6bcfd2d3d8ced44df2d2434ceb3","size":46693},"_timestamp":1.7422132248423862e+09,"_wandb":{"runtime":27},"_step":17,"test_accuracy":96.5}