{"epoch":9,"test_accuracy":51.64,"learning_curves":{"format":"png","width":1500,"height":500,"_type":"image-file","sha256":"6a372ea75911d8fbaec17a79444e69833790ce53f37fcc537a4a46d471c278e3","size":59190,"path":"media/images/learning_curves_12_6a372ea75911d8fbaec1.png"},"val_accuracy":51.66666666666667,"_wandb":{"runtime":10},"val_loss":1.675301692775804,"sample_images":{"sha256":"57b003a7d23e5882d9ff9f9a6bb1d526260d55d6a1b1981a717e6d9dd04adab5","size":15278,"path":"media/images/sample_images_0_57b003a7d23e5882d9ff.png","format":"png","width":1200,"height":600,"_type":"image-file"},"_timestamp":1.742223869731086e+09,"_runtime":10.8421957,"test_loss":1.6629094551664902,"train_accuracy":50.3,"train_loss":1.75015057968978,"_step":12}