{"test_loss":0.1683449424331336,"sample_images":{"format":"png","width":1200,"height":600,"_type":"image-file","sha256":"57b003a7d23e5882d9ff9f9a6bb1d526260d55d6a1b1981a717e6d9dd04adab5","size":15278,"path":"media/images/sample_images_0_57b003a7d23e5882d9ff.png"},"learning_curves":{"sha256":"5212ec142870352476f69cf6ab954233ce1a2c8ec5fc617146465b5786c46b6f","size":47473,"path":"media/images/learning_curves_17_5212ec142870352476f6.png","format":"png","width":1500,"height":500,"_type":"image-file"},"_step":17,"_wandb":{"runtime":24},"_timestamp":1.742213987407763e+09,"val_loss":0.1704290948122559,"test_accuracy":95.11,"val_accuracy":95.19999999999999,"_runtime":24.6078429,"epoch":14,"train_loss":0.1612087291682375,"train_accuracy":95.51666666666667}