{"val_accuracy":76.03333333333333,"train_loss":1.3710293274780336,"train_accuracy":79.22222222222223,"test_accuracy":75.72,"epoch":4,"sample_images":{"size":15278,"path":"media/images/sample_images_0_57b003a7d23e5882d9ff.png","format":"png","width":1200,"height":600,"_type":"image-file","sha256":"57b003a7d23e5882d9ff9f9a6bb1d526260d55d6a1b1981a717e6d9dd04adab5"},"_timestamp":1.7421392188515065e+09,"_step":7,"val_loss":0.8245952949145754,"test_loss":0.8114862491801617,"_runtime":6.5329684,"learning_curves":{"sha256":"d96d3c2edb82dbd3f7b4c13d1d6735f4143fed90d616853469db3206f6a82ef1","size":57430,"path":"media/images/learning_curves_7_d96d3c2edb82dbd3f7b4.png","format":"png","width":1500,"height":500,"_type":"image-file"},"_wandb":{"runtime":6}}